step,source,domain,accuracy,loss,f1
10000,WAL,15,0.76,0.953950822353363,0.6933333333333332
10000,WAL,16,0.25925925925925924,2.3663737773895264,0.19625372498935717
10000,WAL,17,0.24528301886792453,3.1306095123291016,0.174303683737646
10000,WAL,18,0.2222222222222222,1.892935872077942,0.08754208754208755
10000,WAL,19,0.37037037037037035,3.323796272277832,0.26581790123456794
10000,WAL,20,0.47058823529411764,1.0724982023239136,0.49183608107489823
10000,WAL,21,0.6808510638297872,1.1166508197784424,0.6766791823112224
10000,WAL,22,0.42592592592592593,1.1850924491882324,0.433398310591293
10000,WAL,23,0.7692307692307693,0.7655324935913086,0.7110536522301227
10000,WAL,24,0.7647058823529411,0.4887160062789917,0.707983193277311
10000,WAL,25,0.6111111111111112,0.8953174948692322,0.5925925925925926
10000,WAL,26,0.5238095238095238,1.282829761505127,0.5337437300501596
10000,WAL,27,0.24074074074074073,2.1399409770965576,0.1564814814814815
10000,WAL,28,0.47619047619047616,0.9774873852729797,0.5338753387533876
10000,WAL,29,0.23809523809523808,2.1554033756256104,0.15594541910331383
10000,WAL,30,0.2,4.366030693054199,0.173015873015873
10000,WAL,31,0.7906976744186046,1.3955421447753906,0.7490558537070166
10000,WAL,32,0.7884615384615384,0.9163758158683777,0.7141372141372142
10000,WAL,33,0.7727272727272727,1.289646863937378,0.7175964187327825
10000,WAL,34,0.5714285714285714,0.9824123978614807,0.43243243243243246
10000,WAL,35,0.8541666666666666,0.8931953310966492,0.7967171717171717
10000,WAL,36,0.20930232558139536,1.9674980640411377,0.1443504815597839
10000,WAL,37,0.8809523809523809,0.2685304880142212,0.8526077097505669
10000,WAL,38,0.6595744680851063,1.4826079607009888,0.5793313069908814
10000,WAL,39,0.48148148148148145,1.369387149810791,0.402432283029298
10000,WAL,40,0.18181818181818182,2.8644490242004395,0.08545454545454546
10000,WAL,41,0.022222222222222223,3.35626220703125,0.04040404040404041
10000,WAL,42,0.13043478260869565,4.6244306564331055,0.037267080745341616
10000,WAL,43,0.5714285714285714,1.7357466220855713,0.5415995705850778
10000,WAL,44,0.30952380952380953,1.1073133945465088,0.30967570441254655
10000,WAL,45,0.36538461538461536,0.998292863368988,0.31004036613792707
10000,WAL,46,0.5833333333333334,1.3052302598953247,0.6203605825698849
10000,WAL,47,0.8409090909090909,0.2756466865539551,0.8377806404122193
10000,WAL,48,0.7916666666666666,0.7448387145996094,0.7573260073260073
10000,WAL,49,0.3018867924528302,2.023644208908081,0.20347989063752908
10000,WAL,50,0.8095238095238095,0.9685273766517639,0.7606060606060606
10000,WAL,51,0.7608695652173914,0.8414469957351685,0.7483468791919831
10000,WAL,52,0.40476190476190477,1.090064287185669,0.44209181958728233
10000,WAL,53,0.5833333333333334,3.990556001663208,0.4298245614035088
10000,WAL,54,0.7857142857142857,1.1111570596694946,0.7543859649122806
10000,WAL,55,0.8163265306122449,0.37095707654953003,0.7639201134999455
10000,WAL,56,0.8095238095238095,0.6023863554000854,0.7606060606060606
10000,WAL,57,0.9285714285714286,0.16447746753692627,0.9251336898395722
10000,WAL,58,0.8157894736842105,0.8695375323295593,0.7651650312221231
10000,WAL,59,0.8372093023255814,0.5519479513168335,0.8010335917312661
10000,WAL,60,0.6170212765957447,1.1894776821136475,0.590738423028786
10000,WAL,61,0.1702127659574468,2.703077554702759,0.10799213302342213
10000,WAL,62,0.2553191489361702,2.457996368408203,0.1225531914893617
10000,WAL,63,0.9285714285714286,0.4630085229873657,0.9300366300366301
10000,WAL,64,0.8333333333333334,0.5803311467170715,0.7777777777777777
10000,WAL,65,0.92,0.26938575506210327,0.9106896551724138
10000,WAL,66,0.7142857142857143,1.442010521888733,0.6230936819172113
10000,WAL,67,0.21428571428571427,2.155704975128174,0.12371946414499604
10000,WAL,68,0.3023255813953488,1.2628227472305298,0.2816192015918418
10000,WAL,69,0.8095238095238095,0.33524438738822937,0.7666666666666667
10000,WAL,70,0.11904761904761904,3.290032148361206,0.03875968992248062
10000,WAL,71,0.9090909090909091,0.41942310333251953,0.8991735537190084
10000,WAL,72,0.7857142857142857,0.452528178691864,0.7846153846153845
10000,WAL,73,0.6585365853658537,1.237430453300476,0.6529080675422139
10000,WAL,74,0.4,3.1112377643585205,0.4977777777777778
10000,WAL,75,0.8333333333333334,0.7261026501655579,0.7777777777777777
20000,WAL,15,0.78,1.9074920415878296,0.7047167325428195
20000,WAL,16,0.7592592592592593,0.5421754121780396,0.764294971855636
20000,WAL,17,0.2830188679245283,2.412904739379883,0.198712189278227
20000,WAL,18,0.7222222222222222,0.5282434821128845,0.7013191414750869
20000,WAL,19,0.2962962962962963,1.783109188079834,0.22785675659238877
20000,WAL,20,0.45098039215686275,1.253001093864441,0.46849673202614384
20000,WAL,21,0.46808510638297873,1.1332367658615112,0.5272688912593484
20000,WAL,22,0.7037037037037037,0.5003760457038879,0.7224015209948713
20000,WAL,23,0.7115384615384616,0.7439086437225342,0.669476494948193
20000,WAL,24,0.6666666666666666,0.7322210669517517,0.6493499750115206
20000,WAL,25,0.7222222222222222,0.908406138420105,0.6598079561042524
20000,WAL,26,0.9047619047619048,0.22879894077777863,0.90291146761735
20000,WAL,27,0.7592592592592593,0.836454451084137,0.6790123456790123
20000,WAL,28,0.6666666666666666,1.0365222692489624,0.6547619047619048
20000,WAL,29,0.23809523809523808,1.7096796035766602,0.17975689574567555
20000,WAL,30,0.36,1.9954540729522705,0.3775490196078431
20000,WAL,31,0.6744186046511628,1.9662507772445679,0.5930232558139535
20000,WAL,32,0.6538461538461539,1.573089361190796,0.6405128205128204
20000,WAL,33,0.75,0.9135129451751709,0.7303430531732418
20000,WAL,34,0.5306122448979592,3.7823731899261475,0.4126984126984127
20000,WAL,35,0.2708333333333333,1.16755211353302,0.25613239247311825
20000,WAL,36,0.16279069767441862,2.986445188522339,0.04558139534883721
20000,WAL,37,0.9523809523809523,0.1185857355594635,0.9523809523809523
20000,WAL,38,0.6595744680851063,2.450483560562134,0.56548463356974
20000,WAL,39,0.6666666666666666,1.0494062900543213,0.5983857949959644
20000,WAL,40,0.75,0.5735167264938354,0.7803030303030302
20000,WAL,41,0.6444444444444445,2.088820457458496,0.524354657687991
20000,WAL,42,0.34782608695652173,1.8327645063400269,0.3965217391304348
20000,WAL,43,0.7380952380952381,1.284963607788086,0.701388888888889
20000,WAL,44,0.9761904761904762,0.12045689672231674,0.9760683760683759
20000,WAL,45,0.9038461538461539,0.21723434329032898,0.9013024013024012
20000,WAL,46,0.8541666666666666,0.516169548034668,0.7967171717171717
20000,WAL,47,0.8636363636363636,0.37875881791114807,0.861274174741667
20000,WAL,48,0.8958333333333334,0.2195686548948288,0.8925438596491229
20000,WAL,49,0.18867924528301888,2.2290561199188232,0.09566783719364641
20000,WAL,50,0.7857142857142857,0.606425940990448,0.7434245840042941
20000,WAL,51,0.8478260869565217,0.35198304057121277,0.8473549602907525
20000,WAL,52,0.8095238095238095,0.6281474232673645,0.7606060606060606
20000,WAL,53,0.5833333333333334,3.0440938472747803,0.4298245614035088
20000,WAL,54,0.6428571428571429,0.8614014983177185,0.6890070921985816
20000,WAL,55,0.673469387755102,0.8788084983825684,0.6207162110127069
20000,WAL,56,0.7857142857142857,0.730461597442627,0.7313974591651542
20000,WAL,57,0.8809523809523809,0.3205392360687256,0.8635477582846003
20000,WAL,58,0.7894736842105263,0.29756733775138855,0.7894736842105263
20000,WAL,59,0.8372093023255814,0.32841354608535767,0.8010335917312661
20000,WAL,60,0.8085106382978723,0.3984740972518921,0.813949254750256
20000,WAL,61,0.3404255319148936,1.7598016262054443,0.3420681230579473
20000,WAL,62,0.8297872340425532,0.4934784173965454,0.848951048951049
20000,WAL,63,0.7857142857142857,0.5304161906242371,0.754948914431673
20000,WAL,64,0.8333333333333334,1.0525877475738525,0.7777777777777777
20000,WAL,65,0.94,0.4930429756641388,0.9350600255427842
20000,WAL,66,0.6666666666666666,1.3866361379623413,0.5490196078431373
20000,WAL,67,0.8333333333333334,0.5604395270347595,0.8234761407175201
20000,WAL,68,0.813953488372093,0.7866201996803284,0.7547568710359408
20000,WAL,69,0.8333333333333334,0.6132433414459229,0.7777777777777777
20000,WAL,70,0.6428571428571429,1.7018110752105713,0.6031746031746031
20000,WAL,71,0.9318181818181818,0.33806413412094116,0.9312619198982837
20000,WAL,72,0.8333333333333334,0.5100945234298706,0.7777777777777777
20000,WAL,73,0.3902439024390244,1.7275526523590088,0.4068972695416855
20000,WAL,74,0.45714285714285713,1.7905138731002808,0.5565217391304348
20000,WAL,75,0.8095238095238095,0.9555659294128418,0.7666666666666667
30000,WAL,15,0.8,1.4483611583709717,0.7151515151515152
30000,WAL,16,0.6851851851851852,0.903249979019165,0.6998963830453746
30000,WAL,17,0.5283018867924528,1.1823179721832275,0.4681237548341732
30000,WAL,18,0.7222222222222222,1.1687421798706055,0.6598079561042524
30000,WAL,19,0.46296296296296297,1.3876169919967651,0.44885803337815716
30000,WAL,20,0.49019607843137253,1.5786021947860718,0.5245593186769657
30000,WAL,21,0.7872340425531915,0.47044846415519714,0.7789961811238408
30000,WAL,22,0.9074074074074074,0.21588291227817535,0.9089537348796607
30000,WAL,23,0.8653846153846154,0.3735002279281616,0.8449603576248313
30000,WAL,24,0.7254901960784313,1.357944130897522,0.6543776869036385
30000,WAL,25,0.7407407407407407,1.3359495401382446,0.6695847362514029
30000,WAL,26,0.6428571428571429,0.9401896595954895,0.6611335289801907
30000,WAL,27,0.7592592592592593,1.4405462741851807,0.6790123456790123
30000,WAL,28,0.8333333333333334,1.1052919626235962,0.7777777777777777
30000,WAL,29,0.35714285714285715,1.4066941738128662,0.3532068654019873
30000,WAL,30,0.64,1.372238278388977,0.6377489177489177
30000,WAL,31,0.6976744186046512,2.1283514499664307,0.6361558338302524
30000,WAL,32,0.7692307692307693,1.4578967094421387,0.7043470043470044
30000,WAL,33,0.8409090909090909,0.3156794309616089,0.7836363636363636
30000,WAL,34,0.6326530612244898,5.836270809173584,0.5319222283507998
30000,WAL,35,0.6666666666666666,0.9326632022857666,0.6452075702075702
30000,WAL,36,0.7674418604651163,1.8417835235595703,0.7506094290868315
30000,WAL,37,0.8571428571428571,0.3583390712738037,0.8353844568130283
30000,WAL,38,0.6595744680851063,3.026158332824707,0.5723404255319149
30000,WAL,39,0.5185185185185185,3.301086664199829,0.4208266237251745
30000,WAL,40,0.7727272727272727,0.7329917550086975,0.7691506948069705
30000,WAL,41,0.4888888888888889,2.5879459381103516,0.4537350910232266
30000,WAL,42,0.8260869565217391,0.9590822458267212,0.7729907773386036
30000,WAL,43,0.7619047619047619,2.183154582977295,0.6917562724014337
30000,WAL,44,0.8571428571428571,0.30624648928642273,0.8641975308641974
30000,WAL,45,0.8653846153846154,0.24920466542243958,0.8568337288845456
30000,WAL,46,0.9166666666666666,0.2250438928604126,0.9184027777777778
30000,WAL,47,0.7954545454545454,0.8512461185455322,0.7840127227479006
30000,WAL,48,0.8125,0.4570600688457489,0.8024296675191817
30000,WAL,49,0.2830188679245283,1.3346468210220337,0.2524860538442881
30000,WAL,50,0.8571428571428571,0.42182767391204834,0.8478448275862069
30000,WAL,51,0.8695652173913043,0.8355017304420471,0.8456112852664578
30000,WAL,52,0.8333333333333334,0.4983557164669037,0.7777777777777777
30000,WAL,53,0.6041666666666666,2.871896505355835,0.4857349223546406
30000,WAL,54,0.8095238095238095,0.9111548662185669,0.7666666666666667
30000,WAL,55,0.6938775510204082,0.552266001701355,0.6667645846217275
30000,WAL,56,0.8333333333333334,1.015023946762085,0.7777777777777777
30000,WAL,57,0.9761904761904762,0.09901991486549377,0.9760683760683759
30000,WAL,58,0.8421052631578947,0.2755841314792633,0.8421052631578947
30000,WAL,59,0.813953488372093,0.5491328239440918,0.7547568710359408
30000,WAL,60,0.7659574468085106,0.6556020975112915,0.7632439099599136
30000,WAL,61,0.7872340425531915,0.8992143273353577,0.7373020990042267
30000,WAL,62,0.46808510638297873,1.898714542388916,0.469100090079803
30000,WAL,63,0.8571428571428571,0.43935784697532654,0.861331569664903
30000,WAL,64,0.9285714285714286,0.1286272257566452,0.9251336898395722
30000,WAL,65,0.9,0.5181565284729004,0.8888337468982631
30000,WAL,66,0.6666666666666666,3.8064935207366943,0.5490196078431373
30000,WAL,67,0.7380952380952381,0.9838939905166626,0.7264957264957265
30000,WAL,68,0.8372093023255814,0.559871256351471,0.8010335917312661
30000,WAL,69,0.8095238095238095,0.5923940539360046,0.7666666666666667
30000,WAL,70,0.7142857142857143,2.2442049980163574,0.6497695852534562
30000,WAL,71,0.9318181818181818,0.21838527917861938,0.9273907910271547
30000,WAL,72,0.9761904761904762,0.10669823735952377,0.9760683760683759
30000,WAL,73,0.8780487804878049,0.2862372398376465,0.876248858745272
30000,WAL,74,0.8,1.3262728452682495,0.711111111111111
30000,WAL,75,0.7380952380952381,0.7950968146324158,0.7367521367521368
40000,WAL,15,0.6,2.333221197128296,0.5437229437229437
40000,WAL,16,0.8518518518518519,0.5419821739196777,0.8452335532830889
40000,WAL,17,0.39622641509433965,2.0443944931030273,0.29462989840348336
40000,WAL,18,0.6111111111111112,1.5567047595977783,0.5652744943525086
40000,WAL,19,0.24074074074074073,2.6961944103240967,0.09342177998894417
40000,WAL,20,0.6666666666666666,0.9118837118148804,0.65709945239357
40000,WAL,21,0.7872340425531915,1.350656509399414,0.7739200515796261
40000,WAL,22,0.7407407407407407,1.3452887535095215,0.6655723905723906
40000,WAL,23,0.7307692307692307,1.0275050401687622,0.65344923394459
40000,WAL,24,0.7058823529411765,0.8584738373756409,0.6708424110384894
40000,WAL,25,0.7037037037037037,1.183619499206543,0.643758573388203
40000,WAL,26,0.5238095238095238,1.8246490955352783,0.5358233497768381
40000,WAL,27,0.7777777777777778,0.5740804672241211,0.7652777777777778
40000,WAL,28,0.8809523809523809,0.33550387620925903,0.8773524720893142
40000,WAL,29,0.16666666666666666,4.432381629943848,0.047619047619047616
40000,WAL,30,0.48,2.536776542663574,0.49925925925925924
40000,WAL,31,0.6744186046511628,2.0689966678619385,0.5930232558139535
40000,WAL,32,0.46153846153846156,2.8660261631011963,0.5197408326440585
40000,WAL,33,0.8181818181818182,0.6245579123497009,0.8004132231404959
40000,WAL,34,0.5714285714285714,1.8868263959884644,0.43243243243243246
40000,WAL,35,0.6666666666666666,1.4435139894485474,0.6183700209643606
40000,WAL,36,0.16279069767441862,2.1255669593811035,0.04558139534883721
40000,WAL,37,0.7857142857142857,0.5499365925788879,0.8077887025255447
40000,WAL,38,0.6382978723404256,1.507077932357788,0.5473327166204133
40000,WAL,39,0.5185185185185185,2.375953435897827,0.4208266237251745
40000,WAL,40,0.6818181818181818,0.6432826519012451,0.7144168962350782
40000,WAL,41,0.7111111111111111,1.3284668922424316,0.647050461975835
40000,WAL,42,0.6304347826086957,1.11847722530365,0.6354060705496308
40000,WAL,43,0.7380952380952381,1.2950373888015747,0.6724726775956283
40000,WAL,44,0.7380952380952381,1.430687427520752,0.7087179487179488
40000,WAL,45,0.75,1.0737338066101074,0.6714285714285714
40000,WAL,46,0.6875,0.9880109429359436,0.6321306939123031
40000,WAL,47,0.75,1.344749927520752,0.7018855218855219
40000,WAL,48,0.7708333333333334,0.4025883376598358,0.7205603038936372
40000,WAL,49,0.22641509433962265,3.495586395263672,0.08359941944847606
40000,WAL,50,0.8333333333333334,0.8432944416999817,0.7777777777777777
40000,WAL,51,0.7608695652173914,1.3730684518814087,0.6972713643178411
40000,WAL,52,0.16666666666666666,2.724440574645996,0.047619047619047616
40000,WAL,53,0.5833333333333334,2.627143383026123,0.4298245614035088
40000,WAL,54,0.7857142857142857,1.2142665386199951,0.7543859649122806
40000,WAL,55,0.5714285714285714,2.5390028953552246,0.5467916896488325
40000,WAL,56,0.8333333333333334,0.9927921295166016,0.7777777777777777
40000,WAL,57,0.8333333333333334,0.6063823699951172,0.7777777777777777
40000,WAL,58,0.8421052631578947,0.6903741359710693,0.792405416724836
40000,WAL,59,0.813953488372093,1.6085230112075806,0.7547568710359408
40000,WAL,60,0.8297872340425532,0.5478408932685852,0.8343183609141056
40000,WAL,61,0.2127659574468085,3.9021618366241455,0.182370820668693
40000,WAL,62,0.574468085106383,1.2235276699066162,0.5577805590321235
40000,WAL,63,0.7857142857142857,1.4360730648040771,0.7363636363636363
40000,WAL,64,0.7857142857142857,1.7829183340072632,0.7434245840042941
40000,WAL,65,0.84,0.5091317892074585,0.7879396551724139
40000,WAL,66,0.6904761904761905,0.9731646180152893,0.6243727598566308
40000,WAL,67,0.8571428571428571,0.3309786319732666,0.8444444444444444
40000,WAL,68,0.813953488372093,0.5433609485626221,0.7842612168193563
40000,WAL,69,0.8333333333333334,1.0008009672164917,0.7777777777777777
40000,WAL,70,0.7619047619047619,1.035600185394287,0.6973886328725039
40000,WAL,71,0.8636363636363636,0.3179571032524109,0.8759090909090909
40000,WAL,72,0.6904761904761905,1.8219497203826904,0.6730864197530865
40000,WAL,73,0.8048780487804879,0.6758443117141724,0.7583148558758316
40000,WAL,74,0.7428571428571429,1.6935793161392212,0.7298245614035087
40000,WAL,75,0.8333333333333334,1.1512837409973145,0.7777777777777777
50000,WAL,15,0.68,1.579890489578247,0.6351515151515151
50000,WAL,16,0.7777777777777778,0.7267246842384338,0.7909286097691894
50000,WAL,17,0.7735849056603774,0.4987736940383911,0.7892398140552366
50000,WAL,18,0.7222222222222222,2.083127737045288,0.6519789889256917
50000,WAL,19,0.7962962962962963,0.8603765964508057,0.7685378560378561
50000,WAL,20,0.7058823529411765,2.001943349838257,0.6407303662205623
50000,WAL,21,0.7659574468085106,0.8210045099258423,0.7184288052373159
50000,WAL,22,0.9074074074074074,0.19517211616039276,0.9079721950689693
50000,WAL,23,0.7115384615384616,1.8599591255187988,0.6442981442981442
50000,WAL,24,0.7450980392156863,1.176645278930664,0.6678550207961973
50000,WAL,25,0.6111111111111112,0.8906201720237732,0.6451536643026003
50000,WAL,26,0.6904761904761905,1.3884003162384033,0.6992443948965688
50000,WAL,27,0.7592592592592593,1.0143312215805054,0.6741390513320338
50000,WAL,28,0.7857142857142857,1.029017686843872,0.7434245840042941
50000,WAL,29,0.16666666666666666,3.5673320293426514,0.047619047619047616
50000,WAL,30,0.66,1.8549847602844238,0.6701052631578946
50000,WAL,31,0.813953488372093,0.6667488217353821,0.774455518641565
50000,WAL,32,0.6730769230769231,1.4880387783050537,0.654882154882155
50000,WAL,33,0.9772727272727273,0.1908758133649826,0.9778236914600551
50000,WAL,34,0.6122448979591837,3.320060968399048,0.5031807317521603
50000,WAL,35,0.6041666666666666,1.4985917806625366,0.5752020202020202
50000,WAL,36,0.16279069767441862,3.3988873958587646,0.04558139534883721
50000,WAL,37,0.8333333333333334,0.5626099705696106,0.8001170960187354
50000,WAL,38,0.5957446808510638,4.6161675453186035,0.44482269503546096
50000,WAL,39,0.5185185185185185,4.317234516143799,0.4208266237251745
50000,WAL,40,0.8409090909090909,0.4219064712524414,0.8029960623180963
50000,WAL,41,0.15555555555555556,3.1548564434051514,0.18937198067632852
50000,WAL,42,0.6086956521739131,1.9361066818237305,0.6212709030100335
50000,WAL,43,0.7619047619047619,0.9084336161613464,0.7222222222222221
50000,WAL,44,0.8095238095238095,1.344302773475647,0.7606060606060606
50000,WAL,45,0.8269230769230769,0.3366495370864868,0.806232666763976
50000,WAL,46,0.8333333333333334,0.5890846848487854,0.8365829346092504
50000,WAL,47,0.7727272727272727,0.8939058184623718,0.746506734006734
50000,WAL,48,0.7708333333333334,1.412227988243103,0.7205603038936372
50000,WAL,49,0.2641509433962264,3.325054883956909,0.15669362084456423
50000,WAL,50,0.8095238095238095,1.1129978895187378,0.7606060606060606
50000,WAL,51,0.7608695652173914,0.9817171692848206,0.7253586645412472
50000,WAL,52,0.7142857142857143,1.2866296768188477,0.6910507792860734
50000,WAL,53,0.5833333333333334,2.6990535259246826,0.4298245614035088
50000,WAL,54,0.6904761904761905,1.4227547645568848,0.6021367521367521
50000,WAL,55,0.7142857142857143,1.730263113975525,0.6530612244897959
50000,WAL,56,0.8333333333333334,1.4867922067642212,0.7777777777777777
50000,WAL,57,0.8333333333333334,0.7703364491462708,0.7777777777777777
50000,WAL,58,0.868421052631579,0.8192614316940308,0.8245614035087719
50000,WAL,59,0.7209302325581395,1.5038304328918457,0.6887298747763865
50000,WAL,60,0.8085106382978723,0.39786508679389954,0.813949254750256
50000,WAL,61,0.7659574468085106,0.7088317275047302,0.7636539976965508
50000,WAL,62,0.723404255319149,0.8399627208709717,0.6901860944414135
50000,WAL,63,0.7619047619047619,1.0690478086471558,0.7187332259796028
50000,WAL,64,0.8333333333333334,0.8718820214271545,0.7777777777777777
50000,WAL,65,0.82,0.5985211730003357,0.7455381400208987
50000,WAL,66,0.6666666666666666,1.472519040107727,0.5490196078431373
50000,WAL,67,0.8571428571428571,0.29435980319976807,0.8392844857241142
50000,WAL,68,0.3023255813953488,2.0071613788604736,0.2816192015918418
50000,WAL,69,0.8333333333333334,0.8267499804496765,0.7777777777777777
50000,WAL,70,0.7142857142857143,2.0240931510925293,0.6747793190416141
50000,WAL,71,0.8181818181818182,0.332693487405777,0.766692789968652
50000,WAL,72,0.8333333333333334,0.7199934720993042,0.7777777777777777
50000,WAL,73,0.8780487804878049,0.21971730887889862,0.8707597420801794
50000,WAL,74,0.6857142857142857,1.798604130744934,0.6857142857142857
50000,WAL,75,0.8095238095238095,1.049863576889038,0.7666666666666667
60000,WAL,15,0.78,1.24058198928833,0.72
60000,WAL,16,0.7592592592592593,0.596823513507843,0.7650363018104954
60000,WAL,17,0.7169811320754716,0.8908898234367371,0.7196360933130377
60000,WAL,18,0.7407407407407407,1.4377533197402954,0.6655723905723906
60000,WAL,19,0.6296296296296297,0.9230360984802246,0.646920086533613
60000,WAL,20,0.7647058823529411,0.5755554437637329,0.7672550359856862
60000,WAL,21,0.7659574468085106,0.9991333484649658,0.7592119779353822
60000,WAL,22,0.5555555555555556,1.016950011253357,0.5366810966810968
60000,WAL,23,0.8653846153846154,0.43266138434410095,0.8617199497417283
60000,WAL,24,0.7254901960784313,1.2463544607162476,0.6543776869036385
60000,WAL,25,0.7407407407407407,1.2681523561477661,0.6655723905723906
60000,WAL,26,0.6190476190476191,1.6476211547851562,0.6501182033096926
60000,WAL,27,0.7592592592592593,1.264312505722046,0.6790123456790123
60000,WAL,28,0.8333333333333334,1.0015692710876465,0.7777777777777777
60000,WAL,29,0.16666666666666666,2.990758180618286,0.047619047619047616
60000,WAL,30,0.76,1.853540062904358,0.6913021181716834
60000,WAL,31,0.6744186046511628,1.4259330034255981,0.5930232558139535
60000,WAL,32,0.5961538461538461,2.1307520866394043,0.5799412676401012
60000,WAL,33,0.8863636363636364,0.24650625884532928,0.8905019445794848
60000,WAL,34,0.6122448979591837,2.7744383811950684,0.5031807317521603
60000,WAL,35,0.16666666666666666,1.7893778085708618,0.0780385270327799
60000,WAL,36,0.627906976744186,0.7626766562461853,0.6186046511627907
60000,WAL,37,0.7857142857142857,1.278550386428833,0.7833675096832993
60000,WAL,38,0.8085106382978723,0.4295159578323364,0.804975450081833
60000,WAL,39,0.18518518518518517,6.787509918212891,0.26271924098011057
60000,WAL,40,0.7954545454545454,1.1558210849761963,0.7611570247933884
60000,WAL,41,0.5555555555555556,3.1746084690093994,0.4643449419568823
60000,WAL,42,0.717391304347826,1.7720082998275757,0.6705895172714395
60000,WAL,43,0.8095238095238095,2.0563888549804688,0.7549707602339181
60000,WAL,44,0.6904761904761905,1.3906973600387573,0.6730864197530865
60000,WAL,45,0.8076923076923077,0.47462600469589233,0.7905982905982907
60000,WAL,46,0.7916666666666666,0.4352128505706787,0.7699652777777778
60000,WAL,47,0.75,0.9743032455444336,0.7018855218855219
60000,WAL,48,0.7916666666666666,0.7921319603919983,0.7573260073260073
60000,WAL,49,0.7547169811320755,0.8011010885238647,0.7547212426621778
60000,WAL,50,0.8333333333333334,0.3993525207042694,0.7777777777777777
60000,WAL,51,0.8695652173913043,0.5727432370185852,0.8625915731067666
60000,WAL,52,0.8095238095238095,0.657069981098175,0.7606060606060606
60000,WAL,53,0.5833333333333334,2.6721668243408203,0.4298245614035088
60000,WAL,54,0.7857142857142857,1.3072752952575684,0.7313974591651542
60000,WAL,55,0.6938775510204082,1.5037355422973633,0.637339380196523
60000,WAL,56,0.8333333333333334,0.6004077792167664,0.7777777777777777
60000,WAL,57,0.9761904761904762,0.10674621909856796,0.9760683760683759
60000,WAL,58,0.8157894736842105,0.5357872247695923,0.7772232304900182
60000,WAL,59,0.7906976744186046,0.49860870838165283,0.7674793094408868
60000,WAL,60,0.851063829787234,0.3987191319465637,0.8435054307394733
60000,WAL,61,0.723404255319149,1.5369744300842285,0.7097551184263349
60000,WAL,62,0.8085106382978723,0.4083617925643921,0.7885291396854763
60000,WAL,63,0.8571428571428571,0.4776358902454376,0.8555258467023175
60000,WAL,64,0.8333333333333334,0.5401279330253601,0.7777777777777777
60000,WAL,65,0.82,0.8849292993545532,0.7455381400208987
60000,WAL,66,0.6666666666666666,2.425675630569458,0.5490196078431373
60000,WAL,67,0.47619047619047616,2.171171188354492,0.5293650793650794
60000,WAL,68,0.6511627906976745,1.0257518291473389,0.63672814755413
60000,WAL,69,0.8333333333333334,1.2623690366744995,0.7777777777777777
60000,WAL,70,0.7380952380952381,1.7738761901855469,0.6688172043010753
60000,WAL,71,0.7954545454545454,1.3249717950820923,0.7625404240028746
60000,WAL,72,0.8333333333333334,0.43799272179603577,0.7777777777777777
60000,WAL,73,0.8536585365853658,0.43460679054260254,0.8426829268292683
60000,WAL,74,0.7714285714285715,1.5795649290084839,0.6967741935483871
60000,WAL,75,0.7857142857142857,0.5195662975311279,0.7846153846153847
70000,WAL,15,0.94,0.1465907245874405,0.9396273291925467
70000,WAL,16,0.7407407407407407,0.751816987991333,0.7136286613410796
70000,WAL,17,0.6415094339622641,1.1046777963638306,0.6543212149102623
70000,WAL,18,0.7407407407407407,1.934393286705017,0.6655723905723906
70000,WAL,19,0.3148148148148148,2.263157367706299,0.2289829512051734
70000,WAL,20,0.5490196078431373,1.9409483671188354,0.5208667895874225
70000,WAL,21,0.8936170212765957,0.22078019380569458,0.8936170212765957
70000,WAL,22,0.8703703703703703,0.3988243341445923,0.8709190672153636
70000,WAL,23,0.7307692307692307,1.2755470275878906,0.657944832944833
70000,WAL,24,0.7254901960784313,1.508054256439209,0.6543776869036385
70000,WAL,25,0.7407407407407407,0.6121432781219482,0.7441584050380347
70000,WAL,26,0.8095238095238095,0.9800882935523987,0.7606060606060606
70000,WAL,27,0.7592592592592593,0.9911598563194275,0.6790123456790123
70000,WAL,28,0.6190476190476191,1.5056750774383545,0.6167848699763593
70000,WAL,29,0.21428571428571427,2.323848009109497,0.13853427895981088
70000,WAL,30,0.74,1.8326741456985474,0.6973770491803277
70000,WAL,31,0.8604651162790697,1.2232027053833008,0.818243785084202
70000,WAL,32,0.75,1.4749276638031006,0.6956043956043956
70000,WAL,33,0.8181818181818182,0.6171300411224365,0.7664017800381437
70000,WAL,34,0.6326530612244898,4.339474201202393,0.5319222283507998
70000,WAL,35,0.7916666666666666,0.5198866724967957,0.7699652777777778
70000,WAL,36,0.16279069767441862,3.147651195526123,0.04558139534883721
70000,WAL,37,0.8571428571428571,0.3148585855960846,0.8353844568130283
70000,WAL,38,0.6595744680851063,2.424591302871704,0.56548463356974
70000,WAL,39,0.5185185185185185,1.9133509397506714,0.4208266237251745
70000,WAL,40,0.8863636363636364,0.27858105301856995,0.8756125851819632
70000,WAL,41,0.5555555555555556,1.4386316537857056,0.5744061302681993
70000,WAL,42,0.6956521739130435,2.0286574363708496,0.6688963210702341
70000,WAL,43,0.7142857142857143,1.4793782234191895,0.6574074074074074
70000,WAL,44,0.7857142857142857,0.5504271388053894,0.7434245840042941
70000,WAL,45,0.8076923076923077,0.3907531201839447,0.7994505494505494
70000,WAL,46,0.6458333333333334,0.9328963160514832,0.6043217535153019
70000,WAL,47,0.7727272727272727,0.8929824829101562,0.7175964187327825
70000,WAL,48,0.75,0.6868427395820618,0.6785714285714285
70000,WAL,49,0.6981132075471698,0.8558622598648071,0.6835424753994764
70000,WAL,50,0.6428571428571429,1.0505141019821167,0.6360153256704981
70000,WAL,51,0.7391304347826086,1.4143973588943481,0.6855322338830585
70000,WAL,52,0.8095238095238095,0.5178572535514832,0.7915824915824915
70000,WAL,53,0.5833333333333334,3.1873300075531006,0.4298245614035088
70000,WAL,54,0.7619047619047619,1.508001685142517,0.7452153110047847
70000,WAL,55,0.7142857142857143,0.9942961931228638,0.6481137909709338
70000,WAL,56,0.8095238095238095,1.178240418434143,0.7606060606060606
70000,WAL,57,0.8333333333333334,0.6255522966384888,0.7777777777777777
70000,WAL,58,0.8421052631578947,0.47738999128341675,0.8355263157894737
70000,WAL,59,0.813953488372093,0.8633750081062317,0.7547568710359408
70000,WAL,60,0.851063829787234,0.6542028188705444,0.8111192630635037
70000,WAL,61,0.46808510638297873,2.3039803504943848,0.5310994143376084
70000,WAL,62,0.8085106382978723,0.6369714140892029,0.7885291396854763
70000,WAL,63,0.8095238095238095,0.6376372575759888,0.7595238095238095
70000,WAL,64,0.8333333333333334,0.9294120073318481,0.7777777777777777
70000,WAL,65,0.82,0.6477511525154114,0.7455381400208987
70000,WAL,66,0.6666666666666666,2.9078848361968994,0.5490196078431373
70000,WAL,67,0.8095238095238095,0.783166229724884,0.7543859649122806
70000,WAL,68,0.813953488372093,1.2976794242858887,0.7547568710359408
70000,WAL,69,0.7619047619047619,1.6532894372940063,0.7261530398322852
70000,WAL,70,0.6904761904761905,1.6523115634918213,0.6482447425070377
70000,WAL,71,0.75,1.0169177055358887,0.7303430531732418
70000,WAL,72,0.5476190476190477,1.6208833456039429,0.5555555555555556
70000,WAL,73,0.8048780487804879,0.44300010800361633,0.7777777777777778
70000,WAL,74,0.8,1.136627435684204,0.711111111111111
70000,WAL,75,0.8571428571428571,0.5660976767539978,0.825
80000,WAL,15,0.64,1.9236029386520386,0.5951515151515152
80000,WAL,16,0.5370370370370371,1.3918870687484741,0.499834950815343
80000,WAL,17,0.7358490566037735,0.5159162282943726,0.7467869838665573
80000,WAL,18,0.7407407407407407,1.3790563344955444,0.6655723905723906
80000,WAL,19,0.8333333333333334,0.427990585565567,0.8269329237071174
80000,WAL,20,0.7254901960784313,1.0262702703475952,0.6804403678682801
80000,WAL,21,0.851063829787234,0.5642659068107605,0.845223195661243
80000,WAL,22,0.8518518518518519,0.43132802844047546,0.8450617283950618
80000,WAL,23,0.75,0.8082548379898071,0.6714285714285714
80000,WAL,24,0.7254901960784313,1.0599637031555176,0.6543776869036385
80000,WAL,25,0.5740740740740741,0.767690122127533,0.5817932410525004
80000,WAL,26,0.8095238095238095,0.6687754988670349,0.753968253968254
80000,WAL,27,0.7592592592592593,0.8675446510314941,0.6790123456790123
80000,WAL,28,0.8333333333333334,1.6682368516921997,0.7777777777777777
80000,WAL,29,0.7619047619047619,1.2627557516098022,0.7261530398322852
80000,WAL,30,0.74,1.0845283269882202,0.65008547008547
80000,WAL,31,0.7441860465116279,1.3814735412597656,0.7008456659619451
80000,WAL,32,0.7692307692307693,1.857662320137024,0.7043470043470044
80000,WAL,33,0.8863636363636364,0.4508990943431854,0.8794626426205373
80000,WAL,34,0.6122448979591837,2.2470312118530273,0.5031807317521603
80000,WAL,35,0.7083333333333334,1.477582335472107,0.6456439393939394
80000,WAL,36,0.7674418604651163,0.657940149307251,0.7220068906115418
80000,WAL,37,0.9523809523809523,0.12532499432563782,0.952864782276547
80000,WAL,38,0.6170212765957447,1.5345348119735718,0.4969624322336339
80000,WAL,39,0.5185185185185185,3.6656432151794434,0.4208266237251745
80000,WAL,40,0.7954545454545454,0.8115056753158569,0.7544030044030045
80000,WAL,41,0.6444444444444445,2.7896430492401123,0.5381818181818182
80000,WAL,42,0.7391304347826086,1.8865104913711548,0.6874340607474041
80000,WAL,43,0.5952380952380952,2.7841382026672363,0.5606060606060607
80000,WAL,44,0.8333333333333334,0.5520338416099548,0.7777777777777777
80000,WAL,45,0.7884615384615384,0.8615938425064087,0.7461538461538463
80000,WAL,46,0.875,0.29957225918769836,0.8811598124098124
80000,WAL,47,0.5909090909090909,1.3090332746505737,0.6085350790513835
80000,WAL,48,0.875,0.1922501176595688,0.875
80000,WAL,49,0.4716981132075472,1.8981002569198608,0.45182389937106915
80000,WAL,50,0.7380952380952381,0.7084503769874573,0.7087179487179488
80000,WAL,51,0.6956521739130435,1.7951604127883911,0.6370634354953671
80000,WAL,52,0.7380952380952381,0.6279347538948059,0.741146761734997
80000,WAL,53,0.8125,0.5128796100616455,0.7805836139169472
80000,WAL,54,0.7857142857142857,1.4457762241363525,0.7313974591651542
80000,WAL,55,0.7755102040816326,0.4932749569416046,0.7564945978391356
80000,WAL,56,0.8333333333333334,1.426639199256897,0.7777777777777777
80000,WAL,57,0.8333333333333334,0.46845313906669617,0.7777777777777777
80000,WAL,58,0.8157894736842105,0.4939996898174286,0.7651650312221231
80000,WAL,59,0.813953488372093,1.3166124820709229,0.7547568710359408
80000,WAL,60,0.8297872340425532,0.7386903762817383,0.8150154022494449
80000,WAL,61,0.7446808510638298,1.4030773639678955,0.718494271685761
80000,WAL,62,0.9361702127659575,0.16198518872261047,0.9372429822993027
80000,WAL,63,0.7142857142857143,0.6941768527030945,0.6854256854256854
80000,WAL,64,0.8333333333333334,0.4266030788421631,0.7777777777777777
80000,WAL,65,0.92,0.5274980068206787,0.9106896551724138
80000,WAL,66,0.6666666666666666,2.13326096534729,0.5490196078431373
80000,WAL,67,0.42857142857142855,2.4439587593078613,0.5055555555555555
80000,WAL,68,0.8372093023255814,0.6723538637161255,0.8010335917312661
80000,WAL,69,0.8333333333333334,1.1816834211349487,0.7777777777777777
80000,WAL,70,0.7857142857142857,1.0558772087097168,0.7417516772355481
80000,WAL,71,0.9090909090909091,0.2104979008436203,0.8939655172413793
80000,WAL,72,0.7380952380952381,1.2198798656463623,0.7087179487179488
80000,WAL,73,0.5365853658536586,0.922170102596283,0.5850770106447146
80000,WAL,74,0.8,0.9736142754554749,0.711111111111111
80000,WAL,75,0.8333333333333334,0.8624272346496582,0.7777777777777777
90000,WAL,15,0.68,0.9990603923797607,0.6410445468509984
90000,WAL,16,0.7037037037037037,1.6514447927474976,0.6381983960600314
90000,WAL,17,0.41509433962264153,1.6459815502166748,0.4043126684636119
90000,WAL,18,0.6481481481481481,2.8653368949890137,0.5953909465020577
90000,WAL,19,0.4074074074074074,2.3629300594329834,0.3601705153429292
90000,WAL,20,0.5490196078431373,1.4145556688308716,0.5417123371087565
90000,WAL,21,0.723404255319149,1.866309642791748,0.6621391217135898
90000,WAL,22,0.6851851851851852,1.8208853006362915,0.6241966474524614
90000,WAL,23,0.75,2.0770840644836426,0.6714285714285714
90000,WAL,24,0.7450980392156863,0.5940496921539307,0.7166149157610258
90000,WAL,25,0.7037037037037037,1.8750720024108887,0.6381983960600314
90000,WAL,26,0.7619047619047619,1.7486982345581055,0.7261530398322852
90000,WAL,27,0.7222222222222222,1.9149764776229858,0.6844070961718022
90000,WAL,28,0.8095238095238095,1.5102721452713013,0.7606060606060606
90000,WAL,29,0.19047619047619047,2.8818140029907227,0.09458812260536399
90000,WAL,30,0.46,3.0014426708221436,0.4717433283358321
90000,WAL,31,0.6744186046511628,1.6207984685897827,0.5930232558139535
90000,WAL,32,0.4807692307692308,2.3911848068237305,0.5343079080806992
90000,WAL,33,0.8636363636363636,0.3872840702533722,0.85
90000,WAL,34,0.6122448979591837,3.225874185562134,0.5031807317521603
90000,WAL,35,0.7083333333333334,1.5796294212341309,0.6456439393939394
90000,WAL,36,0.16279069767441862,3.243863105773926,0.04558139534883721
90000,WAL,37,0.7857142857142857,0.613961935043335,0.7678286625655046
90000,WAL,38,0.7021276595744681,0.889256477355957,0.6249917660233186
90000,WAL,39,0.7407407407407407,1.2388205528259277,0.6435891228919551
90000,WAL,40,0.6818181818181818,1.3704702854156494,0.6986000354421407
90000,WAL,41,0.7111111111111111,2.125044107437134,0.6319760754543364
90000,WAL,42,0.3695652173913043,2.279836654663086,0.4202757158006363
90000,WAL,43,0.7857142857142857,2.864084482192993,0.7116402116402115
90000,WAL,44,0.8333333333333334,1.5949510335922241,0.7777777777777777
90000,WAL,45,0.3076923076923077,2.9119608402252197,0.2434088899606141
90000,WAL,46,0.5,1.8660024404525757,0.4944688109161793
90000,WAL,47,0.7727272727272727,1.395093321800232,0.7175964187327825
90000,WAL,48,0.75,1.703144907951355,0.6785714285714285
90000,WAL,49,0.3584905660377358,1.2793800830841064,0.37158568401631664
90000,WAL,50,0.7619047619047619,1.0579293966293335,0.7261530398322852
90000,WAL,51,0.782608695652174,0.5163978934288025,0.7477203383953955
90000,WAL,52,0.6904761904761905,1.3418736457824707,0.6764102564102564
90000,WAL,53,0.5833333333333334,3.275815963745117,0.4298245614035088
90000,WAL,54,0.7857142857142857,0.965752363204956,0.7313974591651542
90000,WAL,55,0.6938775510204082,2.451402425765991,0.6345305147148464
90000,WAL,56,0.8095238095238095,1.5905946493148804,0.7606060606060606
90000,WAL,57,0.8095238095238095,0.9620196223258972,0.7606060606060606
90000,WAL,58,0.868421052631579,1.052498698234558,0.8245614035087719
90000,WAL,59,0.813953488372093,1.5555907487869263,0.7547568710359408
90000,WAL,60,0.8936170212765957,0.4715200364589691,0.8792893473744536
90000,WAL,61,0.6808510638297872,1.6092568635940552,0.6963466237558853
90000,WAL,62,0.7659574468085106,0.9696587324142456,0.7184288052373159
90000,WAL,63,0.7857142857142857,1.1510238647460938,0.7363636363636363
90000,WAL,64,0.8333333333333334,1.2625871896743774,0.7777777777777777
90000,WAL,65,0.88,0.6964514255523682,0.8560229885057471
90000,WAL,66,0.6666666666666666,2.8292946815490723,0.5490196078431373
90000,WAL,67,0.8333333333333334,0.8487847447395325,0.7716374269005848
90000,WAL,68,0.813953488372093,1.288555383682251,0.7547568710359408
90000,WAL,69,0.8333333333333334,1.3479057550430298,0.7777777777777777
90000,WAL,70,0.6904761904761905,1.6119627952575684,0.6277915632754342
90000,WAL,71,0.7954545454545454,1.0128604173660278,0.733201581027668
90000,WAL,72,0.7619047619047619,1.9474472999572754,0.7261530398322852
90000,WAL,73,0.9024390243902439,0.275860458612442,0.8987804878048781
90000,WAL,74,0.8,1.546080231666565,0.711111111111111
90000,WAL,75,0.8095238095238095,1.3090170621871948,0.7606060606060606
100000,WAL,15,0.6,0.6728271245956421,0.5888888888888889
100000,WAL,16,0.7037037037037037,0.9536119103431702,0.7003873612669909
100000,WAL,17,0.49056603773584906,1.7309449911117554,0.4124602293747688
100000,WAL,18,0.6666666666666666,1.919811725616455,0.6099392619000462
100000,WAL,19,0.8888888888888888,0.2956583499908447,0.8934472934472935
100000,WAL,20,0.13725490196078433,3.4135024547576904,0.04732927653820149
100000,WAL,21,0.6382978723404256,1.3354185819625854,0.6045998358162756
100000,WAL,22,0.7037037037037037,0.8301558494567871,0.6381983960600314
100000,WAL,23,0.7884615384615384,0.6541610956192017,0.7461538461538463
100000,WAL,24,0.7254901960784313,0.9190374612808228,0.6543776869036385
100000,WAL,25,0.6851851851851852,0.9470509886741638,0.6428357650579873
100000,WAL,26,0.5238095238095238,1.6200525760650635,0.5583935328517372
100000,WAL,27,0.8148148148148148,0.9932101964950562,0.7826646090534979
100000,WAL,28,0.8095238095238095,1.7918381690979004,0.7606060606060606
100000,WAL,29,0.19047619047619047,1.943098545074463,0.09458812260536399
100000,WAL,30,0.72,1.025052547454834,0.7121379310344829
100000,WAL,31,0.6976744186046512,1.1888623237609863,0.6434108527131782
100000,WAL,32,0.7884615384615384,0.7345260381698608,0.7141372141372142
100000,WAL,33,0.9090909090909091,0.21650290489196777,0.9121671258034895
100000,WAL,34,0.42857142857142855,2.445549964904785,0.3582089552238806
100000,WAL,35,0.8541666666666666,0.5446258187294006,0.7967171717171717
100000,WAL,36,0.3488372093023256,3.553410053253174,0.3436692506459948
100000,WAL,37,0.7857142857142857,0.4713260531425476,0.8050012457813315
100000,WAL,38,0.6170212765957447,2.355215311050415,0.4969624322336339
100000,WAL,39,0.5370370370370371,1.842494010925293,0.4552181581167089
100000,WAL,40,0.36363636363636365,1.2083446979522705,0.4102198455139632
100000,WAL,41,0.6666666666666666,1.7323793172836304,0.6087045570916538
100000,WAL,42,0.17391304347826086,3.3476951122283936,0.15304347826086956
100000,WAL,43,0.8095238095238095,0.5845113396644592,0.7370218579234973
100000,WAL,44,0.21428571428571427,2.0425522327423096,0.13853427895981088
100000,WAL,45,0.8461538461538461,0.4222588539123535,0.8202973497091145
100000,WAL,46,0.6041666666666666,0.7410016655921936,0.6355114419630549
100000,WAL,47,0.8409090909090909,0.39747142791748047,0.8388906547997457
100000,WAL,48,0.9166666666666666,0.2639005482196808,0.9175084175084175
100000,WAL,49,0.3584905660377358,1.9145699739456177,0.332973944294699
100000,WAL,50,0.7857142857142857,0.7418609857559204,0.7434245840042941
100000,WAL,51,0.717391304347826,1.1358734369277954,0.6787700140684665
100000,WAL,52,0.6666666666666666,0.7782678008079529,0.6825396825396824
100000,WAL,53,0.75,2.244927167892456,0.6785714285714285
100000,WAL,54,0.42857142857142855,1.7831037044525146,0.48323013415892674
100000,WAL,55,0.673469387755102,1.6665594577789307,0.6207162110127069
100000,WAL,56,0.9523809523809523,0.11468739807605743,0.9492337164750959
100000,WAL,57,0.35714285714285715,1.6151018142700195,0.36524390243902444
100000,WAL,58,0.8157894736842105,1.378053903579712,0.7553925798101812
100000,WAL,59,0.813953488372093,0.7225441932678223,0.7547568710359408
100000,WAL,60,0.6808510638297872,1.284652829170227,0.7073586501893625
100000,WAL,61,0.40425531914893614,2.2719621658325195,0.4645656694928811
100000,WAL,62,0.574468085106383,1.0208483934402466,0.5577805590321235
100000,WAL,63,0.8333333333333334,0.4707009792327881,0.8312834224598931
100000,WAL,64,0.9047619047619048,0.40897154808044434,0.8962962962962964
100000,WAL,65,0.9,0.7101462483406067,0.8845623342175066
100000,WAL,66,0.6666666666666666,3.856163501739502,0.5490196078431373
100000,WAL,67,0.8571428571428571,0.6889481544494629,0.8444444444444444
100000,WAL,68,0.8604651162790697,0.42910075187683105,0.8547568710359407
100000,WAL,69,0.8333333333333334,0.5329155921936035,0.7777777777777777
100000,WAL,70,0.7619047619047619,2.743290424346924,0.7341033283656235
100000,WAL,71,0.9772727272727273,0.13057167828083038,0.977361853832442
100000,WAL,72,0.7380952380952381,1.09385085105896,0.7087179487179488
100000,WAL,73,0.7560975609756098,0.5898997783660889,0.7528995394849054
100000,WAL,74,0.6571428571428571,1.7947626113891602,0.6344827586206897
100000,WAL,75,0.6904761904761905,1.0412663221359253,0.6924228811021264
110000,WAL,15,0.6,2.5406975746154785,0.5437229437229437
110000,WAL,16,0.2777777777777778,2.0363597869873047,0.1654320987654321
110000,WAL,17,0.7169811320754716,0.7087502479553223,0.7396683163705313
110000,WAL,18,0.7222222222222222,1.2827019691467285,0.676224808070183
110000,WAL,19,0.24074074074074073,2.6904993057250977,0.09342177998894417
110000,WAL,20,0.5882352941176471,1.7129688262939453,0.5531643551729636
110000,WAL,21,0.6808510638297872,2.424213409423828,0.6821868879613474
110000,WAL,22,0.24074074074074073,4.107340335845947,0.09342177998894417
110000,WAL,23,0.7115384615384616,0.6048439741134644,0.7052008173331703
110000,WAL,24,0.7058823529411765,0.8669851422309875,0.6475209612464514
110000,WAL,25,0.5370370370370371,1.313437581062317,0.5184842566896222
110000,WAL,26,0.42857142857142855,1.9259098768234253,0.43747188484030586
110000,WAL,27,0.7222222222222222,0.8216323256492615,0.716829109811566
110000,WAL,28,0.8333333333333334,0.9470629692077637,0.7777777777777777
110000,WAL,29,0.16666666666666666,4.153993606567383,0.047619047619047616
110000,WAL,30,0.64,1.3875735998153687,0.6594708994708995
110000,WAL,31,0.813953488372093,1.425644040107727,0.7699335548172757
110000,WAL,32,0.5961538461538461,2.0550899505615234,0.6020185488270594
110000,WAL,33,0.25,1.393885612487793,0.1787878787878788
110000,WAL,34,0.40816326530612246,3.0702271461486816,0.3463203463203463
110000,WAL,35,0.7708333333333334,0.5581838488578796,0.8013492063492064
110000,WAL,36,0.16279069767441862,4.248453140258789,0.04558139534883721
110000,WAL,37,0.6428571428571429,0.8324843645095825,0.6969009826152683
110000,WAL,38,0.6170212765957447,2.883174419403076,0.4969624322336339
110000,WAL,39,0.5370370370370371,2.843266725540161,0.4552181581167089
110000,WAL,40,0.7727272727272727,0.7112743258476257,0.7628787878787879
110000,WAL,41,0.6222222222222222,1.571049451828003,0.5722585330428468
110000,WAL,42,0.7391304347826086,1.449344515800476,0.7490237899917965
110000,WAL,43,0.7857142857142857,1.6392399072647095,0.7531986531986531
110000,WAL,44,0.16666666666666666,4.184258937835693,0.047619047619047616
110000,WAL,45,0.7115384615384616,1.7348921298980713,0.6442981442981442
110000,WAL,46,0.5625,0.939710795879364,0.6182748538011695
110000,WAL,47,0.1590909090909091,5.414938926696777,0.04367201426024956
110000,WAL,48,0.75,1.0403835773468018,0.6785714285714285
110000,WAL,49,0.2641509433962264,2.298165798187256,0.15669362084456423
110000,WAL,50,0.7619047619047619,0.8101121187210083,0.7261530398322852
110000,WAL,51,0.7608695652173914,1.1096190214157104,0.7253586645412472
110000,WAL,52,0.35714285714285715,1.2192109823226929,0.3532068654019873
110000,WAL,53,0.5833333333333334,4.018642902374268,0.4298245614035088
110000,WAL,54,0.7380952380952381,1.2999213933944702,0.6745218579234973
110000,WAL,55,0.7551020408163265,0.5948665738105774,0.766630447152507
110000,WAL,56,0.9285714285714286,0.14185623824596405,0.9257294429708223
110000,WAL,57,0.8095238095238095,1.0396267175674438,0.7606060606060606
110000,WAL,58,0.868421052631579,0.834138035774231,0.8245614035087719
110000,WAL,59,0.7674418604651163,1.1111607551574707,0.7220068906115418
110000,WAL,60,0.851063829787234,0.6732268929481506,0.8306990881458967
110000,WAL,61,0.3829787234042553,3.332594871520996,0.43999014211780174
110000,WAL,62,0.3617021276595745,1.301833987236023,0.32682688718522984
110000,WAL,63,0.4523809523809524,1.1861884593963623,0.4731481481481482
110000,WAL,64,0.7380952380952381,1.9214849472045898,0.7087179487179488
110000,WAL,65,0.84,0.5522783398628235,0.7879396551724139
110000,WAL,66,0.6666666666666666,4.2566118240356445,0.5490196078431373
110000,WAL,67,0.8333333333333334,0.6642776727676392,0.8027011974380395
110000,WAL,68,0.7906976744186046,0.8833869099617004,0.7384134571192206
110000,WAL,69,0.8333333333333334,1.4141019582748413,0.7777777777777777
110000,WAL,70,0.7380952380952381,2.0354902744293213,0.6930596285434996
110000,WAL,71,0.5681818181818182,1.1200915575027466,0.5655168283626781
110000,WAL,72,0.7380952380952381,1.4473931789398193,0.7087179487179488
110000,WAL,73,0.7073170731707317,0.7610131502151489,0.7357026713124275
110000,WAL,74,0.02857142857142857,3.085228204727173,0.04444444444444444
110000,WAL,75,0.6190476190476191,1.1870815753936768,0.6355311355311356
120000,WAL,15,0.64,1.0810246467590332,0.5951515151515152
120000,WAL,16,0.6111111111111112,1.2159810066223145,0.5867950016886186
120000,WAL,17,0.5471698113207547,1.3737232685089111,0.5171382446632169
120000,WAL,18,0.7037037037037037,1.0681015253067017,0.6381983960600314
120000,WAL,19,0.8703703703703703,0.6898665428161621,0.8602398251521058
120000,WAL,20,0.21568627450980393,2.3813564777374268,0.10322289835474419
120000,WAL,21,0.40425531914893614,1.6363106966018677,0.4415947862756374
120000,WAL,22,0.7592592592592593,0.694767415523529,0.7161588517910358
120000,WAL,23,0.75,0.6297010779380798,0.6973526473526473
120000,WAL,24,0.7450980392156863,1.4205130338668823,0.6678550207961973
120000,WAL,25,0.5740740740740741,1.0211762189865112,0.5769724324085137
120000,WAL,26,0.7857142857142857,1.3944395780563354,0.7434245840042941
120000,WAL,27,0.8518518518518519,0.5806298851966858,0.8363592350520456
120000,WAL,28,0.8095238095238095,1.7114648818969727,0.7606060606060606
120000,WAL,29,0.19047619047619047,2.5419631004333496,0.09458812260536399
120000,WAL,30,0.56,2.020824670791626,0.5678205128205128
120000,WAL,31,0.7674418604651163,0.29120683670043945,0.7393098274568642
120000,WAL,32,0.5961538461538461,1.938419222831726,0.6102097902097902
120000,WAL,33,0.9318181818181818,0.16331636905670166,0.9273907910271547
120000,WAL,34,0.46938775510204084,2.335336923599243,0.38095238095238093
120000,WAL,35,0.14583333333333334,3.104869842529297,0.03712121212121212
120000,WAL,36,0.20930232558139536,4.518618106842041,0.13430232558139535
120000,WAL,37,0.8571428571428571,0.3932032883167267,0.8310359231411862
120000,WAL,38,0.6170212765957447,4.943869113922119,0.4969624322336339
120000,WAL,39,0.5185185185185185,5.163849830627441,0.4208266237251745
120000,WAL,40,0.8409090909090909,1.282658576965332,0.7786084529505582
120000,WAL,41,0.6444444444444445,1.4343305826187134,0.59840232389252
120000,WAL,42,0.3695652173913043,3.0731639862060547,0.4202757158006363
120000,WAL,43,0.7857142857142857,2.408050298690796,0.7407407407407407
120000,WAL,44,0.8333333333333334,0.5901063084602356,0.7777777777777777
120000,WAL,45,0.7307692307692307,1.464690923690796,0.657944832944833
120000,WAL,46,0.9375,0.21397905051708221,0.9389386189258312
120000,WAL,47,0.38636363636363635,1.760566234588623,0.38925195472050417
120000,WAL,48,0.7708333333333334,0.9478912353515625,0.7205603038936372
120000,WAL,49,0.2641509433962264,2.784043788909912,0.15669362084456423
120000,WAL,50,0.7619047619047619,1.235046625137329,0.7261530398322852
120000,WAL,51,0.7608695652173914,0.5673096179962158,0.7286669851887243
120000,WAL,52,0.7857142857142857,0.5985073447227478,0.7755980861244018
120000,WAL,53,0.5833333333333334,3.8874924182891846,0.4298245614035088
120000,WAL,54,0.7619047619047619,1.0629483461380005,0.6910394265232975
120000,WAL,55,0.6938775510204082,0.6232378482818604,0.7000812903777864
120000,WAL,56,0.7142857142857143,1.6182698011398315,0.646594982078853
120000,WAL,57,0.7857142857142857,0.6197463274002075,0.7434245840042941
120000,WAL,58,0.8947368421052632,0.37168368697166443,0.8823155066349259
120000,WAL,59,0.7906976744186046,2.077310085296631,0.7384134571192206
120000,WAL,60,0.6170212765957447,0.8586230278015137,0.6648165279062597
120000,WAL,61,0.2765957446808511,2.4208807945251465,0.2439716312056738
120000,WAL,62,0.6808510638297872,2.222900152206421,0.6339235039244729
120000,WAL,63,0.9047619047619048,0.3371841013431549,0.8998015873015872
120000,WAL,64,0.8333333333333334,1.0919382572174072,0.7777777777777777
120000,WAL,65,0.86,0.4148719310760498,0.8242087167559916
120000,WAL,66,0.6666666666666666,3.0990121364593506,0.5490196078431373
120000,WAL,67,0.8095238095238095,0.4508579671382904,0.764799635701275
120000,WAL,68,0.813953488372093,1.5521243810653687,0.7547568710359408
120000,WAL,69,0.8095238095238095,1.2197147607803345,0.7666666666666667
120000,WAL,70,0.7380952380952381,1.2930071353912354,0.664021164021164
120000,WAL,71,0.8181818181818182,0.38060396909713745,0.8004132231404959
120000,WAL,72,0.7857142857142857,1.5270799398422241,0.7434245840042941
120000,WAL,73,0.8780487804878049,0.40795233845710754,0.876248858745272
120000,WAL,74,0.8,2.080935478210449,0.711111111111111
120000,WAL,75,0.7619047619047619,1.2435765266418457,0.7328843995510661
130000,WAL,15,0.76,1.4288856983184814,0.6911571906354516
130000,WAL,16,0.9074074074074074,0.26266148686408997,0.9061580320950637
130000,WAL,17,0.7924528301886793,0.5830053687095642,0.80238565062191
130000,WAL,18,0.7407407407407407,1.4292778968811035,0.6901871448167745
130000,WAL,19,0.5925925925925926,1.3380788564682007,0.5496289729445757
130000,WAL,20,0.7058823529411765,1.0837608575820923,0.6407303662205623
130000,WAL,21,0.7446808510638298,0.8822108507156372,0.7043892277934831
130000,WAL,22,0.7777777777777778,0.6574783325195312,0.7627693052529655
130000,WAL,23,0.8269230769230769,0.5385885834693909,0.8223443223443224
130000,WAL,24,0.7254901960784313,1.65903902053833,0.6543776869036385
130000,WAL,25,0.7592592592592593,0.4316602647304535,0.7589026063100137
130000,WAL,26,0.8095238095238095,1.0633869171142578,0.7606060606060606
130000,WAL,27,0.7407407407407407,1.1725856065750122,0.6851210517877184
130000,WAL,28,0.8333333333333334,1.047791838645935,0.7777777777777777
130000,WAL,29,0.6904761904761905,1.345027208328247,0.6730864197530865
130000,WAL,30,0.5,1.1959730386734009,0.5113178294573644
130000,WAL,31,0.6744186046511628,2.1972763538360596,0.5930232558139535
130000,WAL,32,0.7115384615384616,2.329423666000366,0.6637080867850098
130000,WAL,33,0.7954545454545454,0.5748657584190369,0.7491582491582491
130000,WAL,34,0.6122448979591837,4.6798834800720215,0.5031807317521603
130000,WAL,35,0.7708333333333334,0.4535229504108429,0.770846042120552
130000,WAL,36,0.27906976744186046,2.341850757598877,0.2479680526192154
130000,WAL,37,0.8333333333333334,0.7101138234138489,0.8162177328843996
130000,WAL,38,0.6595744680851063,2.7545926570892334,0.56548463356974
130000,WAL,39,0.7037037037037037,1.6357414722442627,0.62589802608635
130000,WAL,40,0.8409090909090909,1.248100757598877,0.7836363636363636
130000,WAL,41,0.4,1.9287410974502563,0.43164896720737544
130000,WAL,42,0.7391304347826086,1.5925185680389404,0.6928843270672357
130000,WAL,43,0.7619047619047619,1.9941402673721313,0.6917562724014337
130000,WAL,44,0.8095238095238095,1.1507866382598877,0.7606060606060606
130000,WAL,45,0.75,1.8755310773849487,0.6714285714285714
130000,WAL,46,0.9166666666666666,0.17122001945972443,0.9166666666666666
130000,WAL,47,0.7727272727272727,0.8867971897125244,0.746506734006734
130000,WAL,48,0.8125,0.32155105471611023,0.7995486905669972
130000,WAL,49,0.6037735849056604,1.0764793157577515,0.5753520478601012
130000,WAL,50,0.9047619047619048,0.2032696157693863,0.8962962962962964
130000,WAL,51,0.9130434782608695,0.7031213641166687,0.903544656243307
130000,WAL,52,0.7619047619047619,0.9651267528533936,0.7261530398322852
130000,WAL,53,0.5833333333333334,3.180567979812622,0.4298245614035088
130000,WAL,54,0.8333333333333334,1.6259084939956665,0.7777777777777777
130000,WAL,55,0.7142857142857143,1.8398622274398804,0.6481137909709338
130000,WAL,56,0.8333333333333334,0.7489615082740784,0.7777777777777777
130000,WAL,57,0.8809523809523809,0.23191595077514648,0.8635477582846003
130000,WAL,58,0.868421052631579,0.3631933629512787,0.8670919723551302
130000,WAL,59,0.8604651162790697,0.4094054698944092,0.8395348837209302
130000,WAL,60,0.7446808510638298,0.7945476174354553,0.7626841243862521
130000,WAL,61,0.425531914893617,1.4014265537261963,0.45528575933517595
130000,WAL,62,0.5319148936170213,0.8862031102180481,0.5109993005572979
130000,WAL,63,0.7857142857142857,0.5211520195007324,0.7481203007518796
130000,WAL,64,0.8333333333333334,0.7690736055374146,0.7777777777777777
130000,WAL,65,0.88,0.6455532908439636,0.8560229885057471
130000,WAL,66,0.6666666666666666,1.080933928489685,0.5490196078431373
130000,WAL,67,0.8333333333333334,1.1201965808868408,0.7716374269005848
130000,WAL,68,0.8604651162790697,0.3093530833721161,0.8395348837209302
130000,WAL,69,0.8571428571428571,0.45296669006347656,0.8444444444444443
130000,WAL,70,0.7380952380952381,2.5045628547668457,0.6688172043010753
130000,WAL,71,0.9318181818181818,0.20421487092971802,0.9314493620414673
130000,WAL,72,0.8333333333333334,0.3726585805416107,0.7777777777777777
130000,WAL,73,0.6097560975609756,0.6897985935211182,0.6614778175753786
130000,WAL,74,0.8,0.4755379259586334,0.755815768930523
130000,WAL,75,0.8333333333333334,1.204560399055481,0.7777777777777777
140000,WAL,15,0.72,2.8102731704711914,0.6671515151515152
140000,WAL,16,0.7777777777777778,0.6476916670799255,0.7736801982085
140000,WAL,17,0.5094339622641509,2.0997705459594727,0.5243186582809225
140000,WAL,18,0.6851851851851852,1.1130032539367676,0.6687899640434312
140000,WAL,19,0.7407407407407407,0.554018497467041,0.7591307366130061
140000,WAL,20,0.7843137254901961,0.739118218421936,0.7751416259806333
140000,WAL,21,0.7659574468085106,0.5663424730300903,0.7957894736842105
140000,WAL,22,0.6666666666666666,0.8142545223236084,0.6646324354657688
140000,WAL,23,0.75,0.6001970171928406,0.7466104605323621
140000,WAL,24,0.7058823529411765,1.4886949062347412,0.6475209612464514
140000,WAL,25,0.6851851851851852,0.7793835997581482,0.6842385204704045
140000,WAL,26,0.9523809523809523,0.12400130182504654,0.951388888888889
140000,WAL,27,0.3888888888888889,1.6263848543167114,0.3782017311429076
140000,WAL,28,0.7142857142857143,1.1071040630340576,0.6910507792860734
140000,WAL,29,0.8095238095238095,1.096118688583374,0.789702581369248
140000,WAL,30,0.66,0.9602952599525452,0.6550310559006212
140000,WAL,31,0.813953488372093,2.5589635372161865,0.7699335548172757
140000,WAL,32,0.7884615384615384,1.2143139839172363,0.7141372141372142
140000,WAL,33,0.9090909090909091,0.23930805921554565,0.9060606060606061
140000,WAL,34,0.40816326530612246,5.652837753295898,0.3463203463203463
140000,WAL,35,0.16666666666666666,2.0411365032196045,0.07649911816578482
140000,WAL,36,0.16279069767441862,3.356248617172241,0.04558139534883721
140000,WAL,37,0.8571428571428571,0.31356748938560486,0.8538324420677361
140000,WAL,38,0.6170212765957447,2.2399940490722656,0.4969624322336339
140000,WAL,39,0.16666666666666666,2.8280012607574463,0.2522522522522523
140000,WAL,40,0.5454545454545454,1.1423789262771606,0.5912473572938689
140000,WAL,41,0.37777777777777777,3.4614131450653076,0.3764464925755248
140000,WAL,42,0.5869565217391305,1.8063138723373413,0.6065814151747656
140000,WAL,43,0.7857142857142857,1.6200859546661377,0.7407407407407407
140000,WAL,44,0.8333333333333334,0.4880717992782593,0.8073232323232323
140000,WAL,45,0.23076923076923078,2.5639419555664062,0.11077632045373981
140000,WAL,46,0.8541666666666666,0.47234806418418884,0.7967171717171717
140000,WAL,47,0.8636363636363636,0.4597707986831665,0.8702621452621453
140000,WAL,48,0.8333333333333334,0.5106318593025208,0.8194444444444445
140000,WAL,49,0.22641509433962265,1.5322611331939697,0.19815404721065097
140000,WAL,50,0.7380952380952381,0.34562668204307556,0.7200292397660818
140000,WAL,51,0.8043478260869565,0.6620526313781738,0.7948672722462299
140000,WAL,52,0.8333333333333334,0.42667412757873535,0.8253883867918955
140000,WAL,53,0.5833333333333334,4.162477016448975,0.4298245614035088
140000,WAL,54,0.8333333333333334,0.5547014474868774,0.8196766425868593
140000,WAL,55,0.5918367346938775,0.8336582779884338,0.6040060468631897
140000,WAL,56,0.7857142857142857,0.8501380085945129,0.7434245840042941
140000,WAL,57,0.9285714285714286,0.21892304718494415,0.9251336898395722
140000,WAL,58,0.8421052631578947,1.3866127729415894,0.7991030207096689
140000,WAL,59,0.7674418604651163,0.7139877676963806,0.7674418604651163
140000,WAL,60,0.8085106382978723,0.628355860710144,0.8102758077226162
140000,WAL,61,0.6595744680851063,1.363261342048645,0.6573178594455189
140000,WAL,62,0.574468085106383,0.6248873472213745,0.6281692490177182
140000,WAL,63,0.8809523809523809,0.35037675499916077,0.8839506172839506
140000,WAL,64,0.9285714285714286,0.16793613135814667,0.9251336898395722
140000,WAL,65,0.86,0.7008775472640991,0.8303030303030303
140000,WAL,66,0.6666666666666666,4.373108386993408,0.5490196078431373
140000,WAL,67,0.8571428571428571,0.5845367908477783,0.8440191387559809
140000,WAL,68,0.813953488372093,0.6080489754676819,0.7687471274933358
140000,WAL,69,0.8333333333333334,0.7516408562660217,0.7777777777777777
140000,WAL,70,0.7142857142857143,2.5579333305358887,0.6568306010928963
140000,WAL,71,0.9772727272727273,0.12485390156507492,0.977361853832442
140000,WAL,72,0.7380952380952381,0.3816779553890228,0.7367521367521368
140000,WAL,73,0.8048780487804879,0.39042288064956665,0.8179119886436959
140000,WAL,74,0.8,1.4145843982696533,0.711111111111111
140000,WAL,75,0.7380952380952381,0.6949688792228699,0.7367521367521368
150000,WAL,15,0.8,0.5489532351493835,0.7151515151515152
150000,WAL,16,0.5555555555555556,1.6975594758987427,0.5730846027598546
150000,WAL,17,0.7547169811320755,0.7327443957328796,0.7599833001289112
150000,WAL,18,0.7222222222222222,0.8132377862930298,0.6519789889256917
150000,WAL,19,0.8333333333333334,0.6784474849700928,0.8301968914054684
150000,WAL,20,0.21568627450980393,2.746741771697998,0.10322289835474419
150000,WAL,21,0.425531914893617,1.4952894449234009,0.44758293082112494
150000,WAL,22,0.7222222222222222,0.9170868396759033,0.7129036583227617
150000,WAL,23,0.7307692307692307,1.8414124250411987,0.657944832944833
150000,WAL,24,0.6862745098039216,1.5851397514343262,0.6367784392201706
150000,WAL,25,0.7407407407407407,0.6828946471214294,0.726470000998303
150000,WAL,26,0.5238095238095238,1.8378362655639648,0.5337437300501596
150000,WAL,27,0.7592592592592593,1.0942646265029907,0.6790123456790123
150000,WAL,28,0.8333333333333334,1.0543432235717773,0.7777777777777777
150000,WAL,29,0.16666666666666666,3.418637990951538,0.047619047619047616
150000,WAL,30,0.54,3.02396297454834,0.5617094017094016
150000,WAL,31,0.7906976744186046,1.4402824640274048,0.7490558537070166
150000,WAL,32,0.7692307692307693,2.0450429916381836,0.7043470043470044
150000,WAL,33,0.9090909090909091,0.17272762954235077,0.9090909090909091
150000,WAL,34,0.5714285714285714,1.9468941688537598,0.4606014617197172
150000,WAL,35,0.14583333333333334,3.620973587036133,0.03712121212121212
150000,WAL,36,0.37209302325581395,2.657086133956909,0.37236896567582894
150000,WAL,37,0.9285714285714286,0.2344822883605957,0.9274255156608097
150000,WAL,38,0.5957446808510638,2.3783702850341797,0.46335697399527187
150000,WAL,39,0.5185185185185185,2.747366428375244,0.4208266237251745
150000,WAL,40,0.8181818181818182,0.6561712622642517,0.8096112641567188
150000,WAL,41,0.7111111111111111,1.6432249546051025,0.647642031171443
150000,WAL,42,0.17391304347826086,3.814507484436035,0.15304347826086956
150000,WAL,43,0.7619047619047619,1.3905233144760132,0.7202463008914622
150000,WAL,44,0.8333333333333334,0.6913167238235474,0.7777777777777777
150000,WAL,45,0.75,1.0603408813476562,0.6714285714285714
150000,WAL,46,0.875,0.16837894916534424,0.8583333333333334
150000,WAL,47,0.6363636363636364,1.6940661668777466,0.6454545454545455
150000,WAL,48,0.75,0.9631240367889404,0.6785714285714285
150000,WAL,49,0.22641509433962265,2.6791675090789795,0.08359941944847606
150000,WAL,50,0.7857142857142857,0.5613930821418762,0.7380952380952381
150000,WAL,51,0.717391304347826,1.0925800800323486,0.6612836438923395
150000,WAL,52,0.6904761904761905,0.8915949463844299,0.7037037037037037
150000,WAL,53,0.5833333333333334,3.910802125930786,0.4298245614035088
150000,WAL,54,0.7857142857142857,1.0184686183929443,0.7253609541745135
150000,WAL,55,0.7142857142857143,1.4748735427856445,0.6481137909709338
150000,WAL,56,0.6190476190476191,2.388003349304199,0.6167848699763593
150000,WAL,57,0.8333333333333334,0.733758807182312,0.7777777777777777
150000,WAL,58,0.8947368421052632,0.43170496821403503,0.8746867167919801
150000,WAL,59,0.813953488372093,1.0422172546386719,0.7547568710359408
150000,WAL,60,0.7446808510638298,1.1990671157836914,0.7495753090572702
150000,WAL,61,0.5957446808510638,1.4401235580444336,0.6340234138250024
150000,WAL,62,0.7446808510638298,1.1923847198486328,0.6759410801963993
150000,WAL,63,0.6666666666666666,1.8115074634552002,0.6497435897435897
150000,WAL,64,0.8333333333333334,1.3292784690856934,0.7777777777777777
150000,WAL,65,0.94,0.18401584029197693,0.9350600255427842
150000,WAL,66,0.6666666666666666,1.316746711730957,0.5490196078431373
150000,WAL,67,0.8333333333333334,0.8004819750785828,0.7982456140350875
150000,WAL,68,0.37209302325581395,2.0836551189422607,0.37236896567582894
150000,WAL,69,0.8333333333333334,1.7527921199798584,0.7777777777777777
150000,WAL,70,0.6428571428571429,2.7692043781280518,0.6125907990314771
150000,WAL,71,0.7954545454545454,1.7237526178359985,0.733201581027668
150000,WAL,72,0.30952380952380953,1.9154577255249023,0.28955768353853173
150000,WAL,73,0.7804878048780488,0.9210684895515442,0.7517934002869441
150000,WAL,74,0.7714285714285715,2.016035318374634,0.6967741935483871
150000,WAL,75,0.7857142857142857,0.8856367468833923,0.7543859649122806
160000,WAL,15,0.62,1.9533309936523438,0.5711515151515152
160000,WAL,16,0.6851851851851852,1.15725576877594,0.647639072855671
160000,WAL,17,0.7735849056603774,0.6381224393844604,0.7890222984562607
160000,WAL,18,0.4444444444444444,3.0752673149108887,0.4042701126034459
160000,WAL,19,0.9444444444444444,0.1460794359445572,0.9456064476179419
160000,WAL,20,0.7254901960784313,1.330665946006775,0.6543776869036385
160000,WAL,21,0.7872340425531915,1.2559139728546143,0.7882190701339638
160000,WAL,22,0.7962962962962963,0.697398841381073,0.7685378560378561
160000,WAL,23,0.7307692307692307,1.1244499683380127,0.657944832944833
160000,WAL,24,0.7254901960784313,2.0544915199279785,0.6543776869036385
160000,WAL,25,0.7222222222222222,0.9017027616500854,0.6991021522611937
160000,WAL,26,0.6666666666666666,1.5130565166473389,0.6853886853886854
160000,WAL,27,0.7592592592592593,0.7224894762039185,0.7560108834471652
160000,WAL,28,0.8333333333333334,0.837666392326355,0.7777777777777777
160000,WAL,29,0.6666666666666666,0.8792449235916138,0.6964144996059889
160000,WAL,30,0.5,2.3204145431518555,0.5281839080459769
160000,WAL,31,0.6976744186046512,1.504164218902588,0.6361558338302524
160000,WAL,32,0.5769230769230769,2.1091020107269287,0.5957767722473606
160000,WAL,33,0.8636363636363636,0.2670152485370636,0.8672176308539945
160000,WAL,34,0.5714285714285714,4.4356794357299805,0.43243243243243246
160000,WAL,35,0.875,0.204503133893013,0.8583333333333334
160000,WAL,36,0.4883720930232558,1.02824068069458,0.516674512757744
160000,WAL,37,0.8809523809523809,0.5935111045837402,0.8481680391454828
160000,WAL,38,0.6382978723404256,3.4091508388519287,0.5363053022627491
160000,WAL,39,0.4444444444444444,3.1756434440612793,0.38290598290598293
160000,WAL,40,0.8409090909090909,1.020098090171814,0.7713615352290237
160000,WAL,41,0.6888888888888889,1.581754207611084,0.607556051034312
160000,WAL,42,0.7608695652173914,0.9994952082633972,0.7101547531319087
160000,WAL,43,0.7857142857142857,2.1859631538391113,0.7116402116402115
160000,WAL,44,0.8095238095238095,1.165016770362854,0.7606060606060606
160000,WAL,45,0.7884615384615384,0.7346081137657166,0.7631732593781929
160000,WAL,46,0.2916666666666667,2.4255282878875732,0.27586805555555555
160000,WAL,47,0.5909090909090909,1.5773060321807861,0.6085350790513835
160000,WAL,48,0.7916666666666666,0.790062665939331,0.7573260073260073
160000,WAL,49,0.6037735849056604,2.0497238636016846,0.5628261742272179
160000,WAL,50,0.9285714285714286,0.20860731601715088,0.9306892453951279
160000,WAL,51,0.7608695652173914,1.2019535303115845,0.6972713643178411
160000,WAL,52,0.7857142857142857,0.5369409322738647,0.7543859649122806
160000,WAL,53,0.5833333333333334,3.329507827758789,0.4298245614035088
160000,WAL,54,0.7142857142857143,1.2532732486724854,0.7048390206284942
160000,WAL,55,0.7551020408163265,0.7338045239448547,0.7306122448979592
160000,WAL,56,0.8333333333333334,1.0476775169372559,0.7777777777777777
160000,WAL,57,0.9047619047619048,0.2382139414548874,0.8962962962962964
160000,WAL,58,0.8157894736842105,1.0458027124404907,0.753254102999434
160000,WAL,59,0.8372093023255814,1.0649925470352173,0.8010335917312661
160000,WAL,60,0.8297872340425532,0.7302578091621399,0.8079650845608293
160000,WAL,61,0.425531914893617,1.459672212600708,0.48700650672627843
160000,WAL,62,0.851063829787234,0.5998077988624573,0.7934111187371311
160000,WAL,63,0.7857142857142857,0.6293706297874451,0.7368421052631579
160000,WAL,64,0.8333333333333334,0.8700780272483826,0.7777777777777777
160000,WAL,65,0.82,0.9827209711074829,0.7455381400208987
160000,WAL,66,0.6666666666666666,4.562264919281006,0.5490196078431373
160000,WAL,67,0.40476190476190477,2.4452953338623047,0.45854700854700847
160000,WAL,68,0.8372093023255814,1.013129472732544,0.8010335917312661
160000,WAL,69,0.8571428571428571,0.37655776739120483,0.8444444444444443
160000,WAL,70,0.7857142857142857,2.0986578464508057,0.7846153846153845
160000,WAL,71,0.6136363636363636,0.6892624497413635,0.6272633680663879
160000,WAL,72,0.4523809523809524,2.3378353118896484,0.4630630630630631
160000,WAL,73,0.8780487804878049,0.19078035652637482,0.8735722984760211
160000,WAL,74,0.8,2.458461046218872,0.711111111111111
160000,WAL,75,0.8333333333333334,0.371813029050827,0.8324786324786324
