step,source,domain,accuracy,loss
10000,WAL,15,0.8,1.9744863510131836
10000,WAL,16,0.7407407407407407,0.9204742908477783
10000,WAL,17,0.3584905660377358,2.9766719341278076
10000,WAL,18,0.7222222222222222,2.100287437438965
10000,WAL,19,0.7037037037037037,2.8796865940093994
10000,WAL,20,0.5882352941176471,1.229875087738037
10000,WAL,21,0.8297872340425532,0.9879345297813416
10000,WAL,22,0.7222222222222222,1.8348273038864136
10000,WAL,23,0.8461538461538461,0.6378107666969299
10000,WAL,24,0.6862745098039216,1.96494722366333
10000,WAL,25,0.7407407407407407,1.6733498573303223
10000,WAL,26,0.6904761904761905,0.8371971845626831
10000,WAL,27,0.7407407407407407,1.5213209390640259
10000,WAL,28,0.8571428571428571,0.5548385381698608
10000,WAL,29,0.8333333333333334,1.1351077556610107
10000,WAL,30,0.7,2.8483617305755615
10000,WAL,31,0.6976744186046512,1.654932975769043
10000,WAL,32,0.75,0.9702935814857483
10000,WAL,33,0.75,1.0286983251571655
10000,WAL,34,0.5714285714285714,2.4795823097229004
10000,WAL,35,0.3125,2.425886869430542
10000,WAL,36,0.5581395348837209,2.1676437854766846
10000,WAL,37,0.8571428571428571,0.6876862645149231
10000,WAL,38,0.6170212765957447,3.4037137031555176
10000,WAL,39,0.5185185185185185,4.519240856170654
10000,WAL,40,0.8409090909090909,0.440219521522522
10000,WAL,41,0.6222222222222222,3.6330957412719727
10000,WAL,42,0.7391304347826086,2.9358081817626953
10000,WAL,43,0.7380952380952381,1.0010488033294678
10000,WAL,44,0.8095238095238095,1.2612135410308838
10000,WAL,45,0.8269230769230769,0.7341074347496033
10000,WAL,46,0.8541666666666666,1.0129698514938354
10000,WAL,47,0.8409090909090909,1.0046569108963013
10000,WAL,48,0.8333333333333334,0.7253899574279785
10000,WAL,49,0.8301886792452831,0.35769030451774597
10000,WAL,50,0.6666666666666666,0.8905967473983765
10000,WAL,51,0.6956521739130435,1.2142444849014282
10000,WAL,52,0.6666666666666666,0.8437613248825073
10000,WAL,53,0.6041666666666666,1.015625238418579
10000,WAL,54,0.8333333333333334,1.3426071405410767
10000,WAL,55,0.8367346938775511,1.5503485202789307
10000,WAL,56,0.8571428571428571,0.4185694754123688
10000,WAL,57,0.8333333333333334,1.529538631439209
10000,WAL,58,0.8157894736842105,0.6721546053886414
10000,WAL,59,0.8372093023255814,1.414872407913208
10000,WAL,60,0.723404255319149,0.6774131059646606
10000,WAL,61,0.723404255319149,1.5792466402053833
10000,WAL,62,0.2553191489361702,2.2647905349731445
10000,WAL,63,0.7380952380952381,1.3697282075881958
10000,WAL,64,0.8333333333333334,1.2456048727035522
10000,WAL,65,0.86,1.0455214977264404
10000,WAL,66,0.6666666666666666,2.255103826522827
10000,WAL,67,0.7619047619047619,1.5838072299957275
10000,WAL,68,0.8372093023255814,0.8813894391059875
10000,WAL,69,0.8333333333333334,0.9620293974876404
10000,WAL,70,0.7142857142857143,2.9539952278137207
10000,WAL,71,0.7954545454545454,0.6670883893966675
10000,WAL,72,0.8333333333333334,1.2510343790054321
10000,WAL,73,0.7560975609756098,0.4339078664779663
10000,WAL,74,0.8,2.164449691772461
10000,WAL,75,0.8333333333333334,0.9566636681556702
20000,WAL,15,0.72,2.7521872520446777
20000,WAL,16,0.7777777777777778,0.72645103931427
20000,WAL,17,0.22641509433962265,2.598477602005005
20000,WAL,18,0.6851851851851852,0.9773060083389282
20000,WAL,19,0.5925925925925926,0.9717198014259338
20000,WAL,20,0.19607843137254902,3.292264223098755
20000,WAL,21,0.7659574468085106,0.8742917776107788
20000,WAL,22,0.7407407407407407,0.558630108833313
20000,WAL,23,0.6538461538461539,0.9505177736282349
20000,WAL,24,0.7843137254901961,1.3688154220581055
20000,WAL,25,0.8148148148148148,0.7036282420158386
20000,WAL,26,0.8571428571428571,0.7425218224525452
20000,WAL,27,0.7777777777777778,0.6569031476974487
20000,WAL,28,0.7857142857142857,1.5062060356140137
20000,WAL,29,0.7619047619047619,0.5145043730735779
20000,WAL,30,0.3,3.444357395172119
20000,WAL,31,0.6744186046511628,1.5632134675979614
20000,WAL,32,0.8653846153846154,0.2508067190647125
20000,WAL,33,0.7727272727272727,1.5435951948165894
20000,WAL,34,0.5306122448979592,2.442732095718384
20000,WAL,35,0.7083333333333334,0.8080313801765442
20000,WAL,36,0.32558139534883723,2.267491340637207
20000,WAL,37,0.8333333333333334,1.0879120826721191
20000,WAL,38,0.6170212765957447,2.798858880996704
20000,WAL,39,0.5185185185185185,3.367460250854492
20000,WAL,40,0.7045454545454546,1.0870388746261597
20000,WAL,41,0.6222222222222222,3.0156424045562744
20000,WAL,42,0.7608695652173914,1.714332938194275
20000,WAL,43,0.5714285714285714,1.273667335510254
20000,WAL,44,0.8809523809523809,0.26914143562316895
20000,WAL,45,0.75,0.52442467212677
20000,WAL,46,0.9166666666666666,0.12725619971752167
20000,WAL,47,0.8636363636363636,0.5683389902114868
20000,WAL,48,0.8958333333333334,0.2742670476436615
20000,WAL,49,0.2641509433962264,2.454254150390625
20000,WAL,50,0.8333333333333334,0.8984825611114502
20000,WAL,51,0.7391304347826086,2.1738359928131104
20000,WAL,52,0.7380952380952381,0.5201559066772461
20000,WAL,53,0.6041666666666666,1.2021478414535522
20000,WAL,54,0.19047619047619047,3.1300570964813232
20000,WAL,55,0.5306122448979592,0.8141128420829773
20000,WAL,56,0.8333333333333334,1.3188270330429077
20000,WAL,57,0.8333333333333334,0.484588623046875
20000,WAL,58,0.7368421052631579,1.4246091842651367
20000,WAL,59,0.8372093023255814,0.4143950045108795
20000,WAL,60,0.46808510638297873,0.7984607219696045
20000,WAL,61,0.6382978723404256,1.7752958536148071
20000,WAL,62,0.14893617021276595,2.546480417251587
20000,WAL,63,0.8809523809523809,0.5391542911529541
20000,WAL,64,0.8095238095238095,0.528676450252533
20000,WAL,65,0.72,1.1160626411437988
20000,WAL,66,0.6666666666666666,3.6137402057647705
20000,WAL,67,0.7619047619047619,1.5290721654891968
20000,WAL,68,0.9069767441860465,0.18193256855010986
20000,WAL,69,0.8333333333333334,0.4235728085041046
20000,WAL,70,0.7857142857142857,2.286306858062744
20000,WAL,71,0.8181818181818182,0.5505584478378296
20000,WAL,72,0.8809523809523809,0.3504159450531006
20000,WAL,73,0.3170731707317073,1.8346132040023804
20000,WAL,74,0.8,1.1324278116226196
20000,WAL,75,0.8095238095238095,0.5304020643234253
30000,WAL,15,0.62,2.4915542602539062
30000,WAL,16,0.6851851851851852,0.8226695656776428
30000,WAL,17,0.22641509433962265,3.1229639053344727
30000,WAL,18,0.7222222222222222,1.5072624683380127
30000,WAL,19,0.7037037037037037,2.255876064300537
30000,WAL,20,0.4117647058823529,2.356395721435547
30000,WAL,21,0.7659574468085106,1.4782633781433105
30000,WAL,22,0.42592592592592593,1.9188110828399658
30000,WAL,23,0.7884615384615384,0.9602813720703125
30000,WAL,24,0.27450980392156865,2.1122074127197266
30000,WAL,25,0.7592592592592593,1.4512664079666138
30000,WAL,26,0.7619047619047619,0.7295604348182678
30000,WAL,27,0.46296296296296297,1.9197109937667847
30000,WAL,28,0.4523809523809524,2.011348009109497
30000,WAL,29,0.7857142857142857,0.9622827172279358
30000,WAL,30,0.6,2.066707134246826
30000,WAL,31,0.7906976744186046,2.556938409805298
30000,WAL,32,0.7115384615384616,1.2456448078155518
30000,WAL,33,0.75,1.1132127046585083
30000,WAL,34,0.5714285714285714,3.1846697330474854
30000,WAL,35,0.75,0.598292887210846
30000,WAL,36,0.6976744186046512,1.5088406801223755
30000,WAL,37,0.8571428571428571,0.6462006568908691
30000,WAL,38,0.5957446808510638,5.501951694488525
30000,WAL,39,0.5185185185185185,3.0374908447265625
30000,WAL,40,0.6363636363636364,1.3034926652908325
30000,WAL,41,0.6222222222222222,3.1497538089752197
30000,WAL,42,0.782608695652174,1.3805246353149414
30000,WAL,43,0.7619047619047619,1.1895650625228882
30000,WAL,44,0.8333333333333334,1.0536057949066162
30000,WAL,45,0.7884615384615384,0.5002990961074829
30000,WAL,46,0.8958333333333334,0.3120843768119812
30000,WAL,47,0.3181818181818182,2.7753899097442627
30000,WAL,48,0.6666666666666666,0.9217554926872253
30000,WAL,49,0.39622641509433965,1.3048534393310547
30000,WAL,50,0.8333333333333334,0.838699996471405
30000,WAL,51,0.717391304347826,1.9787460565567017
30000,WAL,52,0.40476190476190477,1.3349930047988892
30000,WAL,53,0.5833333333333334,2.5662028789520264
30000,WAL,54,0.19047619047619047,2.4950647354125977
30000,WAL,55,0.5510204081632653,0.8799677491188049
30000,WAL,56,0.7857142857142857,0.9045892357826233
30000,WAL,57,0.8333333333333334,1.1906945705413818
30000,WAL,58,0.7368421052631579,1.0613361597061157
30000,WAL,59,0.8372093023255814,0.4801424741744995
30000,WAL,60,0.7446808510638298,0.9311462640762329
30000,WAL,61,0.6595744680851063,1.1243089437484741
30000,WAL,62,0.851063829787234,0.9103391170501709
30000,WAL,63,0.35714285714285715,2.3071720600128174
30000,WAL,64,0.8333333333333334,0.624362051486969
30000,WAL,65,0.8,0.7353057861328125
30000,WAL,66,0.6666666666666666,1.4235230684280396
30000,WAL,67,0.6190476190476191,1.6464791297912598
30000,WAL,68,0.8372093023255814,0.7812058329582214
30000,WAL,69,0.8333333333333334,1.3955656290054321
30000,WAL,70,0.7857142857142857,2.115846633911133
30000,WAL,71,0.8636363636363636,0.3617093861103058
30000,WAL,72,0.7380952380952381,0.48786845803260803
30000,WAL,73,0.7804878048780488,0.4072765111923218
30000,WAL,74,0.8,0.9772237539291382
30000,WAL,75,0.7380952380952381,0.525762677192688
40000,WAL,15,0.78,2.791865348815918
40000,WAL,16,0.7222222222222222,0.6998074054718018
40000,WAL,17,0.7358490566037735,1.0552431344985962
40000,WAL,18,0.5555555555555556,1.5692193508148193
40000,WAL,19,0.6666666666666666,1.2148306369781494
40000,WAL,20,0.5490196078431373,1.505380392074585
40000,WAL,21,0.8085106382978723,0.6001488566398621
40000,WAL,22,0.7222222222222222,0.63450026512146
40000,WAL,23,0.7115384615384616,1.1436184644699097
40000,WAL,24,0.7254901960784313,1.7393404245376587
40000,WAL,25,0.7592592592592593,0.9410305023193359
40000,WAL,26,0.8333333333333334,0.44339823722839355
40000,WAL,27,0.7592592592592593,0.5965901613235474
40000,WAL,28,0.8333333333333334,0.6768074035644531
40000,WAL,29,0.8809523809523809,0.3033573627471924
40000,WAL,30,0.74,1.396314263343811
40000,WAL,31,0.6976744186046512,1.069794774055481
40000,WAL,32,0.7692307692307693,0.5593492388725281
40000,WAL,33,0.8181818181818182,0.7544893622398376
40000,WAL,34,0.5714285714285714,1.3058362007141113
40000,WAL,35,0.7291666666666666,0.7554177641868591
40000,WAL,36,0.7209302325581395,0.7891395092010498
40000,WAL,37,0.8809523809523809,0.3274872899055481
40000,WAL,38,0.5957446808510638,2.5046937465667725
40000,WAL,39,0.5185185185185185,2.191457509994507
40000,WAL,40,0.7727272727272727,0.40155842900276184
40000,WAL,41,0.5777777777777777,2.4736101627349854
40000,WAL,42,0.782608695652174,0.9781294465065002
40000,WAL,43,0.7619047619047619,2.733428955078125
40000,WAL,44,0.8571428571428571,0.5186058282852173
40000,WAL,45,0.7884615384615384,0.9223562479019165
40000,WAL,46,0.9166666666666666,0.3562355935573578
40000,WAL,47,0.8409090909090909,0.5140124559402466
40000,WAL,48,0.8333333333333334,0.45256030559539795
40000,WAL,49,0.7924528301886793,0.4888552129268646
40000,WAL,50,0.8333333333333334,0.8351494669914246
40000,WAL,51,0.717391304347826,1.3258322477340698
40000,WAL,52,0.8095238095238095,0.4816558361053467
40000,WAL,53,0.5833333333333334,3.619565725326538
40000,WAL,54,0.7619047619047619,1.23769211769104
40000,WAL,55,0.8367346938775511,0.8840145468711853
40000,WAL,56,0.7857142857142857,0.799296498298645
40000,WAL,57,0.8333333333333334,0.9552875757217407
40000,WAL,58,0.7894736842105263,0.48751845955848694
40000,WAL,59,0.8372093023255814,0.4800107777118683
40000,WAL,60,0.44680851063829785,2.7149598598480225
40000,WAL,61,0.8936170212765957,0.5947108864784241
40000,WAL,62,0.7872340425531915,0.8571224808692932
40000,WAL,63,0.6904761904761905,0.8418430089950562
40000,WAL,64,0.8095238095238095,0.4617113471031189
40000,WAL,65,0.92,0.43530842661857605
40000,WAL,66,0.6666666666666666,2.6834874153137207
40000,WAL,67,0.7619047619047619,0.780793309211731
40000,WAL,68,0.8372093023255814,0.5683877468109131
40000,WAL,69,0.8095238095238095,0.6398398876190186
40000,WAL,70,0.7619047619047619,1.3132641315460205
40000,WAL,71,0.9090909090909091,0.21314939856529236
40000,WAL,72,0.8333333333333334,0.680789589881897
40000,WAL,73,0.7317073170731707,0.6846270561218262
40000,WAL,74,0.8857142857142857,0.8254908323287964
40000,WAL,75,0.8333333333333334,0.574207603931427
50000,WAL,15,0.74,1.7124372720718384
50000,WAL,16,0.7962962962962963,0.40718626976013184
50000,WAL,17,0.5849056603773585,2.7173831462860107
50000,WAL,18,0.6481481481481481,0.6551274657249451
50000,WAL,19,0.8148148148148148,0.6356468200683594
50000,WAL,20,0.1568627450980392,3.5655906200408936
50000,WAL,21,0.851063829787234,0.43219712376594543
50000,WAL,22,0.8148148148148148,0.34586092829704285
50000,WAL,23,0.8076923076923077,0.6338362097740173
50000,WAL,24,0.7058823529411765,1.507508397102356
50000,WAL,25,0.7407407407407407,1.4321026802062988
50000,WAL,26,0.8333333333333334,0.4351629614830017
50000,WAL,27,0.8518518518518519,0.412768691778183
50000,WAL,28,0.8333333333333334,1.279970407485962
50000,WAL,29,0.6666666666666666,0.5952330827713013
50000,WAL,30,0.74,2.2640721797943115
50000,WAL,31,0.7209302325581395,1.9337255954742432
50000,WAL,32,0.7307692307692307,0.4652840793132782
50000,WAL,33,0.75,0.7800593972206116
50000,WAL,34,0.6326530612244898,3.431881904602051
50000,WAL,35,0.75,0.6652162671089172
50000,WAL,36,0.6744186046511628,1.8838173151016235
50000,WAL,37,0.40476190476190477,1.9096163511276245
50000,WAL,38,0.6170212765957447,2.812561273574829
50000,WAL,39,0.5740740740740741,2.18464994430542
50000,WAL,40,0.8636363636363636,0.6116108298301697
50000,WAL,41,0.4444444444444444,3.2502315044403076
50000,WAL,42,0.5869565217391305,2.4846701622009277
50000,WAL,43,0.7857142857142857,2.6449732780456543
50000,WAL,44,0.8571428571428571,0.4357515871524811
50000,WAL,45,0.8846153846153846,0.363351970911026
50000,WAL,46,0.875,0.23840756714344025
50000,WAL,47,0.1590909090909091,3.6300559043884277
50000,WAL,48,0.5833333333333334,2.6371209621429443
50000,WAL,49,0.5849056603773585,0.9042860269546509
50000,WAL,50,0.7619047619047619,1.7785524129867554
50000,WAL,51,0.6956521739130435,1.5765106678009033
50000,WAL,52,0.42857142857142855,1.7696661949157715
50000,WAL,53,0.5833333333333334,4.563121318817139
50000,WAL,54,0.7619047619047619,0.9928930401802063
50000,WAL,55,0.8367346938775511,1.260094404220581
50000,WAL,56,0.7619047619047619,2.0817272663116455
50000,WAL,57,0.8333333333333334,0.9772090911865234
50000,WAL,58,0.7368421052631579,1.6767973899841309
50000,WAL,59,0.813953488372093,0.7889812588691711
50000,WAL,60,0.7021276595744681,1.8118425607681274
50000,WAL,61,0.8085106382978723,0.6507025957107544
50000,WAL,62,0.851063829787234,0.2772079110145569
50000,WAL,63,0.7142857142857143,0.9941121339797974
50000,WAL,64,0.8333333333333334,0.4335438013076782
50000,WAL,65,0.96,0.4588971734046936
50000,WAL,66,0.6666666666666666,3.805922746658325
50000,WAL,67,0.8095238095238095,0.5649901628494263
50000,WAL,68,0.7209302325581395,0.6243677139282227
50000,WAL,69,0.8333333333333334,1.0479201078414917
50000,WAL,70,0.7619047619047619,1.7928904294967651
50000,WAL,71,0.7272727272727273,1.3271313905715942
50000,WAL,72,0.7380952380952381,0.6679237484931946
50000,WAL,73,0.6097560975609756,1.1840155124664307
50000,WAL,74,0.8,1.9966846704483032
50000,WAL,75,0.8333333333333334,0.6357433795928955
60000,WAL,15,0.56,2.36398983001709
60000,WAL,16,0.48148148148148145,1.2140427827835083
60000,WAL,17,0.20754716981132076,5.427695274353027
60000,WAL,18,0.7037037037037037,0.7555043697357178
60000,WAL,19,0.25925925925925924,4.4324822425842285
60000,WAL,20,0.19607843137254902,6.150516510009766
60000,WAL,21,0.2978723404255319,2.9626004695892334
60000,WAL,22,0.42592592592592593,2.794114112854004
60000,WAL,23,0.75,1.0314326286315918
60000,WAL,24,0.35294117647058826,4.5558552742004395
60000,WAL,25,0.6851851851851852,0.8669396042823792
60000,WAL,26,0.5,3.54181170463562
60000,WAL,27,0.24074074074074073,5.043028831481934
60000,WAL,28,0.16666666666666666,6.843662738800049
60000,WAL,29,0.16666666666666666,3.420851945877075
60000,WAL,30,0.58,3.3823840618133545
60000,WAL,31,0.7674418604651163,2.160684108734131
60000,WAL,32,0.5769230769230769,0.9647554159164429
60000,WAL,33,0.3409090909090909,1.8585721254348755
60000,WAL,34,0.6938775510204082,0.821514904499054
60000,WAL,35,0.8125,0.40622976422309875
60000,WAL,36,0.16279069767441862,8.250101089477539
60000,WAL,37,0.2619047619047619,4.635954856872559
60000,WAL,38,0.44680851063829785,2.0198869705200195
60000,WAL,39,0.5925925925925926,3.5912277698516846
60000,WAL,40,0.2727272727272727,4.09812068939209
60000,WAL,41,0.6222222222222222,3.842458724975586
60000,WAL,42,0.13043478260869565,4.108850955963135
60000,WAL,43,0.7380952380952381,1.076796531677246
60000,WAL,44,0.9285714285714286,0.19096946716308594
60000,WAL,45,0.3269230769230769,1.3953992128372192
60000,WAL,46,0.4791666666666667,1.438288688659668
60000,WAL,47,0.1590909090909091,5.958681106567383
60000,WAL,48,0.7291666666666666,0.9524874687194824
60000,WAL,49,0.22641509433962265,4.496238708496094
60000,WAL,50,0.7857142857142857,0.5850993990898132
60000,WAL,51,0.15217391304347827,6.779534816741943
60000,WAL,52,0.11904761904761904,3.097196578979492
60000,WAL,53,0.5833333333333334,3.2790849208831787
60000,WAL,54,0.23809523809523808,6.96692419052124
60000,WAL,55,0.3469387755102041,4.662776947021484
60000,WAL,56,0.16666666666666666,4.3357672691345215
60000,WAL,57,0.35714285714285715,1.376118779182434
60000,WAL,58,0.7894736842105263,0.9309306144714355
60000,WAL,59,0.5348837209302325,2.0907294750213623
60000,WAL,60,0.8297872340425532,0.43973416090011597
60000,WAL,61,0.40425531914893614,1.9695783853530884
60000,WAL,62,0.3404255319148936,4.039463996887207
60000,WAL,63,0.16666666666666666,3.0277748107910156
60000,WAL,64,0.8095238095238095,0.8569315671920776
60000,WAL,65,0.74,0.9453288316726685
60000,WAL,66,0.6666666666666666,2.8583788871765137
60000,WAL,67,0.23809523809523808,2.7848076820373535
60000,WAL,68,0.16279069767441862,4.739013671875
60000,WAL,69,0.8333333333333334,1.7506263256072998
60000,WAL,70,0.7619047619047619,3.3189494609832764
60000,WAL,71,0.22727272727272727,3.093062400817871
60000,WAL,72,0.19047619047619047,2.3935787677764893
60000,WAL,73,0.8536585365853658,0.5246420502662659
60000,WAL,74,0.4857142857142857,3.175265073776245
60000,WAL,75,0.6428571428571429,0.7147607207298279
70000,WAL,15,0.74,2.8927438259124756
70000,WAL,16,0.3888888888888889,1.8158544301986694
70000,WAL,17,0.24528301886792453,3.474996566772461
70000,WAL,18,0.6111111111111112,1.869581699371338
70000,WAL,19,0.7592592592592593,1.6704553365707397
70000,WAL,20,0.23529411764705882,6.003438472747803
70000,WAL,21,0.8085106382978723,0.46249669790267944
70000,WAL,22,0.6296296296296297,0.7601036429405212
70000,WAL,23,0.5769230769230769,1.4472771883010864
70000,WAL,24,0.35294117647058826,2.945748805999756
70000,WAL,25,0.5370370370370371,2.066646099090576
70000,WAL,26,0.6904761904761905,0.57902592420578
70000,WAL,27,0.5185185185185185,1.2416282892227173
70000,WAL,28,0.7857142857142857,0.9076626896858215
70000,WAL,29,0.30952380952380953,1.0184719562530518
70000,WAL,30,0.5,2.5210323333740234
70000,WAL,31,0.7674418604651163,2.077209711074829
70000,WAL,32,0.7307692307692307,0.9116938710212708
70000,WAL,33,0.7954545454545454,0.7932518124580383
70000,WAL,34,0.5510204081632653,2.8882241249084473
70000,WAL,35,0.9791666666666666,0.2409529834985733
70000,WAL,36,0.13953488372093023,3.9076573848724365
70000,WAL,37,0.7142857142857143,2.2548952102661133
70000,WAL,38,0.5957446808510638,6.034910202026367
70000,WAL,39,0.5185185185185185,3.824970006942749
70000,WAL,40,0.7272727272727273,1.4924864768981934
70000,WAL,41,0.5333333333333333,3.231050729751587
70000,WAL,42,0.782608695652174,1.8229106664657593
70000,WAL,43,0.6904761904761905,1.9810839891433716
70000,WAL,44,0.8571428571428571,0.5334656238555908
70000,WAL,45,0.38461538461538464,3.0560338497161865
70000,WAL,46,0.7916666666666666,0.45206400752067566
70000,WAL,47,0.75,1.1014145612716675
70000,WAL,48,0.8958333333333334,0.24504578113555908
70000,WAL,49,0.6226415094339622,1.6521440744400024
70000,WAL,50,0.8333333333333334,1.1103607416152954
70000,WAL,51,0.717391304347826,1.1554454565048218
70000,WAL,52,0.16666666666666666,2.730091094970703
70000,WAL,53,0.5833333333333334,1.6862980127334595
70000,WAL,54,0.19047619047619047,3.7715487480163574
70000,WAL,55,0.7142857142857143,1.516770839691162
70000,WAL,56,0.42857142857142855,1.957470178604126
70000,WAL,57,0.42857142857142855,1.8315571546554565
70000,WAL,58,0.8157894736842105,0.7773640155792236
70000,WAL,59,0.8372093023255814,0.612521231174469
70000,WAL,60,0.6170212765957447,1.2550805807113647
70000,WAL,61,0.5106382978723404,1.219002604484558
70000,WAL,62,0.851063829787234,0.7012030482292175
70000,WAL,63,0.5,1.9803310632705688
70000,WAL,64,0.8333333333333334,1.1566972732543945
70000,WAL,65,0.9,0.48164963722229004
70000,WAL,66,0.6666666666666666,2.0341460704803467
70000,WAL,67,0.42857142857142855,2.047248363494873
70000,WAL,68,0.7441860465116279,0.5581722855567932
70000,WAL,69,0.8333333333333334,0.7709139585494995
70000,WAL,70,0.7380952380952381,1.1835606098175049
70000,WAL,71,0.38636363636363635,2.3543426990509033
70000,WAL,72,0.4523809523809524,0.943050742149353
70000,WAL,73,0.8048780487804879,0.6473188400268555
70000,WAL,74,0.7714285714285715,1.5048160552978516
70000,WAL,75,0.38095238095238093,1.827486276626587
80000,WAL,15,0.74,3.6868743896484375
80000,WAL,16,0.8333333333333334,0.36929741501808167
80000,WAL,17,0.5283018867924528,1.3366551399230957
80000,WAL,18,0.7407407407407407,2.3588712215423584
80000,WAL,19,0.6666666666666666,1.4967612028121948
80000,WAL,20,0.7058823529411765,0.7658799290657043
80000,WAL,21,0.7021276595744681,0.7389895915985107
80000,WAL,22,0.7037037037037037,0.5215886235237122
80000,WAL,23,0.7692307692307693,0.7909504771232605
80000,WAL,24,0.45098039215686275,1.822737455368042
80000,WAL,25,0.7592592592592593,0.973539412021637
80000,WAL,26,0.9285714285714286,0.12772873044013977
80000,WAL,27,0.6111111111111112,0.8523278832435608
80000,WAL,28,0.7857142857142857,1.0842077732086182
80000,WAL,29,0.9761904761904762,0.2678261399269104
80000,WAL,30,0.54,2.4731409549713135
80000,WAL,31,0.6976744186046512,2.1130902767181396
80000,WAL,32,0.75,0.6230097413063049
80000,WAL,33,0.8409090909090909,0.5827679634094238
80000,WAL,34,0.6326530612244898,2.3675754070281982
80000,WAL,35,0.8541666666666666,0.665302038192749
80000,WAL,36,0.3488372093023256,1.72135591506958
80000,WAL,37,0.8571428571428571,0.41545671224594116
80000,WAL,38,0.5957446808510638,4.301885604858398
80000,WAL,39,0.5185185185185185,5.745522499084473
80000,WAL,40,0.8181818181818182,0.44481199979782104
80000,WAL,41,0.6222222222222222,2.9440581798553467
80000,WAL,42,0.7391304347826086,1.9118081331253052
80000,WAL,43,0.7857142857142857,2.1293346881866455
80000,WAL,44,0.8095238095238095,0.5240670442581177
80000,WAL,45,0.8461538461538461,0.32777902483940125
80000,WAL,46,0.8125,0.5016495585441589
80000,WAL,47,0.8863636363636364,0.4919133484363556
80000,WAL,48,0.8333333333333334,0.4013858735561371
80000,WAL,49,0.6037735849056604,0.9359601736068726
80000,WAL,50,0.8333333333333334,0.45606908202171326
80000,WAL,51,0.8043478260869565,1.1306384801864624
80000,WAL,52,0.7142857142857143,1.2075674533843994
80000,WAL,53,0.5833333333333334,1.2116726636886597
80000,WAL,54,0.7619047619047619,1.3668488264083862
80000,WAL,55,0.8163265306122449,0.6736568808555603
80000,WAL,56,0.7857142857142857,0.6986222863197327
80000,WAL,57,0.8333333333333334,0.7004100680351257
80000,WAL,58,0.7368421052631579,0.7027281522750854
80000,WAL,59,0.8372093023255814,0.25344645977020264
80000,WAL,60,0.3617021276595745,3.200383186340332
80000,WAL,61,0.6808510638297872,1.0858885049819946
80000,WAL,62,0.8723404255319149,0.3047727346420288
80000,WAL,63,0.5,1.6858724355697632
80000,WAL,64,0.8333333333333334,1.1718199253082275
80000,WAL,65,0.92,0.4856635332107544
80000,WAL,66,0.6666666666666666,3.1537294387817383
80000,WAL,67,0.7619047619047619,0.9355589747428894
80000,WAL,68,0.813953488372093,0.4491431713104248
80000,WAL,69,0.8333333333333334,0.9706913232803345
80000,WAL,70,0.7857142857142857,2.711639404296875
80000,WAL,71,0.9772727272727273,0.14928540587425232
80000,WAL,72,0.8333333333333334,0.3948751986026764
80000,WAL,73,0.12195121951219512,3.2354061603546143
80000,WAL,74,0.8,1.7025011777877808
80000,WAL,75,0.9285714285714286,0.20750349760055542
90000,WAL,15,0.6,2.1695609092712402
90000,WAL,16,0.25925925925925924,3.890554666519165
90000,WAL,17,0.660377358490566,2.3372721672058105
90000,WAL,18,0.7407407407407407,1.7483258247375488
90000,WAL,19,0.5740740740740741,2.097745895385742
90000,WAL,20,0.19607843137254902,5.434173107147217
90000,WAL,21,0.851063829787234,0.8174995183944702
90000,WAL,22,0.8703703703703703,0.2612040936946869
90000,WAL,23,0.7884615384615384,0.4841916859149933
90000,WAL,24,0.49019607843137253,2.3924779891967773
90000,WAL,25,0.7222222222222222,0.6348749995231628
90000,WAL,26,0.7619047619047619,0.5777274370193481
90000,WAL,27,0.48148148148148145,1.0484000444412231
90000,WAL,28,0.8095238095238095,0.7860308289527893
90000,WAL,29,0.5,1.2140828371047974
90000,WAL,30,0.58,3.030341148376465
90000,WAL,31,0.7906976744186046,1.2919708490371704
90000,WAL,32,0.6153846153846154,0.7791290283203125
90000,WAL,33,0.7272727272727273,1.030619740486145
90000,WAL,34,0.5714285714285714,4.484029769897461
90000,WAL,35,0.8541666666666666,0.47270917892456055
90000,WAL,36,0.7441860465116279,0.594099223613739
90000,WAL,37,0.5476190476190477,2.670703649520874
90000,WAL,38,0.5957446808510638,2.6503279209136963
90000,WAL,39,0.5185185185185185,4.202980995178223
90000,WAL,40,0.6363636363636364,2.217582941055298
90000,WAL,41,0.6222222222222222,2.7463929653167725
90000,WAL,42,0.782608695652174,1.6632055044174194
90000,WAL,43,0.6904761904761905,2.3875033855438232
90000,WAL,44,0.6666666666666666,0.8552728295326233
90000,WAL,45,0.8846153846153846,0.36097225546836853
90000,WAL,46,0.7708333333333334,0.6597147583961487
90000,WAL,47,0.3181818181818182,2.317237377166748
90000,WAL,48,0.8125,0.5972772836685181
90000,WAL,49,0.7735849056603774,1.001816987991333
90000,WAL,50,0.7380952380952381,0.548763632774353
90000,WAL,51,0.7608695652173914,1.3998496532440186
90000,WAL,52,0.30952380952380953,2.083374500274658
90000,WAL,53,0.5833333333333334,3.5539538860321045
90000,WAL,54,0.4523809523809524,2.2537198066711426
90000,WAL,55,0.3469387755102041,1.529087781906128
90000,WAL,56,0.8095238095238095,1.0463366508483887
90000,WAL,57,0.8095238095238095,1.192907452583313
90000,WAL,58,0.8157894736842105,1.1864888668060303
90000,WAL,59,0.7906976744186046,0.5756460428237915
90000,WAL,60,0.3404255319148936,3.0530080795288086
90000,WAL,61,0.40425531914893614,2.2763004302978516
90000,WAL,62,0.8297872340425532,0.6213731169700623
90000,WAL,63,0.7380952380952381,1.7640703916549683
90000,WAL,64,0.8333333333333334,1.1476131677627563
90000,WAL,65,0.92,0.9340645670890808
90000,WAL,66,0.6666666666666666,2.116337537765503
90000,WAL,67,0.16666666666666666,4.33752965927124
90000,WAL,68,0.7906976744186046,1.0983195304870605
90000,WAL,69,0.8333333333333334,0.8803228735923767
90000,WAL,70,0.7857142857142857,3.278712272644043
90000,WAL,71,0.7954545454545454,0.663308322429657
90000,WAL,72,0.8333333333333334,0.49816328287124634
90000,WAL,73,0.7804878048780488,0.5694176554679871
90000,WAL,74,0.8285714285714286,1.5583585500717163
90000,WAL,75,0.8571428571428571,0.5533791184425354
100000,WAL,15,0.8,4.576736927032471
100000,WAL,16,0.7962962962962963,0.7444381713867188
100000,WAL,17,0.22641509433962265,2.923311948776245
100000,WAL,18,0.6481481481481481,1.0003873109817505
100000,WAL,19,0.48148148148148145,0.8515860438346863
100000,WAL,20,0.6470588235294118,1.5507655143737793
100000,WAL,21,0.8085106382978723,0.6267945170402527
100000,WAL,22,0.7407407407407407,1.0199517011642456
100000,WAL,23,0.6153846153846154,0.908225417137146
100000,WAL,24,0.6470588235294118,1.7953956127166748
100000,WAL,25,0.6666666666666666,2.348656177520752
100000,WAL,26,0.6904761904761905,1.0365269184112549
100000,WAL,27,0.4074074074074074,1.6090534925460815
100000,WAL,28,0.8095238095238095,0.4636784493923187
100000,WAL,29,0.7857142857142857,1.3143984079360962
100000,WAL,30,0.72,2.256007671356201
100000,WAL,31,0.7906976744186046,0.8405292630195618
100000,WAL,32,0.6730769230769231,0.7034854292869568
100000,WAL,33,0.8409090909090909,0.7717905640602112
100000,WAL,34,0.6122448979591837,3.5299181938171387
100000,WAL,35,0.7083333333333334,0.7908957600593567
100000,WAL,36,0.7674418604651163,1.6179394721984863
100000,WAL,37,0.8571428571428571,0.5367582440376282
100000,WAL,38,0.5957446808510638,3.701655864715576
100000,WAL,39,0.5185185185185185,5.248842716217041
100000,WAL,40,0.9090909090909091,0.2983120083808899
100000,WAL,41,0.2222222222222222,4.077859878540039
100000,WAL,42,0.717391304347826,1.6427947282791138
100000,WAL,43,0.7380952380952381,1.9242366552352905
100000,WAL,44,0.30952380952380953,1.6223299503326416
100000,WAL,45,0.8653846153846154,0.3714595139026642
100000,WAL,46,0.3125,2.5160810947418213
100000,WAL,47,0.3409090909090909,3.0039122104644775
100000,WAL,48,0.75,1.659242033958435
100000,WAL,49,0.5660377358490566,1.0107871294021606
100000,WAL,50,0.8095238095238095,0.43557557463645935
100000,WAL,51,0.7608695652173914,2.5584003925323486
100000,WAL,52,0.9047619047619048,0.3372054696083069
100000,WAL,53,0.5833333333333334,1.571681022644043
100000,WAL,54,0.8809523809523809,1.0063692331314087
100000,WAL,55,0.5102040816326531,1.0655689239501953
100000,WAL,56,0.38095238095238093,3.379309892654419
100000,WAL,57,0.7857142857142857,1.6509544849395752
100000,WAL,58,0.8157894736842105,1.3763887882232666
100000,WAL,59,0.813953488372093,1.1038315296173096
100000,WAL,60,0.7446808510638298,1.3062102794647217
100000,WAL,61,0.2978723404255319,3.1586315631866455
100000,WAL,62,0.8723404255319149,0.2880602777004242
100000,WAL,63,0.4523809523809524,2.3108441829681396
100000,WAL,64,0.9047619047619048,0.21117644011974335
100000,WAL,65,0.86,0.731137752532959
100000,WAL,66,0.6666666666666666,1.945762038230896
100000,WAL,67,0.7857142857142857,1.1502000093460083
100000,WAL,68,0.813953488372093,1.3296700716018677
100000,WAL,69,0.8333333333333334,1.9725608825683594
100000,WAL,70,0.7857142857142857,3.510331630706787
100000,WAL,71,0.5454545454545454,1.3309392929077148
100000,WAL,72,0.8333333333333334,0.44350287318229675
100000,WAL,73,0.7804878048780488,0.6361466646194458
100000,WAL,74,0.8,1.6430786848068237
100000,WAL,75,0.8809523809523809,0.2000333070755005
110000,WAL,15,0.68,1.8660178184509277
110000,WAL,16,0.7592592592592593,0.6332898139953613
110000,WAL,17,0.22641509433962265,3.963960647583008
110000,WAL,18,0.7037037037037037,1.4462918043136597
110000,WAL,19,0.42592592592592593,1.007968544960022
110000,WAL,20,0.21568627450980393,2.981823205947876
110000,WAL,21,0.6808510638297872,1.1139686107635498
110000,WAL,22,0.6481481481481481,0.5616093873977661
110000,WAL,23,0.7307692307692307,0.8901320099830627
110000,WAL,24,0.6470588235294118,1.3087804317474365
110000,WAL,25,0.6851851851851852,0.6229612827301025
110000,WAL,26,0.6904761904761905,0.9572144746780396
110000,WAL,27,0.2962962962962963,2.4871065616607666
110000,WAL,28,0.8333333333333334,0.4235728979110718
110000,WAL,29,0.8333333333333334,0.7156890034675598
110000,WAL,30,0.48,3.2267401218414307
110000,WAL,31,0.6744186046511628,1.2633916139602661
110000,WAL,32,0.4807692307692308,1.6440708637237549
110000,WAL,33,0.7727272727272727,1.0139210224151611
110000,WAL,34,0.5918367346938775,3.923082113265991
110000,WAL,35,0.8541666666666666,1.0070093870162964
110000,WAL,36,0.7674418604651163,1.6473140716552734
110000,WAL,37,0.3333333333333333,2.7121989727020264
110000,WAL,38,0.6170212765957447,5.040616035461426
110000,WAL,39,0.5185185185185185,7.274609088897705
110000,WAL,40,0.7272727272727273,0.8274561166763306
110000,WAL,41,0.6,3.496825933456421
110000,WAL,42,0.8043478260869565,1.1626595258712769
110000,WAL,43,0.6666666666666666,1.5397557020187378
110000,WAL,44,0.9047619047619048,0.1903289556503296
110000,WAL,45,0.38461538461538464,1.2563844919204712
110000,WAL,46,0.8541666666666666,0.6445414423942566
110000,WAL,47,0.3181818181818182,2.0342977046966553
110000,WAL,48,0.7708333333333334,0.49272093176841736
110000,WAL,49,0.7169811320754716,0.7364168763160706
110000,WAL,50,0.47619047619047616,1.8484094142913818
110000,WAL,51,0.7608695652173914,1.899540901184082
110000,WAL,52,0.5238095238095238,0.9226760864257812
110000,WAL,53,0.5833333333333334,2.417022466659546
110000,WAL,54,0.4523809523809524,1.8711193799972534
110000,WAL,55,0.7959183673469388,0.5421854257583618
110000,WAL,56,0.8095238095238095,1.37442147731781
110000,WAL,57,0.6904761904761905,1.658270001411438
110000,WAL,58,0.7368421052631579,1.0551447868347168
110000,WAL,59,0.813953488372093,1.266831874847412
110000,WAL,60,0.723404255319149,0.8597286939620972
110000,WAL,61,0.7021276595744681,0.7102587819099426
110000,WAL,62,0.40425531914893614,1.1637048721313477
110000,WAL,63,0.7380952380952381,1.0324281454086304
110000,WAL,64,0.8809523809523809,0.3132797181606293
110000,WAL,65,0.94,0.402400940656662
110000,WAL,66,0.6666666666666666,3.0856266021728516
110000,WAL,67,0.42857142857142855,1.8874372243881226
110000,WAL,68,0.7674418604651163,1.0631605386734009
110000,WAL,69,0.8333333333333334,1.391575574874878
110000,WAL,70,0.7619047619047619,2.6806631088256836
110000,WAL,71,0.25,1.8855210542678833
110000,WAL,72,0.16666666666666666,4.084949016571045
110000,WAL,73,0.8536585365853658,0.7053618431091309
110000,WAL,74,0.5428571428571428,2.097637891769409
110000,WAL,75,0.8571428571428571,0.5214139223098755
120000,WAL,15,0.76,2.415778636932373
120000,WAL,16,0.6481481481481481,1.14487886428833
120000,WAL,17,0.3018867924528302,3.1164560317993164
120000,WAL,18,0.7407407407407407,1.8296376466751099
120000,WAL,19,0.5370370370370371,2.3293943405151367
120000,WAL,20,0.19607843137254902,3.807082414627075
120000,WAL,21,0.851063829787234,0.9920884966850281
120000,WAL,22,0.6666666666666666,0.807733952999115
120000,WAL,23,0.5769230769230769,2.4479854106903076
120000,WAL,24,0.6470588235294118,1.4685474634170532
120000,WAL,25,0.7592592592592593,0.693561851978302
120000,WAL,26,0.7142857142857143,0.6601818799972534
120000,WAL,27,0.6111111111111112,1.4033005237579346
120000,WAL,28,0.8095238095238095,0.6167267560958862
120000,WAL,29,0.9285714285714286,0.19347311556339264
120000,WAL,30,0.68,1.3981828689575195
120000,WAL,31,0.813953488372093,0.8911150693893433
120000,WAL,32,0.8846153846153846,0.19204020500183105
120000,WAL,33,0.7272727272727273,0.8863012194633484
120000,WAL,34,0.5714285714285714,5.148282527923584
120000,WAL,35,0.7291666666666666,1.453234076499939
120000,WAL,36,0.7674418604651163,1.3589807748794556
120000,WAL,37,0.6666666666666666,1.5026466846466064
120000,WAL,38,0.6595744680851063,1.9797366857528687
120000,WAL,39,0.5185185185185185,4.450369834899902
120000,WAL,40,0.6818181818181818,1.0366358757019043
120000,WAL,41,0.6222222222222222,2.868546485900879
120000,WAL,42,0.782608695652174,1.797930359840393
120000,WAL,43,0.7380952380952381,2.7174220085144043
120000,WAL,44,0.8571428571428571,0.6043536067008972
120000,WAL,45,0.75,0.5078107118606567
120000,WAL,46,0.14583333333333334,6.61744499206543
120000,WAL,47,0.4772727272727273,2.168459892272949
120000,WAL,48,0.7708333333333334,0.6890408992767334
120000,WAL,49,0.3584905660377358,1.731615662574768
120000,WAL,50,0.8095238095238095,1.89328932762146
120000,WAL,51,0.7391304347826086,2.5079123973846436
120000,WAL,52,0.7619047619047619,1.3509504795074463
120000,WAL,53,0.5833333333333334,2.204681158065796
120000,WAL,54,0.6904761904761905,1.471919298171997
120000,WAL,55,0.8367346938775511,0.7364170551300049
120000,WAL,56,0.8333333333333334,1.739357590675354
120000,WAL,57,0.7857142857142857,1.0683915615081787
120000,WAL,58,0.7894736842105263,1.7633626461029053
120000,WAL,59,0.8372093023255814,0.42050641775131226
120000,WAL,60,0.3617021276595745,2.507272720336914
120000,WAL,61,0.6808510638297872,1.8854691982269287
120000,WAL,62,0.851063829787234,0.5987743735313416
120000,WAL,63,0.16666666666666666,4.107870101928711
120000,WAL,64,0.8333333333333334,1.208287000656128
120000,WAL,65,0.94,0.42960017919540405
120000,WAL,66,0.6666666666666666,3.557520627975464
120000,WAL,67,0.7619047619047619,1.9304777383804321
120000,WAL,68,0.7906976744186046,0.2936658561229706
120000,WAL,69,0.8333333333333334,1.126447081565857
120000,WAL,70,0.7857142857142857,1.532166838645935
120000,WAL,71,0.2727272727272727,3.3649632930755615
120000,WAL,72,0.8809523809523809,0.3379210829734802
120000,WAL,73,0.12195121951219512,2.467661142349243
120000,WAL,74,0.8,1.5851116180419922
120000,WAL,75,0.8571428571428571,0.2517058253288269
130000,WAL,15,0.56,4.020113945007324
130000,WAL,16,0.5185185185185185,1.6696562767028809
130000,WAL,17,0.22641509433962265,4.15231990814209
130000,WAL,18,0.6111111111111112,1.2085882425308228
130000,WAL,19,0.6666666666666666,0.7946240901947021
130000,WAL,20,0.45098039215686275,2.7667150497436523
130000,WAL,21,0.6170212765957447,1.0401192903518677
130000,WAL,22,0.7407407407407407,1.280526041984558
130000,WAL,23,0.7692307692307693,1.2987200021743774
130000,WAL,24,0.6078431372549019,1.3551546335220337
130000,WAL,25,0.7222222222222222,0.8205420970916748
130000,WAL,26,0.9285714285714286,0.1162724643945694
130000,WAL,27,0.4444444444444444,1.2311577796936035
130000,WAL,28,0.8333333333333334,1.0835603475570679
130000,WAL,29,0.5,1.1077250242233276
130000,WAL,30,0.46,3.864518165588379
130000,WAL,31,0.7441860465116279,1.399957299232483
130000,WAL,32,0.6538461538461539,0.7639884352684021
130000,WAL,33,0.45454545454545453,1.719783902168274
130000,WAL,34,0.5714285714285714,3.241443157196045
130000,WAL,35,0.6458333333333334,0.8583893179893494
130000,WAL,36,0.32558139534883723,2.317678689956665
130000,WAL,37,0.8095238095238095,0.9459209442138672
130000,WAL,38,0.5957446808510638,3.8560261726379395
130000,WAL,39,0.5185185185185185,2.447324514389038
130000,WAL,40,0.25,5.2190937995910645
130000,WAL,41,0.6222222222222222,2.48392915725708
130000,WAL,42,0.782608695652174,1.6210508346557617
130000,WAL,43,0.7857142857142857,0.5435874462127686
130000,WAL,44,0.8333333333333334,0.28297188878059387
130000,WAL,45,0.21153846153846154,3.648404598236084
130000,WAL,46,0.9583333333333334,0.13128645718097687
130000,WAL,47,0.18181818181818182,4.5961480140686035
130000,WAL,48,0.75,2.412733793258667
130000,WAL,49,0.2830188679245283,2.7923552989959717
130000,WAL,50,0.3333333333333333,2.667301893234253
130000,WAL,51,0.7391304347826086,2.2958924770355225
130000,WAL,52,0.30952380952380953,1.667191505432129
130000,WAL,53,0.5833333333333334,2.400254964828491
130000,WAL,54,0.7857142857142857,1.0548638105392456
130000,WAL,55,0.6530612244897959,0.9071524739265442
130000,WAL,56,0.8095238095238095,1.4933611154556274
130000,WAL,57,0.8333333333333334,0.689180850982666
130000,WAL,58,0.7368421052631579,0.7996406555175781
130000,WAL,59,0.813953488372093,1.4898924827575684
130000,WAL,60,0.3404255319148936,2.383570671081543
130000,WAL,61,0.48936170212765956,1.688267469406128
130000,WAL,62,0.44680851063829785,1.0175758600234985
130000,WAL,63,0.5,2.3506853580474854
130000,WAL,64,0.8809523809523809,0.4256533980369568
130000,WAL,65,0.78,0.7745108008384705
130000,WAL,66,0.6666666666666666,1.8427040576934814
130000,WAL,67,0.11904761904761904,6.452099800109863
130000,WAL,68,0.3953488372093023,2.52803897857666
130000,WAL,69,0.8333333333333334,1.323693037033081
130000,WAL,70,0.7619047619047619,2.9011306762695312
130000,WAL,71,0.18181818181818182,3.3047144412994385
130000,WAL,72,0.23809523809523808,1.6247881650924683
130000,WAL,73,0.7804878048780488,0.4482007920742035
130000,WAL,74,0.4857142857142857,2.8797361850738525
130000,WAL,75,0.6666666666666666,0.5312507152557373
140000,WAL,15,0.56,3.7695441246032715
140000,WAL,16,0.35185185185185186,2.148427963256836
140000,WAL,17,0.24528301886792453,3.366678237915039
140000,WAL,18,0.7407407407407407,1.0033811330795288
140000,WAL,19,0.7222222222222222,1.5063707828521729
140000,WAL,20,0.29411764705882354,2.3952763080596924
140000,WAL,21,0.8297872340425532,1.1394845247268677
140000,WAL,22,0.6666666666666666,1.1784254312515259
140000,WAL,23,0.6923076923076923,3.3923254013061523
140000,WAL,24,0.6274509803921569,1.3860304355621338
140000,WAL,25,0.6666666666666666,0.7140612006187439
140000,WAL,26,0.9523809523809523,0.09999565035104752
140000,WAL,27,0.2962962962962963,4.21009635925293
140000,WAL,28,0.8333333333333334,0.9646562933921814
140000,WAL,29,0.8333333333333334,0.4241752028465271
140000,WAL,30,0.42,3.703019142150879
140000,WAL,31,0.7906976744186046,1.919840931892395
140000,WAL,32,0.6730769230769231,0.6345008015632629
140000,WAL,33,0.7272727272727273,0.6953202486038208
140000,WAL,34,0.5918367346938775,2.8902676105499268
140000,WAL,35,0.6875,1.9643545150756836
140000,WAL,36,0.27906976744186046,2.685196876525879
140000,WAL,37,0.6190476190476191,1.6157631874084473
140000,WAL,38,0.5957446808510638,3.6522135734558105
140000,WAL,39,0.5185185185185185,3.5909135341644287
140000,WAL,40,0.5681818181818182,1.424471139907837
140000,WAL,41,0.6444444444444445,2.5543010234832764
140000,WAL,42,0.782608695652174,2.5033206939697266
140000,WAL,43,0.8095238095238095,1.3391525745391846
140000,WAL,44,0.7857142857142857,0.8681210279464722
140000,WAL,45,0.5384615384615384,0.991806149482727
140000,WAL,46,0.8958333333333334,0.12448237091302872
140000,WAL,47,0.1590909090909091,7.861175537109375
140000,WAL,48,0.75,3.024831771850586
140000,WAL,49,0.6037735849056604,0.6829310655593872
140000,WAL,50,0.7857142857142857,0.5849583745002747
140000,WAL,51,0.6956521739130435,2.833989381790161
140000,WAL,52,0.35714285714285715,1.131495475769043
140000,WAL,53,0.5833333333333334,3.871307611465454
140000,WAL,54,0.7619047619047619,1.4017205238342285
140000,WAL,55,0.8979591836734694,0.22395262122154236
140000,WAL,56,0.8095238095238095,1.7165354490280151
140000,WAL,57,0.7142857142857143,1.587306022644043
140000,WAL,58,0.8421052631578947,0.7186502814292908
140000,WAL,59,0.813953488372093,0.9388933181762695
140000,WAL,60,0.3617021276595745,2.8027801513671875
140000,WAL,61,0.6382978723404256,1.0587798357009888
140000,WAL,62,0.7659574468085106,0.5096740126609802
140000,WAL,63,0.16666666666666666,4.667501926422119
140000,WAL,64,0.8333333333333334,0.9157718420028687
140000,WAL,65,0.78,1.076319932937622
140000,WAL,66,0.6666666666666666,5.399421215057373
140000,WAL,67,0.6190476190476191,2.062633514404297
140000,WAL,68,0.8372093023255814,0.32992249727249146
140000,WAL,69,0.8333333333333334,1.1327135562896729
140000,WAL,70,0.7619047619047619,2.1919443607330322
140000,WAL,71,0.5681818181818182,2.0027520656585693
140000,WAL,72,0.7857142857142857,0.47321951389312744
140000,WAL,73,0.8292682926829268,0.5052739381790161
140000,WAL,74,0.8,1.6726667881011963
140000,WAL,75,0.8333333333333334,0.2814866006374359
150000,WAL,15,0.62,2.297438621520996
150000,WAL,16,0.7407407407407407,0.8820239901542664
150000,WAL,17,0.20754716981132076,2.8200128078460693
150000,WAL,18,0.7222222222222222,2.046678066253662
150000,WAL,19,0.24074074074074073,4.254405975341797
150000,WAL,20,0.1568627450980392,4.155025482177734
150000,WAL,21,0.851063829787234,1.2355351448059082
150000,WAL,22,0.7407407407407407,0.5797675848007202
150000,WAL,23,0.7692307692307693,1.4733197689056396
150000,WAL,24,0.6274509803921569,1.184033989906311
150000,WAL,25,0.7592592592592593,0.936281681060791
150000,WAL,26,0.6904761904761905,1.0955910682678223
150000,WAL,27,0.7962962962962963,0.7135081887245178
150000,WAL,28,0.7857142857142857,0.6366084814071655
150000,WAL,29,0.7857142857142857,0.6397976875305176
150000,WAL,30,0.58,1.511081576347351
150000,WAL,31,0.6976744186046512,2.237555980682373
150000,WAL,32,0.7692307692307693,0.7802127003669739
150000,WAL,33,0.8181818181818182,0.8087865710258484
150000,WAL,34,0.5918367346938775,7.258822917938232
150000,WAL,35,0.75,0.6325430274009705
150000,WAL,36,0.7906976744186046,1.0214816331863403
150000,WAL,37,0.8095238095238095,0.7149392366409302
150000,WAL,38,0.6170212765957447,3.8468711376190186
150000,WAL,39,0.5185185185185185,3.093808174133301
150000,WAL,40,0.9318181818181818,0.24362854659557343
150000,WAL,41,0.6222222222222222,3.430774211883545
150000,WAL,42,0.6521739130434783,1.9906413555145264
150000,WAL,43,0.6666666666666666,2.0012295246124268
150000,WAL,44,0.8333333333333334,0.9720127582550049
150000,WAL,45,0.5961538461538461,0.897220253944397
150000,WAL,46,0.8541666666666666,0.33609461784362793
150000,WAL,47,0.7954545454545454,0.9476602077484131
150000,WAL,48,0.7291666666666666,0.7539255619049072
150000,WAL,49,0.4339622641509434,1.262471318244934
150000,WAL,50,0.7619047619047619,0.8761550188064575
150000,WAL,51,0.717391304347826,1.7169588804244995
150000,WAL,52,0.8571428571428571,0.5262889862060547
150000,WAL,53,0.5833333333333334,1.1769386529922485
150000,WAL,54,0.7857142857142857,1.2282370328903198
150000,WAL,55,0.673469387755102,0.8874680399894714
150000,WAL,56,0.8333333333333334,1.297642707824707
150000,WAL,57,0.8333333333333334,0.8633028864860535
150000,WAL,58,0.7368421052631579,1.6695393323898315
150000,WAL,59,0.813953488372093,0.9668036103248596
150000,WAL,60,0.723404255319149,0.617767333984375
150000,WAL,61,0.8085106382978723,0.45447126030921936
150000,WAL,62,0.3191489361702128,1.7512903213500977
150000,WAL,63,0.6428571428571429,2.018613815307617
150000,WAL,64,0.8333333333333334,1.0057964324951172
150000,WAL,65,0.96,0.3982495367527008
150000,WAL,66,0.6666666666666666,2.9225776195526123
150000,WAL,67,0.6904761904761905,1.3441609144210815
150000,WAL,68,0.627906976744186,1.129685640335083
150000,WAL,69,0.8333333333333334,1.2811559438705444
150000,WAL,70,0.7619047619047619,1.964785099029541
150000,WAL,71,0.7727272727272727,0.8541927933692932
150000,WAL,72,0.9047619047619048,0.22679626941680908
150000,WAL,73,0.7073170731707317,0.7713539004325867
150000,WAL,74,0.8,1.7602695226669312
150000,WAL,75,0.9047619047619048,0.2892099916934967
160000,WAL,15,0.74,2.3082375526428223
160000,WAL,16,0.5740740740740741,1.4248552322387695
160000,WAL,17,0.32075471698113206,3.1918766498565674
160000,WAL,18,0.7407407407407407,1.296704649925232
160000,WAL,19,0.7592592592592593,1.6253403425216675
160000,WAL,20,0.21568627450980393,3.725435495376587
160000,WAL,21,0.8085106382978723,1.3862087726593018
160000,WAL,22,0.6111111111111112,0.8466187119483948
160000,WAL,23,0.7307692307692307,0.6282994151115417
160000,WAL,24,0.5294117647058824,1.850605845451355
160000,WAL,25,0.7592592592592593,1.2879295349121094
160000,WAL,26,0.7142857142857143,0.8994622230529785
160000,WAL,27,0.6296296296296297,1.375266194343567
160000,WAL,28,0.5714285714285714,2.20540714263916
160000,WAL,29,0.8095238095238095,0.9497968554496765
160000,WAL,30,0.42,2.255007743835449
160000,WAL,31,0.813953488372093,2.7668583393096924
160000,WAL,32,0.75,0.8288491368293762
160000,WAL,33,0.7272727272727273,1.2482939958572388
160000,WAL,34,0.46938775510204084,3.6389217376708984
160000,WAL,35,0.6875,2.004697322845459
160000,WAL,36,0.6744186046511628,1.8470118045806885
160000,WAL,37,0.6428571428571429,1.0218465328216553
160000,WAL,38,0.6808510638297872,2.0051567554473877
160000,WAL,39,0.5185185185185185,3.2610723972320557
160000,WAL,40,0.7727272727272727,0.632631778717041
160000,WAL,41,0.6222222222222222,3.104346990585327
160000,WAL,42,0.782608695652174,1.3541103601455688
160000,WAL,43,0.7857142857142857,1.7565195560455322
160000,WAL,44,0.8333333333333334,1.0403844118118286
160000,WAL,45,0.8461538461538461,0.6189022660255432
160000,WAL,46,0.875,0.26354163885116577
160000,WAL,47,0.1590909090909091,4.5576934814453125
160000,WAL,48,0.8125,0.5319555401802063
160000,WAL,49,0.660377358490566,0.5937870144844055
160000,WAL,50,0.7857142857142857,0.5270363688468933
160000,WAL,51,0.717391304347826,2.043407917022705
160000,WAL,52,0.16666666666666666,2.390906810760498
160000,WAL,53,0.5833333333333334,1.953721046447754
160000,WAL,54,0.38095238095238093,2.129169225692749
160000,WAL,55,0.8367346938775511,0.9514406323432922
160000,WAL,56,0.8333333333333334,1.7639687061309814
160000,WAL,57,0.8333333333333334,1.3460098505020142
160000,WAL,58,0.7631578947368421,0.9853195548057556
160000,WAL,59,0.813953488372093,0.5592532157897949
160000,WAL,60,0.8085106382978723,0.7910211682319641
160000,WAL,61,0.3191489361702128,2.0061326026916504
160000,WAL,62,0.5957446808510638,0.8759446740150452
160000,WAL,63,0.5714285714285714,2.018282651901245
160000,WAL,64,0.8333333333333334,1.081535816192627
160000,WAL,65,0.94,0.6744840145111084
160000,WAL,66,0.6666666666666666,1.7047277688980103
160000,WAL,67,0.5,2.03415584564209
160000,WAL,68,0.7906976744186046,0.5924352407455444
160000,WAL,69,0.8333333333333334,0.9744453430175781
160000,WAL,70,0.7619047619047619,1.6407983303070068
160000,WAL,71,0.6136363636363636,0.6972510814666748
160000,WAL,72,0.47619047619047616,1.0187064409255981
160000,WAL,73,0.926829268292683,0.26615163683891296
160000,WAL,74,0.8,1.8237544298171997
160000,WAL,75,0.5238095238095238,1.2433381080627441
170000,WAL,15,0.76,2.061925172805786
170000,WAL,16,0.7592592592592593,1.064827561378479
170000,WAL,17,0.41509433962264153,2.8398892879486084
170000,WAL,18,0.6666666666666666,3.490255355834961
170000,WAL,19,0.7407407407407407,1.698754906654358
170000,WAL,20,0.4117647058823529,2.0313334465026855
170000,WAL,21,0.7872340425531915,0.9950628876686096
170000,WAL,22,0.5555555555555556,0.8650140166282654
170000,WAL,23,0.7692307692307693,0.4835275411605835
170000,WAL,24,0.6666666666666666,2.2161550521850586
170000,WAL,25,0.7592592592592593,1.4897010326385498
170000,WAL,26,0.8333333333333334,0.842736005783081
170000,WAL,27,0.7592592592592593,1.5447033643722534
170000,WAL,28,0.8095238095238095,0.6370877027511597
170000,WAL,29,0.8095238095238095,0.6355780959129333
170000,WAL,30,0.28,2.5124599933624268
170000,WAL,31,0.7674418604651163,1.2467986345291138
170000,WAL,32,0.7884615384615384,0.8832510709762573
170000,WAL,33,0.7272727272727273,0.7230753302574158
170000,WAL,34,0.5306122448979592,2.932100534439087
170000,WAL,35,0.4583333333333333,3.1638917922973633
170000,WAL,36,0.27906976744186046,2.6918835639953613
170000,WAL,37,0.8809523809523809,0.5996498465538025
170000,WAL,38,0.5957446808510638,1.9408721923828125
170000,WAL,39,0.5185185185185185,3.6203863620758057
170000,WAL,40,0.9318181818181818,0.2418396919965744
170000,WAL,41,0.6444444444444445,2.137030839920044
170000,WAL,42,0.7391304347826086,1.6926219463348389
170000,WAL,43,0.7619047619047619,0.959317147731781
170000,WAL,44,0.8333333333333334,0.8201858997344971
170000,WAL,45,0.7692307692307693,1.3454723358154297
170000,WAL,46,0.8541666666666666,0.29808497428894043
170000,WAL,47,0.8409090909090909,0.43831777572631836
170000,WAL,48,0.75,0.49528968334198
170000,WAL,49,0.33962264150943394,1.5812093019485474
170000,WAL,50,0.7619047619047619,1.598659873008728
170000,WAL,51,0.717391304347826,1.6963741779327393
170000,WAL,52,0.6666666666666666,0.9736952781677246
170000,WAL,53,0.375,4.583769798278809
170000,WAL,54,0.7619047619047619,0.7501166462898254
170000,WAL,55,0.8163265306122449,0.8760268688201904
170000,WAL,56,0.8809523809523809,0.2873563766479492
170000,WAL,57,0.8333333333333334,1.0892285108566284
170000,WAL,58,0.7631578947368421,0.7879558205604553
170000,WAL,59,0.8372093023255814,0.7972070574760437
170000,WAL,60,0.574468085106383,2.339033603668213
170000,WAL,61,0.5531914893617021,2.5905449390411377
170000,WAL,62,0.8297872340425532,0.5006712079048157
170000,WAL,63,0.7380952380952381,0.797014594078064
170000,WAL,64,0.8095238095238095,1.7848631143569946
170000,WAL,65,0.94,0.6092483997344971
170000,WAL,66,0.6904761904761905,2.5824382305145264
170000,WAL,67,0.7380952380952381,1.4720696210861206
170000,WAL,68,0.8372093023255814,0.46030306816101074
170000,WAL,69,0.8571428571428571,0.7662054896354675
170000,WAL,70,0.7142857142857143,1.6671274900436401
170000,WAL,71,0.8409090909090909,0.33021441102027893
170000,WAL,72,0.8333333333333334,1.3490225076675415
170000,WAL,73,0.8048780487804879,0.936720609664917
170000,WAL,74,0.8,1.3426737785339355
170000,WAL,75,0.8571428571428571,0.24608977138996124
180000,WAL,15,0.8,2.216157913208008
180000,WAL,16,0.7037037037037037,0.9167098999023438
180000,WAL,17,0.5471698113207547,2.2635247707366943
180000,WAL,18,0.7407407407407407,2.0451786518096924
180000,WAL,19,0.6666666666666666,2.0920445919036865
180000,WAL,20,0.21568627450980393,2.903348922729492
180000,WAL,21,0.8297872340425532,0.9278218746185303
180000,WAL,22,0.7962962962962963,0.5111930966377258
180000,WAL,23,0.5384615384615384,2.922560453414917
180000,WAL,24,0.5294117647058824,1.2560755014419556
180000,WAL,25,0.7407407407407407,1.5152063369750977
180000,WAL,26,0.7142857142857143,0.831527054309845
180000,WAL,27,0.46296296296296297,1.7153887748718262
180000,WAL,28,0.6904761904761905,1.0888011455535889
180000,WAL,29,0.8333333333333334,0.7405924201011658
180000,WAL,30,0.68,3.0043551921844482
180000,WAL,31,0.7906976744186046,2.205247640609741
180000,WAL,32,0.75,0.5314744114875793
180000,WAL,33,0.7727272727272727,0.7396755218505859
180000,WAL,34,0.5714285714285714,2.9428415298461914
180000,WAL,35,0.8541666666666666,0.615285336971283
180000,WAL,36,0.7209302325581395,1.488592505455017
180000,WAL,37,0.8095238095238095,0.7339131236076355
180000,WAL,38,0.5957446808510638,4.431002140045166
180000,WAL,39,0.5185185185185185,3.776707887649536
180000,WAL,40,0.6363636363636364,0.8693991303443909
180000,WAL,41,0.5555555555555556,3.2242462635040283
180000,WAL,42,0.782608695652174,1.8114620447158813
180000,WAL,43,0.7857142857142857,2.0722317695617676
180000,WAL,44,0.8333333333333334,1.2173322439193726
180000,WAL,45,0.7307692307692307,0.5984739661216736
180000,WAL,46,0.8541666666666666,0.5739626884460449
180000,WAL,47,0.8409090909090909,0.5266970992088318
180000,WAL,48,0.6666666666666666,0.9497794508934021
180000,WAL,49,0.3018867924528302,1.5335227251052856
180000,WAL,50,0.8333333333333334,1.2097829580307007
180000,WAL,51,0.6739130434782609,1.244599461555481
180000,WAL,52,0.38095238095238093,1.4505516290664673
180000,WAL,53,0.5833333333333334,3.187567710876465
180000,WAL,54,0.7380952380952381,1.7391936779022217
180000,WAL,55,0.8367346938775511,0.8881292343139648
180000,WAL,56,0.8571428571428571,0.4093182384967804
180000,WAL,57,0.8095238095238095,0.6524313688278198
180000,WAL,58,0.7631578947368421,1.1273959875106812
180000,WAL,59,0.8604651162790697,0.3239460587501526
180000,WAL,60,0.44680851063829785,2.163696050643921
180000,WAL,61,0.46808510638297873,1.5527034997940063
180000,WAL,62,0.8297872340425532,0.7504692077636719
180000,WAL,63,0.7380952380952381,0.8078131079673767
180000,WAL,64,0.8333333333333334,1.3367674350738525
180000,WAL,65,0.96,0.6324068307876587
180000,WAL,66,0.6666666666666666,2.3630053997039795
180000,WAL,67,0.6904761904761905,1.347206473350525
180000,WAL,68,0.8372093023255814,1.255238652229309
180000,WAL,69,0.7857142857142857,0.546481192111969
180000,WAL,70,0.7380952380952381,3.0461106300354004
180000,WAL,71,0.9090909090909091,0.28202003240585327
180000,WAL,72,0.8333333333333334,1.257832646369934
180000,WAL,73,0.14634146341463414,2.4134862422943115
180000,WAL,74,0.8,2.140106678009033
180000,WAL,75,0.8333333333333334,0.7927544713020325
