Elapsed Time,Iteration,D/loss_real,D/loss_fake,D/loss_cls,D/loss_gp,G/loss_fake,G/loss_rec,G/loss_cls,G/loss_dom
0:00:07,100,-3.9760,-0.7274,1.4147,0.0142,0.3992,0.3072,1.6750
0:00:11,200,-2.5268,-0.4466,1.0585,0.0110,0.5790,0.1611,1.8179
0:00:15,300,-1.9519,-0.6357,0.9096,0.0206,0.6103,0.1220,1.5479
0:00:19,400,-1.6779,-0.6066,1.5305,0.0093,0.7561,0.0910,0.9689
0:00:23,500,-1.9054,-0.4780,1.3331,0.0364,0.1748,0.0839,0.8958
0:00:27,600,-0.9722,-1.2756,1.0626,0.0096,1.2450,0.0872,0.9247
0:00:32,700,-1.4518,-0.7154,0.7183,0.0145,0.6740,0.0958,0.7408
0:00:36,800,-1.6522,-0.5401,0.6615,0.0111,0.5375,0.0850,0.6248
0:00:40,900,-1.4307,-0.6727,0.9916,0.0138,0.6703,0.0844,0.6182
0:00:44,1000,-1.2426,-0.7441,0.8401,0.0031,0.8630,0.0760,0.9012
0:00:59,1100,-1.0588,-0.9197,0.8938,0.0021,1.0829,0.0863,0.7313
0:01:03,1200,-1.1254,-0.8832,0.7783,0.0071,0.9148,0.0782,0.8546
0:01:07,1300,-1.0679,-0.7983,0.7530,0.0066,0.7880,0.0719,0.5735
0:01:12,1400,-0.9260,-0.9944,0.6067,0.0082,0.9415,0.0810,0.6035
0:01:16,1500,-0.8775,-0.9889,0.9379,0.0061,0.9918,0.0615,0.6792
0:01:20,1600,-0.7276,-0.8478,0.5647,0.0058,0.8259,0.0798,0.4345
0:01:25,1700,-0.7296,-0.9026,0.6263,0.0070,0.8635,0.0829,0.4752
0:01:29,1800,-0.6593,-0.9311,0.6988,0.0024,0.9511,0.0692,0.7523
0:01:33,1900,-0.6618,-0.8638,0.7832,0.0110,0.9324,0.0586,0.7306
0:01:38,2000,-0.4799,-0.8323,0.5996,0.0176,0.8642,0.0680,0.7820
0:01:53,2100,-0.4784,-0.7979,0.6680,0.0036,0.9357,0.0590,0.4254
0:01:57,2200,-0.2486,-0.7716,0.5773,0.0061,0.7584,0.0579,0.3608
0:02:02,2300,-0.2859,-0.6846,0.7588,0.0066,0.6387,0.0552,0.5072
0:02:06,2400,-0.2550,0.1555,0.5573,0.0053,-0.1065,0.0575,0.3551
0:02:10,2500,1.0462,-1.1805,0.6925,0.0025,1.1898,0.0537,0.5224
0:02:14,2600,0.5467,-0.6875,0.6380,0.0060,0.6522,0.0611,0.5085
0:02:19,2700,0.9416,-1.1016,0.7644,0.0082,1.0955,0.0530,0.4730
0:02:23,2800,0.8514,-1.0158,0.7081,0.0025,0.9692,0.0538,0.3657
0:02:27,2900,0.7126,-0.9055,0.6341,0.0049,0.9016,0.0560,0.2525
0:02:32,3000,0.7279,-0.9390,0.4840,0.0055,0.9138,0.0517,0.2285
0:02:47,3100,0.7061,-0.8759,0.5385,0.0082,0.9516,0.0599,0.1654
0:02:51,3200,0.9213,-1.1104,0.4999,0.0095,1.0435,0.0513,0.2669
0:02:55,3300,0.8838,-1.0377,0.5527,0.0036,0.7508,0.0558,0.1395
0:02:59,3400,0.5978,-0.8473,0.3605,0.0110,0.8509,0.0650,0.1291
0:03:04,3500,0.6348,-0.7467,0.8416,0.0029,0.7712,0.0495,0.1781
0:03:08,3600,0.8755,-1.0369,0.6397,0.0041,0.9791,0.0443,0.2465
0:03:13,3700,0.7848,-0.9965,0.2301,0.0083,1.0053,0.0480,0.1461
0:03:17,3800,0.5918,-0.7219,0.4011,0.0042,0.7307,0.0513,0.0607
0:03:21,3900,0.5353,-0.6974,0.2465,0.0055,0.8036,0.0501,0.0657
0:03:26,4000,0.5792,-0.7465,0.1872,0.0042,0.7236,0.0521,0.1270
0:03:41,4100,0.6692,-0.7895,0.6725,0.0062,0.7239,0.0459,0.0897
0:03:45,4200,0.6239,-0.7489,0.2403,0.0031,0.7931,0.0406,0.0300
0:03:49,4300,0.4940,-0.6239,0.7697,0.0052,0.6287,0.0457,0.0593
0:03:54,4400,0.4769,-0.6659,0.2648,0.0048,0.7203,0.0513,0.0814
0:03:58,4500,0.4598,-0.6498,0.1815,0.0065,0.6800,0.0403,0.0477
0:04:02,4600,0.6029,-0.7936,0.6321,0.0054,0.7396,0.0479,0.0818
0:04:07,4700,0.5083,-0.6915,0.3411,0.0072,0.8230,0.0483,0.0191
0:04:11,4800,0.3923,-0.6307,0.5130,0.0048,0.6780,0.0469,0.0938
0:04:15,4900,0.5264,-0.6830,0.1382,0.0043,0.7263,0.0457,0.0329
0:04:19,5000,0.4865,-0.6569,0.2094,0.0049,0.6276,0.0416,0.0692
0:04:34,5100,0.4473,-0.5853,0.7810,0.0069,0.6336,0.0434,0.1284
0:04:39,5200,0.4324,-0.5939,0.3105,0.0066,0.5447,0.0408,0.0418
0:04:43,5300,0.4291,-0.5962,0.2608,0.0048,0.6836,0.0424,0.0332
0:04:47,5400,0.2875,-0.4254,0.5038,0.0049,0.4409,0.0561,0.0626
0:04:52,5500,0.3014,-0.3958,0.4254,0.0057,0.4191,0.0362,0.0493
0:04:56,5600,0.2398,-0.4521,0.1300,0.0034,0.4639,0.0479,0.0548
0:05:00,5700,0.2348,-0.3883,0.2909,0.0044,0.4068,0.0404,0.0348
0:05:05,5800,0.2303,-0.3415,0.5415,0.0019,0.3802,0.0402,0.0212
0:05:09,5900,0.2719,-0.5650,0.1808,0.0024,0.5020,0.0565,0.0432
0:05:13,6000,0.2896,-0.3979,0.3093,0.0045,0.3416,0.0400,0.0557
0:05:28,6100,0.3031,-0.4591,0.3290,0.0054,0.4207,0.0457,0.0959
0:05:32,6200,0.2827,-0.4400,0.4887,0.0034,0.4800,0.0406,0.0229
0:05:37,6300,0.2382,-0.4143,0.3392,0.0050,0.4323,0.0473,0.0842
0:05:41,6400,0.3399,-0.6082,0.5354,0.0076,0.5724,0.0505,0.0115
0:05:45,6500,0.2727,-0.4713,0.2584,0.0100,0.4713,0.0453,0.0319
0:05:50,6600,0.2530,-0.3954,0.2371,0.0042,0.3657,0.0410,0.0198
0:05:54,6700,0.1348,-0.3553,0.0478,0.0095,0.3869,0.0443,0.0283
0:05:58,6800,0.2982,-0.4601,0.2931,0.0009,0.4467,0.0425,0.0158
0:06:03,6900,0.2260,-0.4193,0.0382,0.0056,0.3798,0.0434,0.0073
0:06:07,7000,0.0927,-0.3493,0.0911,0.0050,0.3779,0.0521,0.0125
0:06:22,7100,0.2126,-0.4960,0.3882,0.0046,0.5485,0.0534,0.0584
0:06:26,7200,0.1830,-0.3575,0.1865,0.0013,0.3673,0.0400,0.0141
0:06:31,7300,0.1165,-0.3435,0.2047,0.0036,0.3828,0.0407,0.0263
0:06:35,7400,0.1679,-0.3412,0.1938,0.0032,0.3139,0.0364,0.0222
0:06:39,7500,0.1364,-0.2744,0.1525,0.0037,0.3013,0.0416,0.0219
0:06:44,7600,0.1806,-0.3578,0.0429,0.0037,0.3438,0.0388,0.0386
0:06:48,7700,0.1363,-0.3031,0.2245,0.0066,0.2504,0.0401,0.0020
0:06:52,7800,0.2908,-0.4135,0.0345,0.0029,0.4406,0.0417,0.0100
0:06:57,7900,0.1833,-0.3959,0.0600,0.0024,0.4192,0.0395,0.0146
0:07:01,8000,0.1206,-0.3051,0.0480,0.0070,0.3100,0.0354,0.0184
0:07:17,8100,0.2299,-0.3828,0.1345,0.0040,0.3718,0.0362,0.0116
0:07:21,8200,0.1911,-0.3671,0.0949,0.0059,0.3639,0.0348,0.0041
0:07:25,8300,0.1466,-0.3800,0.0625,0.0046,0.3663,0.0464,0.0079
0:07:29,8400,0.0992,-0.2578,0.2515,0.0019,0.2369,0.0379,0.0310
0:07:34,8500,0.0737,-0.3235,0.0158,0.0058,0.3358,0.0415,0.0065
0:07:38,8600,0.1481,-0.3248,0.0473,0.0037,0.3526,0.0448,0.0038
0:07:42,8700,0.1267,-0.2798,0.2630,0.0074,0.2881,0.0386,0.0078
0:07:47,8800,-0.1522,0.0283,0.2003,0.2018,-0.0242,0.0479,0.0102
0:07:51,8900,0.2509,-0.3805,0.1266,0.0026,0.3788,0.0344,0.0124
0:07:55,9000,0.1010,-0.2614,0.1915,0.0044,0.2714,0.0422,0.0187
0:08:10,9100,0.1631,-0.3297,0.3871,0.0041,0.3012,0.0405,0.0183
0:08:14,9200,0.1573,-0.3171,0.2049,0.0043,0.3109,0.0375,0.0144
0:08:19,9300,0.0929,-0.2608,0.0199,0.0051,0.2956,0.0377,0.0050
0:08:23,9400,0.0749,-0.2765,0.1893,0.0032,0.3002,0.0397,0.0635
0:08:27,9500,0.0542,-0.2343,0.1835,0.0039,0.2460,0.0381,0.0048
0:08:32,9600,0.1539,-0.3480,0.1300,0.0031,0.3650,0.0436,0.0330
0:08:36,9700,0.0631,-0.2564,0.2587,0.0028,0.2721,0.0380,0.0215
0:08:40,9800,0.1151,-0.3051,0.0964,0.0024,0.2828,0.0408,0.1014
0:08:45,9900,0.0946,-0.4321,0.0691,0.0052,0.4432,0.0548,0.0193
0:08:49,10000,0.2072,-0.4657,0.1216,0.0038,0.4573,0.0430,0.0066
0:12:04,10100,0.1320,-0.3776,0.0238,0.0053,0.4079,0.0400,0.0083
0:12:08,10200,0.0882,-0.3359,0.1307,0.0054,0.3282,0.0434,0.0226
0:12:13,10300,-0.0115,-0.2506,0.0483,0.0044,0.3036,0.0438,0.1332
0:12:17,10400,0.1105,-0.3442,0.1972,0.0017,0.3148,0.0428,0.0275
0:12:21,10500,-0.0213,-0.2023,0.0371,0.0040,0.2346,0.0437,0.0133
0:12:26,10600,0.0401,-0.2661,0.2111,0.0027,0.2704,0.0379,0.0055
0:12:30,10700,0.0835,-0.2058,0.1961,0.0017,0.2179,0.0345,0.0166
0:12:34,10800,0.0979,-0.2405,0.0653,0.0027,0.2418,0.0331,0.0325
0:12:39,10900,0.0651,-0.2696,0.0133,0.0050,0.2621,0.0440,0.0050
0:12:43,11000,-0.0232,-0.1721,0.1071,0.0106,0.1650,0.0399,0.0117
0:12:58,11100,0.0718,-0.2703,0.0049,0.0051,0.2553,0.0378,0.0062
0:13:02,11200,0.1182,-0.3037,0.1707,0.0018,0.3203,0.0382,0.0080
0:13:07,11300,0.1215,-0.2656,0.0267,0.0040,0.2732,0.0385,0.0023
0:13:11,11400,0.0999,-0.2340,0.1965,0.0062,0.2819,0.0349,0.0127
0:13:15,11500,0.0289,-0.2383,0.2952,0.0035,0.2363,0.0436,0.0154
0:13:20,11600,0.0181,-0.5456,0.0200,0.0030,0.5360,0.0623,0.0154
0:13:24,11700,0.1065,-0.5093,0.0958,0.0040,0.5197,0.0423,0.0759
0:13:28,11800,0.1522,-0.4693,0.0352,0.0028,0.4924,0.0443,0.0115
0:13:33,11900,0.0515,-0.4442,0.0065,0.0014,0.4415,0.0489,0.0103
0:13:37,12000,-0.0229,-0.3920,0.1865,0.0072,0.3885,0.0442,0.0128
0:13:52,12100,0.0686,-0.3129,0.2501,0.0036,0.3243,0.0357,0.0130
0:13:56,12200,0.0466,-0.3285,0.0962,0.0039,0.3433,0.0408,0.0126
0:14:00,12300,0.0349,-0.3399,0.3404,0.0043,0.3385,0.0470,0.0028
0:14:04,12400,0.0027,-0.3275,0.0480,0.0016,0.3502,0.0440,0.0058
0:14:09,12500,0.0646,-0.3748,0.1804,0.0018,0.3727,0.0358,0.0061
0:14:13,12600,-0.1027,-0.1927,0.0112,0.0033,0.2268,0.0481,0.0027
0:14:17,12700,0.1039,-0.3859,0.1936,0.0036,0.3671,0.0355,0.0646
0:14:21,12800,0.0776,-0.3651,0.1192,0.0061,0.3369,0.0397,0.0009
0:14:26,12900,0.0090,-0.3455,0.0460,0.0022,0.3590,0.0431,0.0218
0:14:30,13000,-0.0277,-0.3005,0.0059,0.0017,0.2634,0.0381,0.0086
0:14:45,13100,0.0044,-0.2412,0.0360,0.0015,0.2548,0.0373,0.0027
0:14:49,13200,0.0500,-0.3203,0.0243,0.0048,0.2919,0.0527,0.0131
0:14:53,13300,-0.0455,-0.1881,0.0304,0.0016,0.2089,0.0410,0.0191
0:14:57,13400,0.0032,-0.2804,0.0821,0.0025,0.2612,0.0365,0.0039
0:15:02,13500,0.0272,-0.3553,0.1253,0.0036,0.3343,0.0376,0.0149
0:15:06,13600,0.0496,-0.3177,0.0438,0.0030,0.2945,0.0364,0.0363
0:15:10,13700,0.0412,-0.2781,0.2656,0.0024,0.2550,0.0387,0.0071
0:15:15,13800,-0.0464,-0.2197,0.1343,0.0036,0.2227,0.0373,0.0082
0:15:19,13900,0.1071,-0.3324,0.0054,0.0010,0.3332,0.0276,0.0113
0:15:23,14000,0.0017,-0.2782,0.0395,0.0012,0.2921,0.0419,0.0348
0:15:37,14100,-0.0069,-0.2346,0.0100,0.0016,0.2467,0.0371,0.0107
0:15:41,14200,0.0372,-0.3088,0.1288,0.0026,0.2921,0.0391,0.0418
0:15:45,14300,-0.0886,-0.1605,0.0601,0.0015,0.1813,0.0393,0.0018
0:15:50,14400,0.0308,-0.3010,0.3612,0.0034,0.2813,0.0363,0.0298
0:15:54,14500,-0.0792,-0.2129,0.0082,0.0040,0.2256,0.0389,0.0036
0:15:58,14600,-0.0116,-0.2507,0.0351,0.0030,0.2326,0.0352,0.0035
0:16:03,14700,0.0734,-0.3062,0.0206,0.0038,0.3209,0.0356,0.0110
0:16:07,14800,-0.0643,-0.1693,0.0052,0.0018,0.1833,0.0422,0.0083
0:16:11,14900,-0.0157,-0.1898,0.0167,0.0031,0.2201,0.0403,0.1094
0:16:15,15000,0.0050,-0.3088,0.0126,0.0032,0.3580,0.0420,0.0208
0:16:30,15100,-0.0221,-0.2687,0.0028,0.0016,0.2802,0.0384,0.0008
0:16:35,15200,0.1380,-0.6630,0.0211,0.0054,0.6763,0.0633,0.0003
0:16:39,15300,-0.0765,-0.2938,0.2640,0.0038,0.3139,0.0459,0.0078
0:16:43,15400,-0.1795,-0.1519,0.0099,0.0046,0.1985,0.0461,0.0062
0:16:47,15500,0.0634,-0.2870,0.1162,0.0028,0.3058,0.0342,0.0029
0:16:51,15600,-0.0176,-0.2125,0.1560,0.0018,0.2207,0.0412,0.0043
0:16:56,15700,-0.0736,-0.2538,0.1164,0.0039,0.2713,0.0365,0.0088
0:17:00,15800,-0.0039,-0.2679,0.0057,0.0023,0.2768,0.0375,0.0111
0:17:04,15900,0.0137,-0.2577,0.6023,0.0030,0.1921,0.0484,0.0005
0:17:09,16000,0.0247,-0.2351,0.1144,0.0030,0.2148,0.0329,0.0046
0:17:24,16100,-0.0481,-0.1968,0.1899,0.0026,0.2378,0.0373,0.0059
0:17:28,16200,-0.1934,-0.0357,0.0215,0.0033,0.1017,0.0400,0.0051
0:17:32,16300,-0.0617,-0.2808,0.0075,0.0041,0.3113,0.0394,0.0023
0:17:36,16400,0.0004,-0.2251,0.0121,0.0034,0.2358,0.0365,0.0358
0:17:41,16500,0.0099,-0.2783,0.0052,0.0072,0.2742,0.0377,0.0064
0:17:45,16600,0.0040,-0.2406,0.0244,0.0027,0.2558,0.0367,0.0089
0:17:49,16700,0.0780,-0.2658,0.2252,0.0016,0.2856,0.0332,0.1898
0:17:54,16800,0.0161,-0.2216,0.0362,0.0037,0.2342,0.0343,0.0006
0:17:58,16900,-0.0033,-0.2367,0.0582,0.0045,0.2461,0.0373,0.0047
0:18:02,17000,0.0014,-0.1274,0.0425,0.0110,0.1584,0.0416,0.0261
0:18:17,17100,0.0220,-0.1617,0.0912,0.0055,0.1935,0.0370,0.0115
0:18:21,17200,0.0076,-0.2119,0.0335,0.0039,0.2039,0.0365,0.0740
0:18:26,17300,0.0862,-0.2332,0.0028,0.0023,0.2421,0.0342,0.0538
0:18:30,17400,-0.0486,-0.1747,0.0191,0.0029,0.2507,0.0385,0.0464
0:18:34,17500,-0.0888,-0.1481,0.0146,0.0045,0.1297,0.0346,0.0034
0:18:39,17600,0.0691,-0.3205,0.4168,0.0068,0.2844,0.0456,0.0167
0:18:43,17700,-0.0443,-0.1562,0.0263,0.0040,0.1637,0.0360,0.0146
0:18:47,17800,0.1339,-0.3296,0.1176,0.0051,0.3008,0.0402,0.0045
0:18:52,17900,0.0622,-0.1935,0.0116,0.0024,0.2077,0.0368,0.0080
0:18:56,18000,-0.0111,-0.2555,0.0153,0.0065,0.2617,0.0369,0.0014
0:19:11,18100,-0.0103,-0.1868,0.0253,0.0048,0.1849,0.0396,0.0088
0:19:15,18200,0.0169,-0.1531,0.0299,0.0032,0.1793,0.0364,0.0011
0:19:19,18300,-0.0056,-0.1980,0.0173,0.0059,0.2131,0.0389,0.0005
0:19:23,18400,-0.0525,-0.1458,0.1877,0.0045,0.1543,0.0351,0.0005
0:19:28,18500,0.1089,-0.6548,0.0048,0.0073,0.6421,0.0689,0.0014
0:19:32,18600,-0.0185,-0.3802,0.0236,0.0037,0.3968,0.0469,0.0497
0:19:36,18700,-0.0214,-0.3234,0.0234,0.0019,0.3446,0.0440,0.0009
0:19:41,18800,-0.2311,0.0286,0.0543,0.0045,0.0094,0.0433,0.0437
0:19:45,18900,0.0082,-0.2864,0.1836,0.0038,0.2641,0.0382,0.1895
0:19:49,19000,-0.0986,-0.0508,0.0287,0.0019,0.0548,0.0407,0.0021
0:20:04,19100,-0.1217,-0.1425,0.0196,0.0057,0.1852,0.0382,0.0017
0:20:08,19200,-0.0894,-0.1453,0.0086,0.0048,0.1566,0.0402,0.0005
0:20:13,19300,0.1575,-0.3344,0.0006,0.0033,0.3385,0.0343,0.0003
0:20:17,19400,-0.0377,-0.1161,0.0232,0.0028,0.1545,0.0404,0.0026
0:20:21,19500,-0.1876,0.0020,0.2458,0.0048,0.0503,0.0374,0.0017
0:20:25,19600,0.0337,-0.1831,0.0006,0.0056,0.1318,0.0389,0.0055
0:20:30,19700,0.0601,-0.2912,0.0179,0.0047,0.2664,0.0425,0.0035
0:20:34,19800,0.0006,-0.1928,0.0086,0.0044,0.2218,0.0371,0.0053
0:20:38,19900,0.0198,-0.1977,0.0093,0.0031,0.1948,0.0386,0.0001
0:20:42,20000,0.0380,-0.3260,0.0045,0.0081,0.4150,0.0503,0.0315
0:23:48,20100,-0.0078,-0.2152,0.0021,0.0024,0.2016,0.0359,0.0004
0:23:52,20200,-0.0373,-0.1720,0.0773,0.0037,0.1729,0.0361,0.0015
0:23:56,20300,0.0277,-0.2104,0.0193,0.0064,0.1773,0.0332,0.2651
0:24:01,20400,0.0816,-0.3022,0.0003,0.0032,0.3125,0.0375,0.0005
0:24:05,20500,-0.0614,-0.3675,0.0123,0.0127,0.3462,0.0489,0.0069
0:24:09,20600,0.0193,-0.1953,0.0122,0.0030,0.1792,0.0346,0.0023
0:24:13,20700,0.0706,-0.2843,0.0102,0.0108,0.2607,0.0353,0.0089
0:24:18,20800,-0.0285,-0.1972,0.0697,0.0054,0.2269,0.0346,0.0005
0:24:23,20900,-0.0539,-0.1315,0.1172,0.0054,0.1398,0.0380,0.0876
0:24:27,21000,0.0839,-0.2773,0.0050,0.0030,0.3022,0.0381,0.0004
0:24:42,21100,-0.0700,-0.1235,0.0072,0.0056,0.1292,0.0335,0.0014
0:24:46,21200,-0.0058,-0.2077,0.0016,0.0034,0.1930,0.0356,0.0002
0:24:50,21300,0.0357,-0.8392,0.0062,0.0073,1.1823,0.0943,9.7542
0:24:54,21400,0.1812,-0.9884,0.0002,0.0050,0.9082,0.0733,0.0025
0:24:58,21500,0.0075,-0.5529,0.0041,0.0027,0.6463,0.0548,0.0004
0:25:03,21600,0.0997,-0.6017,0.0031,0.0041,0.5646,0.0478,0.0001
0:25:07,21700,0.0891,-0.4996,0.0042,0.0018,0.5043,0.0384,0.0085
0:25:11,21800,-0.0242,-0.3938,0.0233,0.0023,0.4114,0.0406,0.0011
0:25:16,21900,0.0287,-0.4330,0.0025,0.0071,0.3624,0.0461,0.0044
0:25:20,22000,-0.0709,-0.3334,0.0022,0.0043,0.3381,0.0370,0.0114
0:25:35,22100,-0.1479,-0.1859,0.0232,0.0024,0.1782,0.0415,0.0283
0:25:39,22200,-0.0548,-0.2954,0.0115,0.0015,0.3031,0.0434,0.0006
0:25:43,22300,-0.0798,-0.1431,0.0227,0.0022,0.1377,0.0383,0.0012
0:25:47,22400,-0.0936,-0.0815,0.0116,0.0094,0.1311,0.0386,0.0014
0:25:52,22500,0.0358,-0.2055,0.0916,0.0016,0.1847,0.0343,0.0123
0:25:56,22600,-0.0198,-0.2176,0.0144,0.0066,0.2243,0.0379,0.0011
0:26:00,22700,-0.0612,-0.1134,0.0722,0.0031,0.1127,0.0345,0.0045
0:26:05,22800,-0.0311,-0.1972,0.0423,0.0033,0.2468,0.0391,0.0001
0:26:09,22900,-0.0070,-0.1912,0.0032,0.0069,0.2222,0.0342,0.0009
0:26:13,23000,-0.1384,-0.1336,0.0037,0.0038,0.1211,0.0368,0.0007
0:26:28,23100,0.0198,-0.2848,0.0102,0.0065,0.2738,0.0407,0.0084
0:26:32,23200,0.0328,-0.2054,0.0011,0.0066,0.2168,0.0379,0.0023
0:26:37,23300,0.0071,-0.1677,0.0057,0.0039,0.1897,0.0344,0.0004
0:26:41,23400,-0.0711,-0.1635,0.0015,0.0050,0.1713,0.0352,0.0004
0:26:45,23500,-0.0639,-0.1601,0.0010,0.0040,0.1462,0.0378,0.0031
0:26:49,23600,-0.0061,-0.2059,0.0162,0.0045,0.2222,0.0330,0.0007
0:26:54,23700,-0.0193,-0.1362,0.0013,0.0026,0.1308,0.0358,0.0009
0:26:58,23800,-0.0304,-0.1513,0.0044,0.0055,0.1900,0.0371,0.0002
0:27:02,23900,-0.0921,-0.1279,0.0084,0.0024,0.1441,0.0361,0.0043
0:27:07,24000,-0.1525,-0.0057,0.0036,0.0043,-0.0010,0.0325,0.0049
0:27:21,24100,-0.0118,-0.2449,0.1611,0.0050,0.1478,0.0388,0.0244
0:27:25,24200,-0.1044,-0.1384,0.0152,0.0034,0.1708,0.0380,0.0014
0:27:30,24300,-0.1845,-0.0124,0.0031,0.0124,0.1022,0.0356,0.0115
0:27:34,24400,-0.0965,-0.1365,0.0030,0.0038,0.1339,0.0375,0.0007
0:27:38,24500,0.1012,-0.2085,0.0064,0.0028,0.1983,0.0297,0.0073
0:27:43,24600,-0.0642,-0.1018,0.0307,0.0042,0.1248,0.0336,0.0169
0:27:47,24700,0.0486,-0.1752,0.0038,0.0015,0.1975,0.0324,0.0005
0:27:51,24800,-0.1393,-0.0057,0.0426,0.0070,0.0727,0.0395,0.0251
0:27:55,24900,-0.0653,-0.1342,0.0100,0.0055,0.1693,0.0404,0.0011
0:28:00,25000,-0.0128,-0.2249,0.0185,0.0035,0.2292,0.0355,0.0766
0:28:14,25100,-0.0010,-0.2142,0.1613,0.0046,0.1877,0.0374,0.0012
0:28:18,25200,-0.0015,-0.1492,0.0180,0.0030,0.1387,0.0370,0.1486
0:28:23,25300,-0.0423,-0.2034,0.0008,0.0022,0.2334,0.0404,0.0014
0:28:27,25400,-0.1818,-0.1006,0.0016,0.0014,0.0817,0.0371,0.0010
0:28:31,25500,-0.0187,-0.1754,0.0072,0.0020,0.1828,0.0410,0.0052
0:28:36,25600,0.0390,-0.2340,0.0027,0.0045,0.2502,0.0328,0.0085
0:28:40,25700,-0.0085,-0.1975,0.0008,0.0037,0.2148,0.0345,0.0005
0:28:44,25800,0.0546,-0.3777,0.0227,0.0062,0.4144,0.0458,0.0012
0:28:48,25900,-0.0645,-0.0776,0.0029,0.0024,0.1034,0.0349,0.0001
0:28:53,26000,-0.1036,-0.1040,0.0105,0.0041,0.1129,0.0383,0.0002
0:29:07,26100,0.0665,-0.2391,0.0046,0.0049,0.2278,0.0337,0.0002
0:29:11,26200,0.0852,-0.2289,0.0100,0.0043,0.2461,0.0283,0.0009
0:29:15,26300,-0.0842,-0.1518,0.0025,0.0033,0.1560,0.0383,0.0111
0:29:19,26400,-0.0079,-0.1642,0.0033,0.0026,0.1895,0.0356,0.0088
0:29:23,26500,-0.0881,-0.0813,0.0024,0.0042,0.0861,0.0355,0.0022
0:29:28,26600,-0.0910,-0.1371,0.0005,0.0035,0.1978,0.0369,0.0002
0:29:32,26700,-0.0210,-0.1793,0.0016,0.0040,0.2267,0.0356,0.0013
0:29:36,26800,-0.0429,-0.1711,0.0005,0.0027,0.1696,0.0389,0.0298
0:29:41,26900,0.0477,-0.4616,0.3635,0.0041,0.4829,0.0619,0.0210
0:29:45,27000,-0.0030,-0.1797,0.1595,0.0037,0.1448,0.0373,0.0000
0:30:00,27100,-0.0056,-0.2866,0.0322,0.0066,0.2747,0.0396,0.0003
0:30:05,27200,-0.1286,-0.1653,0.0450,0.0027,0.1921,0.0347,0.0008
0:30:09,27300,-0.0259,-0.2252,0.0017,0.0024,0.2403,0.0320,0.0023
0:30:13,27400,0.0695,-0.2285,0.0002,0.0047,0.2205,0.0293,0.0161
0:30:18,27500,-0.1466,-0.0741,0.0009,0.0042,0.1071,0.0332,0.0016
0:30:22,27600,0.0480,-0.2483,0.0010,0.0049,0.2333,0.0311,0.0467
0:30:26,27700,-0.1155,-0.0490,0.4088,0.0128,-0.0310,0.0351,0.1692
0:30:31,27800,-0.0991,-0.1458,0.0002,0.0044,0.1859,0.0381,0.0001
0:30:35,27900,-0.0217,-0.0913,0.0122,0.0055,0.0882,0.0310,0.0002
0:30:39,28000,-0.0004,-0.1931,0.0005,0.0034,0.1882,0.0341,0.0001
0:30:54,28100,-0.0158,-0.0810,0.0134,0.0039,0.1395,0.0329,0.0000
0:30:58,28200,0.0421,-0.2113,0.0163,0.0030,0.1995,0.0308,0.0003
0:31:03,28300,-0.0814,-0.1546,0.0083,0.0037,0.1915,0.0420,0.0027
0:31:07,28400,-0.0450,-0.1176,0.0037,0.0037,0.1034,0.0357,0.0001
0:31:11,28500,-0.0785,-0.1317,0.0583,0.0038,0.1647,0.0357,0.0003
0:31:16,28600,-0.1348,-0.2151,0.0017,0.0029,0.2180,0.0371,0.0021
0:31:20,28700,-0.0419,-0.0954,0.1510,0.0020,0.0717,0.0412,0.0018
0:31:24,28800,-0.1800,-0.0718,0.0001,0.0041,0.0875,0.0407,0.0006
0:31:29,28900,-0.1203,-0.1200,0.0311,0.0086,0.1553,0.0338,0.0003
0:31:33,29000,-0.1286,-0.1314,0.0022,0.0082,0.1523,0.0354,0.0004
0:31:48,29100,-0.0336,-0.1323,0.0126,0.0031,0.1552,0.0356,0.0003
0:31:52,29200,-0.0166,-0.1255,0.0000,0.0045,0.1357,0.0325,0.0000
0:31:56,29300,-0.0608,-0.1757,0.0079,0.0021,0.1833,0.0396,0.0001
0:32:01,29400,-0.0050,-0.1564,0.0005,0.0044,0.1675,0.0352,0.2416
0:32:05,29500,-0.0817,-0.1541,0.0015,0.0038,0.1750,0.0399,0.0004
0:32:09,29600,-0.2253,0.0031,0.0005,0.0038,0.0663,0.0425,0.0008
0:32:13,29700,-0.0719,-0.1365,0.0036,0.0061,0.1682,0.0361,0.0020
0:32:18,29800,0.0147,-0.2505,0.0025,0.0038,0.2514,0.0384,0.0017
0:32:22,29900,-0.1083,-0.1238,0.0233,0.0031,0.1394,0.0308,0.0068
0:32:26,30000,-0.0243,-0.1483,0.0012,0.0047,0.1569,0.0307,0.0013
0:35:35,30100,-0.1958,-0.0627,0.0035,0.0058,0.1155,0.0352,0.0039
0:35:39,30200,-0.0642,-0.1093,0.0136,0.0035,0.0865,0.0368,0.0001
0:35:43,30300,-0.0646,-0.1608,0.0026,0.0042,0.1748,0.0363,0.0029
0:35:48,30400,0.0415,-0.1884,0.0006,0.0046,0.2071,0.0279,0.0015
0:35:52,30500,-0.1128,-0.0715,0.0011,0.0060,0.0991,0.0387,0.0001
0:35:56,30600,-0.1973,-0.0640,0.0016,0.0026,0.0563,0.0389,0.0001
0:36:01,30700,-0.0085,-0.1952,0.1785,0.0018,0.2258,0.0328,0.0002
0:36:05,30800,-0.0424,-0.2061,0.0018,0.0036,0.2342,0.0365,0.0002
0:36:09,30900,-0.0765,-0.0509,0.2237,0.0047,0.0507,0.0322,0.0084
0:36:14,31000,-0.0768,-0.1538,0.0003,0.0041,0.1732,0.0399,0.0025
0:36:27,31100,-0.0170,-0.1726,0.0913,0.0092,0.1643,0.0331,0.0112
0:36:31,31200,0.0002,-0.1689,0.0093,0.0042,0.1805,0.0323,0.0384
0:36:36,31300,0.0034,-0.2121,0.0022,0.0057,0.1635,0.0369,0.0042
0:36:40,31400,0.0271,-0.2002,0.0061,0.0039,0.2162,0.0298,0.0003
0:36:44,31500,-0.0207,-0.1833,0.0079,0.0026,0.2024,0.0330,0.0003
0:36:48,31600,-0.0498,-0.1369,0.0036,0.0027,0.1568,0.0368,0.0003
0:36:53,31700,0.0299,-0.2499,0.0001,0.0080,0.2287,0.0381,0.1186
0:36:57,31800,-0.0748,-0.4914,0.1711,0.0054,0.4770,0.0590,0.0434
0:37:01,31900,-0.0242,-0.4190,0.0785,0.0041,0.4201,0.0414,0.0055
0:37:05,32000,0.0246,-0.2896,0.0138,0.0035,0.2712,0.0369,0.0003
0:37:20,32100,-0.1048,-0.2109,0.0011,0.0029,0.2183,0.0416,0.0003
0:37:24,32200,-0.0095,-0.2438,0.0009,0.0021,0.2449,0.0311,0.0011
0:37:29,32300,-0.1577,-0.0957,0.0007,0.0066,0.1271,0.0355,0.0002
0:37:33,32400,-0.0070,-0.2983,0.0004,0.0026,0.2837,0.0357,0.0000
0:37:37,32500,0.0160,-0.2954,0.0044,0.0016,0.3172,0.0379,0.0005
0:37:41,32600,0.0073,-0.1576,0.0003,0.0023,0.1729,0.0334,0.0001
0:37:46,32700,-0.0203,-0.1948,0.0022,0.0026,0.2106,0.0308,0.0277
0:37:50,32800,-0.1308,-0.1502,0.0018,0.0041,0.1668,0.0336,0.0002
0:37:54,32900,-0.0442,-0.1352,0.0004,0.0013,0.1463,0.0303,0.0005
0:37:59,33000,0.0762,-0.2363,0.0009,0.0052,0.2417,0.0335,0.0009
0:38:13,33100,0.0517,-0.2072,0.0311,0.0044,0.2114,0.0293,0.0090
0:38:18,33200,0.0116,-0.1948,0.0043,0.0017,0.2012,0.0313,0.0018
0:38:22,33300,-0.0309,-0.1223,0.0043,0.0035,0.1296,0.0298,0.0216
0:38:26,33400,-0.0807,-0.1754,0.0035,0.0051,0.1525,0.0332,0.0050
0:38:31,33500,0.0118,-0.1264,0.0169,0.0186,0.1052,0.0300,0.0018
0:38:35,33600,0.0476,-0.2548,0.0407,0.0028,0.2704,0.0355,0.0067
0:38:39,33700,0.0650,-0.2549,0.0026,0.0056,0.2229,0.0354,0.0223
0:38:43,33800,-0.0732,-0.0980,0.0003,0.0024,0.1386,0.0396,0.0011
0:38:48,33900,-0.0110,-0.1497,0.0028,0.0042,0.1660,0.0326,0.0134
0:38:52,34000,-0.0610,-0.1793,0.0416,0.0031,0.1664,0.0430,0.0005
0:39:07,34100,-0.1234,-0.0354,0.2111,0.0053,0.0642,0.0358,0.0002
0:39:11,34200,0.0382,-0.2460,0.0007,0.0044,0.2227,0.0366,0.0010
0:39:15,34300,-0.0634,-0.1645,0.0557,0.0017,0.1791,0.0347,0.0002
0:39:20,34400,-0.0441,-0.1541,0.0001,0.0035,0.1460,0.0330,0.0017
0:39:24,34500,-0.0249,-0.1618,0.0359,0.0033,0.1910,0.0358,0.0013
0:39:28,34600,-0.0163,-0.1505,0.0001,0.0051,0.1743,0.0329,0.0004
0:39:32,34700,-0.1097,-0.1452,0.0005,0.0018,0.1310,0.0363,0.0030
0:39:37,34800,0.0590,-0.2440,0.0002,0.0025,0.2337,0.0366,0.0057
0:39:41,34900,-0.0301,-0.1218,0.0009,0.0079,0.1437,0.0313,0.0008
0:39:45,35000,0.0273,-0.2232,0.0023,0.0074,0.2111,0.0388,0.0003
0:40:00,35100,-0.0703,-0.2500,0.0787,0.0013,0.2719,0.0463,0.0001
0:40:05,35200,0.0660,-0.3122,0.0070,0.0029,0.3000,0.0339,0.0008
0:40:09,35300,-0.0353,-0.2384,0.0022,0.0023,0.2491,0.0327,0.0003
0:40:13,35400,0.0192,-0.1714,0.0019,0.0025,0.1848,0.0299,0.0016
0:40:17,35500,-0.0750,-0.2259,0.0005,0.0024,0.2354,0.0364,0.0063
0:40:22,35600,-0.0135,-0.1999,0.0625,0.0020,0.1589,0.0357,0.0001
0:40:26,35700,-0.0520,-0.2169,0.0016,0.0027,0.1921,0.0364,0.0012
0:40:30,35800,-0.0679,-0.1898,0.0001,0.0031,0.1986,0.0360,0.0000
0:40:35,35900,-0.0786,-0.2142,0.0074,0.0024,0.2323,0.0322,0.0781
0:40:39,36000,0.0062,-0.1807,0.0002,0.0027,0.1742,0.0305,0.0056
0:40:54,36100,-0.1013,-0.1009,0.1097,0.0051,0.0680,0.0354,0.0000
0:40:58,36200,0.0223,-0.1532,0.0201,0.0025,0.1766,0.0329,0.0246
0:41:02,36300,-0.0838,-0.1184,0.0035,0.0025,0.1096,0.0343,0.1757
0:41:06,36400,-0.0136,-0.1445,0.0803,0.0020,0.1084,0.0381,0.0031
0:41:10,36500,-0.0155,-0.1743,0.0001,0.0042,0.1994,0.0368,0.0003
0:41:15,36600,-0.0366,-0.1426,0.0004,0.0042,0.1287,0.0340,0.0000
0:41:19,36700,-0.0328,-0.2117,0.0013,0.0031,0.2198,0.0320,0.0000
0:41:23,36800,-0.0302,-0.2283,0.0304,0.0057,0.2123,0.0361,0.0003
0:41:28,36900,-0.0922,-0.0906,0.0002,0.0039,0.1049,0.0328,0.0000
0:41:33,37000,-0.1869,-0.0325,0.0070,0.0047,-0.0517,0.0359,0.0013
0:41:47,37100,-0.0244,-0.1816,0.0081,0.0024,0.1725,0.0322,0.0000
0:41:51,37200,-0.1267,-0.0815,0.0109,0.0049,0.0864,0.0452,0.0966
0:41:55,37300,0.0656,-0.2562,0.0005,0.0036,0.2521,0.0318,0.0001
0:42:00,37400,-0.0066,-0.2041,0.0042,0.0065,0.2142,0.0309,0.0005
0:42:04,37500,-0.0539,-0.1666,0.0085,0.0027,0.1885,0.0324,0.0010
0:42:08,37600,-0.0122,-0.2197,0.0001,0.0038,0.2078,0.0426,0.0411
0:42:12,37700,-0.0908,-0.0914,0.0251,0.0071,0.0538,0.0352,0.0029
0:42:17,37800,0.0328,-0.1852,0.1978,0.0040,0.1943,0.0336,0.0001
0:42:21,37900,-0.0680,-0.1863,0.0032,0.0049,0.2151,0.0314,0.0001
0:42:25,38000,-0.0759,-0.1069,0.0000,0.0057,0.0907,0.0345,0.0009
0:42:39,38100,-0.0594,-0.1333,0.0032,0.0051,0.1704,0.0345,0.0001
0:42:43,38200,-0.0833,-0.0309,0.0026,0.0028,0.0418,0.0331,0.0001
0:42:48,38300,-0.0839,-0.1814,0.0003,0.0044,0.2132,0.0340,0.0020
0:42:52,38400,0.0130,-0.2170,0.0007,0.0076,0.2087,0.0339,0.0000
0:42:56,38500,-0.0423,-0.1590,0.0022,0.0048,0.1716,0.0299,0.0004
0:43:00,38600,-0.1423,-0.0047,0.0073,0.0075,0.0716,0.0376,0.1744
0:43:05,38700,-0.0466,-0.1336,0.0001,0.0012,0.1302,0.0306,0.0000
0:43:09,38800,-0.1693,-0.0226,1.0783,0.0046,0.0926,0.0414,0.0043
0:43:13,38900,-0.0414,-0.1838,0.0070,0.0080,0.1956,0.0414,0.0041
0:43:17,39000,-0.0577,-0.2371,0.0150,0.0032,0.2778,0.0422,0.0000
0:43:32,39100,-0.1880,-0.0694,0.0032,0.0028,0.0683,0.0367,0.0004
0:43:36,39200,-0.0819,-0.0807,0.0002,0.0035,0.0811,0.0331,0.0005
0:43:40,39300,0.0483,-0.1953,0.0002,0.0028,0.2054,0.0284,0.0004
0:43:45,39400,-0.0399,-0.2129,0.0010,0.0077,0.2330,0.0378,0.0001
0:43:49,39500,-0.0244,-0.1390,0.0007,0.0090,0.1796,0.0368,0.0000
0:43:53,39600,-0.0636,-0.1754,0.0001,0.0015,0.2027,0.0320,0.0015
0:43:58,39700,-0.0692,-0.1429,0.0169,0.0035,0.1676,0.0360,0.0002
0:44:02,39800,-0.0484,-0.0560,0.4698,0.0115,0.1297,0.0322,0.0000
0:44:06,39900,0.0243,-0.1869,0.0029,0.0029,0.1833,0.0305,0.0004
0:44:10,40000,-0.0191,-0.2213,0.0017,0.0070,0.1994,0.0348,0.0000
0:47:17,40100,-0.1040,-0.0434,0.0206,0.0037,0.0892,0.0352,0.0000
0:47:21,40200,-0.1027,-0.1520,0.0063,0.0064,0.1481,0.0356,0.0059
0:47:25,40300,-0.1032,-0.0732,0.0703,0.0024,0.0883,0.0288,0.0032
0:47:30,40400,0.0314,-0.2094,0.0008,0.0032,0.2034,0.0293,0.0042
0:47:34,40500,-0.0442,-0.1523,0.0026,0.0026,0.1530,0.0358,0.0166
0:47:38,40600,-0.0604,-0.1613,0.0006,0.0028,0.1687,0.0356,0.0002
0:47:43,40700,-0.0431,-0.1751,0.0047,0.0053,0.1789,0.0435,0.0010
0:47:47,40800,-0.1221,-0.1663,0.0317,0.0048,0.1599,0.0393,0.0154
0:47:51,40900,-0.0122,-0.2258,0.0004,0.0040,0.2301,0.0385,0.0089
0:47:55,41000,0.0836,-0.2013,0.0067,0.0051,0.2040,0.0290,0.0006
0:48:10,41100,-0.0066,-0.1738,0.0008,0.0043,0.1853,0.0341,0.0025
0:48:14,41200,-0.0704,-0.0944,0.0010,0.0031,0.1454,0.0361,0.0043
0:48:18,41300,-0.1014,-0.1315,0.0210,0.0021,0.1628,0.0351,0.0008
0:48:22,41400,-0.0329,-0.2040,0.0067,0.0044,0.2062,0.0358,0.0002
0:48:27,41500,-0.0905,-0.1640,0.0009,0.0035,0.1559,0.0347,0.0005
0:48:31,41600,-0.0436,-0.1207,0.0139,0.0031,0.1251,0.0292,0.0029
0:48:35,41700,0.0211,-0.1991,0.0001,0.0036,0.2353,0.0299,0.0000
0:48:40,41800,-0.0685,-0.1702,0.0024,0.0035,0.1930,0.0349,0.0002
0:48:44,41900,-0.0530,-0.0886,0.0003,0.0029,0.1046,0.0308,0.0000
0:48:48,42000,-0.0689,-0.1596,0.0044,0.0060,0.1712,0.0341,0.0007
0:49:03,42100,-0.0917,-0.0541,0.4466,0.0039,0.0138,0.0316,0.0356
0:49:07,42200,0.0446,-0.1725,0.0008,0.0032,0.1870,0.0283,0.0000
0:49:11,42300,-0.0133,-0.2497,0.0000,0.0042,0.3282,0.0413,0.0003
0:49:16,42400,-0.0862,-0.2122,0.0002,0.0033,0.2006,0.0307,0.0012
0:49:20,42500,-0.0867,-0.1516,0.0326,0.0038,0.1604,0.0377,0.0009
0:49:24,42600,-0.0232,-0.1592,0.0005,0.0031,0.1768,0.0335,0.0003
0:49:28,42700,-0.1601,-0.0651,0.0001,0.0056,0.0793,0.0455,0.0012
0:49:33,42800,-0.0594,-0.0713,0.0039,0.0028,0.0947,0.0325,0.0012
0:49:37,42900,-0.1308,-0.1400,0.0008,0.0057,0.1398,0.0360,0.0024
0:49:41,43000,-0.1047,-0.1723,0.0360,0.0095,0.1713,0.0348,0.0001
0:49:56,43100,-0.0060,-0.1522,0.0032,0.0018,0.1596,0.0284,0.0002
0:50:01,43200,-0.1190,0.0032,0.0003,0.0069,0.0281,0.0385,0.0022
0:50:05,43300,-0.1290,-0.0776,0.0015,0.0057,0.1238,0.0380,0.0068
0:50:09,43400,0.0189,-0.1861,0.0006,0.0021,0.1848,0.0317,0.0072
0:50:14,43500,-0.0388,-0.0996,0.0009,0.0052,0.1017,0.0268,0.0559
0:50:18,43600,0.0026,-0.1645,0.0245,0.0042,0.1811,0.0376,0.0003
0:50:22,43700,0.0765,-0.2375,0.0004,0.0079,0.1969,0.0310,0.0000
0:50:27,43800,-0.0235,-0.1445,0.0001,0.0036,0.1470,0.0306,0.0006
0:50:31,43900,0.0316,-0.2714,0.0004,0.0039,0.2762,0.0330,0.0069
0:50:35,44000,0.0849,-0.1755,0.3102,0.0024,0.1646,0.0282,0.0002
0:50:50,44100,0.0012,-0.1609,0.0487,0.0030,0.1677,0.0289,0.0015
0:50:54,44200,-0.0482,-0.1881,0.2332,0.0055,0.2033,0.0369,0.0024
0:50:58,44300,-0.0135,-0.1530,0.0009,0.0017,0.1605,0.0306,0.0005
0:51:02,44400,-0.0255,-0.1695,0.0042,0.0045,0.1786,0.0310,0.0012
0:51:07,44500,-0.1445,0.0128,0.0312,0.0035,0.0021,0.0310,0.0635
0:51:11,44600,-0.0856,-0.1600,0.0016,0.0014,0.1644,0.0319,0.0771
0:51:15,44700,-0.1374,-0.1322,0.0019,0.0056,0.1370,0.0320,0.0035
0:51:20,44800,-0.0209,-0.1599,0.0340,0.0036,0.1385,0.0326,0.0008
0:51:24,44900,-0.0563,-0.2606,0.0793,0.0033,0.2821,0.0467,0.0008
0:51:28,45000,-0.1041,-0.1210,0.0011,0.0034,0.1404,0.0334,0.0001
0:51:43,45100,-0.0442,-0.1070,0.0004,0.0065,0.1124,0.0287,0.0044
0:51:47,45200,-0.0615,-0.1670,0.0001,0.0023,0.1664,0.0315,0.0005
0:51:51,45300,0.0142,-0.1862,0.0005,0.0018,0.1849,0.0312,0.0201
0:51:56,45400,0.0621,-0.2863,0.0015,0.0030,0.3078,0.0380,0.0001
0:52:00,45500,-0.1011,-0.1155,0.0185,0.0031,0.1194,0.0357,0.0016
0:52:04,45600,-0.0760,-0.0830,0.0168,0.0032,0.0670,0.0271,0.0072
0:52:09,45700,-0.1643,-0.1440,0.0001,0.0039,0.1549,0.0327,0.0004
0:52:13,45800,-0.0444,-0.1458,0.0000,0.0044,0.1474,0.0351,0.0002
0:52:17,45900,-0.0466,-0.1138,0.0083,0.0022,0.1354,0.0328,0.0266
0:52:21,46000,0.0045,-0.1517,0.0040,0.0039,0.1684,0.0303,0.0002
0:52:37,46100,-0.0269,-0.1028,0.0000,0.0029,0.0777,0.0328,0.0000
0:52:41,46200,0.0799,-0.2176,0.0054,0.0038,0.2224,0.0291,0.0007
0:52:45,46300,-0.0374,-0.1883,0.0008,0.0036,0.2263,0.0327,0.0002
0:52:49,46400,-0.1786,-0.0311,0.0019,0.0021,0.0543,0.0311,0.0676
0:52:53,46500,-0.1165,-0.0817,0.0004,0.0045,0.1255,0.0377,0.0045
0:52:58,46600,0.0350,-0.2539,0.0006,0.0033,0.2544,0.0311,0.0028
0:53:03,46700,-0.0430,-0.1301,0.0010,0.0010,0.1178,0.0294,0.0004
0:53:07,46800,-0.1035,-0.1634,0.0002,0.0026,0.1460,0.0352,0.0001
0:53:11,46900,0.1307,-0.3228,0.0046,0.0047,0.3645,0.0395,0.0351
0:53:16,47000,-0.0361,-0.1423,0.0006,0.0030,0.1652,0.0339,0.0001
0:53:30,47100,-0.1306,-0.0653,0.0014,0.0015,0.0622,0.0328,0.0006
0:53:34,47200,-0.0661,-0.1089,0.0005,0.0015,0.1099,0.0299,0.0001
0:53:38,47300,-0.1079,-0.0738,0.0001,0.0027,0.0540,0.0342,0.0001
0:53:42,47400,0.0206,-0.2112,0.0073,0.0028,0.2099,0.0299,0.0010
0:53:47,47500,-0.0217,-0.1768,0.0003,0.0049,0.1986,0.0438,0.0001
0:53:51,47600,-0.0232,-0.1584,0.0136,0.0043,0.2216,0.0398,0.0015
0:53:55,47700,-0.0588,-0.1941,0.0000,0.0051,0.2110,0.0326,0.0007
0:53:59,47800,0.0971,-0.4735,0.0084,0.0052,0.4887,0.0500,0.0003
0:54:04,47900,-0.1810,-0.0800,0.0015,0.0061,0.1020,0.0369,0.0005
0:54:08,48000,-0.0260,-0.1903,0.0030,0.0046,0.2037,0.0287,0.0073
0:54:22,48100,-0.1508,-0.0969,0.0006,0.0042,0.1193,0.0382,0.0002
0:54:26,48200,-0.0533,-0.1208,0.0003,0.0054,0.1327,0.0272,0.0022
0:54:30,48300,-0.0952,-0.0694,0.0256,0.0027,0.0761,0.0283,0.0019
0:54:35,48400,-0.2050,-0.0040,0.0293,0.0033,-0.0123,0.0368,0.0006
0:54:39,48500,0.0030,-0.1706,0.0029,0.0036,0.1983,0.0268,0.0004
0:54:43,48600,-0.1698,-0.0339,0.0656,0.0033,0.0655,0.0358,0.0005
0:54:48,48700,-0.0351,-0.1396,0.0022,0.0019,0.1380,0.0327,0.0033
0:54:52,48800,-0.0224,-0.1437,0.0001,0.0037,0.1592,0.0310,0.0036
0:54:56,48900,0.0429,-0.1689,0.0003,0.0027,0.1689,0.0266,0.0000
0:55:00,49000,-0.0474,-0.1091,0.0272,0.0031,0.1355,0.0324,0.0014
0:55:15,49100,-0.0171,-0.2107,0.0058,0.0044,0.2346,0.0346,0.0017
0:55:19,49200,-0.0415,-0.1542,0.0009,0.0029,0.1638,0.0293,0.0001
0:55:24,49300,-0.0716,-0.1891,0.0010,0.0027,0.1703,0.0371,0.0001
0:55:28,49400,-0.1452,-0.0793,0.0002,0.0050,0.1173,0.0305,0.0006
0:55:32,49500,-0.1088,-0.0974,0.0008,0.0023,0.0782,0.0319,0.0101
0:55:36,49600,-0.0311,-0.1494,0.0001,0.0025,0.1567,0.0275,0.0022
0:55:41,49700,-0.1296,-0.0776,0.0070,0.0051,0.0976,0.0338,0.0722
0:55:45,49800,0.0122,-0.1623,0.0033,0.0041,0.1758,0.0277,0.0000
0:55:49,49900,-0.1653,-0.0539,0.0031,0.0028,0.0662,0.0350,0.0003
0:55:54,50000,-0.0955,-0.1436,0.0002,0.0031,0.1363,0.0304,0.0002
0:59:05,50100,-0.0578,-0.2053,0.0048,0.0041,0.2069,0.0393,0.0000
0:59:09,50200,-0.0902,-0.1897,0.0048,0.0033,0.2017,0.0336,0.0000
0:59:14,50300,0.0093,-0.1846,0.0001,0.0038,0.1871,0.0297,0.0000
0:59:18,50400,0.0436,-0.3204,0.0042,0.0031,0.3155,0.0360,0.0001
0:59:22,50500,-0.0732,-0.1206,0.2483,0.0049,0.1159,0.0322,0.0554
0:59:27,50600,-0.1428,-0.0563,0.0032,0.0066,0.0885,0.0299,0.0001
0:59:31,50700,-0.1135,-0.0388,0.0002,0.0014,0.0274,0.0316,0.0001
0:59:35,50800,-0.0769,-0.1318,0.0003,0.0032,0.1584,0.0286,0.0000
0:59:40,50900,-0.0402,-0.1395,0.0001,0.0034,0.1423,0.0280,0.0013
0:59:44,51000,0.0068,-0.2153,0.0001,0.0049,0.2110,0.0306,0.0000
0:59:59,51100,-0.0599,-0.1670,0.0001,0.0027,0.1543,0.0332,0.0033
1:00:03,51200,-0.0060,-0.1459,0.0377,0.0038,0.1492,0.0277,0.1863
1:00:08,51300,-0.0318,-0.1420,0.0035,0.0034,0.1418,0.0297,0.0059
1:00:12,51400,-0.0922,-0.0907,0.0042,0.0022,0.1195,0.0261,0.0095
1:00:16,51500,-0.1125,-0.0257,0.0004,0.0038,0.0354,0.0267,0.0201
1:00:20,51600,0.0722,-0.2125,0.0000,0.0030,0.2161,0.0261,0.0000
1:00:25,51700,-0.0381,-0.1454,0.0053,0.0025,0.1607,0.0284,0.0092
1:00:29,51800,0.0719,-0.1771,0.1356,0.0023,0.1741,0.0285,0.0005
1:00:33,51900,-0.0226,-0.1465,0.0015,0.0039,0.1401,0.0284,0.0040
1:00:38,52000,-0.1116,0.0190,0.0007,0.0036,0.0286,0.0309,0.0001
1:00:53,52100,-0.0242,-0.1782,0.0011,0.0034,0.1658,0.0321,0.0000
1:00:57,52200,-0.0727,-0.1285,0.0028,0.0046,0.1481,0.0319,0.0001
1:01:02,52300,-0.1827,-0.0302,0.0046,0.0041,0.0671,0.0357,0.0019
1:01:06,52400,-0.0016,-0.2142,0.0021,0.0040,0.2186,0.0301,0.0002
1:01:10,52500,-0.2097,0.0112,0.0000,0.0021,0.0093,0.0339,0.0003
1:01:15,52600,-0.0272,-0.1125,0.0001,0.0033,0.1307,0.0319,0.0004
1:01:19,52700,-0.0098,-0.2057,0.0002,0.0043,0.1919,0.0294,0.0015
1:01:23,52800,0.0389,-0.3173,0.0081,0.0106,0.3173,0.0505,0.1313
1:01:28,52900,-0.1248,-0.0418,0.0072,0.0042,0.0574,0.0353,0.0004
1:01:32,53000,-0.0958,-0.0583,0.0052,0.0052,0.0764,0.0390,0.0000
1:01:46,53100,-0.1106,-0.0483,0.0111,0.0040,0.0572,0.0312,0.0013
1:01:50,53200,-0.0677,-0.1153,0.0001,0.0028,0.1093,0.0289,0.0001
1:01:55,53300,-0.1267,-0.0807,0.0027,0.0030,0.0926,0.0337,0.0001
1:01:59,53400,-0.0037,-0.1454,0.0037,0.0030,0.1680,0.0286,0.0000
1:02:03,53500,-0.1542,-0.0341,0.0019,0.0031,0.0316,0.0291,0.0129
1:02:08,53600,-0.0538,-0.1191,0.0048,0.0015,0.1298,0.0297,0.0002
1:02:12,53700,-0.1481,-0.0882,0.0022,0.0066,0.1616,0.0300,0.0026
1:02:16,53800,-0.0022,-0.1773,0.0024,0.0048,0.1712,0.0313,0.0005
1:02:20,53900,-0.0246,-0.1428,0.0009,0.0018,0.1470,0.0276,0.0002
1:02:25,54000,-0.1320,-0.0830,0.0011,0.0040,0.0763,0.0315,0.0000
1:02:39,54100,-0.0663,-0.1201,0.0000,0.0040,0.1207,0.0293,0.0000
1:02:43,54200,-0.0158,-0.1605,0.0003,0.0027,0.1636,0.0240,0.0002
1:02:47,54300,-0.0642,-0.1447,0.0000,0.0056,0.1286,0.0327,0.0076
1:02:52,54400,-0.0979,-0.0589,0.0013,0.0029,0.0974,0.0405,0.0002
1:02:56,54500,-0.0962,-0.1072,0.0051,0.0027,0.0852,0.0307,0.0000
1:03:00,54600,-0.2063,0.0157,0.0001,0.0075,-0.0101,0.0385,0.0066
1:03:05,54700,0.0263,-0.1777,0.0005,0.0023,0.1831,0.0262,0.0000
1:03:09,54800,-0.0433,-0.1408,0.0076,0.0033,0.1359,0.0319,0.0014
1:03:13,54900,-0.0237,-0.1552,0.0001,0.0034,0.1597,0.0296,0.0284
1:03:18,55000,-0.0735,-0.0949,0.0000,0.0065,0.1571,0.0347,0.0010
1:03:32,55100,-0.0886,-0.1383,0.0013,0.0022,0.1617,0.0328,0.0000
1:03:36,55200,0.0065,-0.1175,0.0028,0.0049,0.1186,0.0291,0.0002
1:03:40,55300,-0.0881,-0.0931,0.0010,0.0031,0.1081,0.0313,0.0013
1:03:45,55400,-0.1055,-0.0188,0.0020,0.0044,0.0302,0.0328,0.0000
1:03:49,55500,0.0069,-0.1695,0.0034,0.0017,0.1718,0.0314,0.0001
1:03:53,55600,-0.0627,-0.0913,0.0052,0.0076,0.1304,0.0294,0.0001
1:03:57,55700,0.0288,-0.2010,0.0012,0.0039,0.2121,0.0315,0.0001
1:04:02,55800,-0.1118,-0.0847,0.0190,0.0047,0.0926,0.0387,0.0002
1:04:06,55900,-0.0060,-0.1434,0.0008,0.0045,0.1557,0.0308,0.0010
1:04:10,56000,0.0740,-0.4147,0.0065,0.0078,0.4354,0.0472,0.0001
1:04:26,56100,-0.1522,-0.0684,0.0163,0.0025,0.0845,0.0339,0.0042
1:04:30,56200,0.0345,-0.1354,0.0020,0.0020,0.1457,0.0260,0.0001
1:04:34,56300,-0.0750,-0.1285,0.0002,0.0049,0.1377,0.0315,0.0016
1:04:39,56400,-0.0995,-0.1448,0.0004,0.0038,0.1668,0.0300,0.0003
1:04:43,56500,-0.0753,-0.0907,0.0005,0.0017,0.0683,0.0287,0.0048
1:04:47,56600,-0.1679,-0.1690,0.0011,0.0053,0.1904,0.0515,0.0215
1:04:52,56700,-0.0821,-0.0966,0.0027,0.0065,0.1277,0.0327,0.0080
1:04:56,56800,-0.0553,-0.1192,0.0049,0.0035,0.1325,0.0283,0.0004
1:05:00,56900,0.0040,-0.1791,0.0001,0.0028,0.1904,0.0297,0.0001
1:05:05,57000,-0.1182,-0.0808,0.0001,0.0015,0.0846,0.0296,0.0002
1:05:19,57100,-0.0450,-0.0763,0.0005,0.0056,0.1203,0.0311,0.0002
1:05:24,57200,-0.0284,-0.1878,0.0002,0.0038,0.1912,0.0348,0.0000
1:05:28,57300,-0.0381,-0.2980,0.1091,0.0063,0.3121,0.0485,0.0029
1:05:32,57400,-0.1444,-0.1302,0.1088,0.0020,0.1310,0.0405,0.0000
1:05:37,57500,0.0605,-0.1759,0.0042,0.0023,0.1923,0.0295,0.0000
1:05:41,57600,-0.1587,-0.0998,0.0002,0.0045,0.1146,0.0336,0.0019
1:05:45,57700,0.0209,-0.2350,0.0068,0.0069,0.2337,0.0307,0.0007
1:05:49,57800,-0.0147,-0.2463,0.0000,0.0031,0.2604,0.0309,0.0821
1:05:54,57900,0.0060,-0.2151,0.0012,0.0047,0.1960,0.0293,0.0003
1:05:58,58000,-0.0615,-0.1242,0.0071,0.0038,0.1102,0.0326,0.0097
1:06:13,58100,0.1091,-0.3559,0.0283,0.0071,0.3135,0.0392,0.0061
1:06:17,58200,-0.1413,-0.1222,0.0006,0.0031,0.1267,0.0383,0.0002
1:06:22,58300,-0.0624,-0.0957,0.0063,0.0018,0.1273,0.0315,0.0000
1:06:26,58400,-0.0620,-0.2015,0.0036,0.0040,0.1887,0.0318,0.0000
1:06:30,58500,-0.0928,-0.1048,0.0009,0.0048,0.1060,0.0317,0.0001
1:06:34,58600,-0.0395,-0.1568,0.0005,0.0050,0.1462,0.0317,0.0001
1:06:39,58700,-0.0132,-0.1345,0.0005,0.0040,0.1498,0.0294,0.0000
1:06:43,58800,0.0116,-0.1833,0.0306,0.0028,0.1809,0.0278,0.0008
1:06:47,58900,-0.0882,-0.1835,0.0418,0.0038,0.1641,0.0308,0.0006
1:06:52,59000,-0.0045,-0.1495,0.0001,0.0020,0.1520,0.0256,0.0008
1:07:06,59100,-0.0810,-0.1306,0.0050,0.0029,0.1061,0.0351,0.0000
1:07:11,59200,-0.0967,-0.0152,0.0023,0.0027,0.0339,0.0263,0.0000
1:07:15,59300,-0.0564,-0.1575,0.0018,0.0036,0.1465,0.0363,0.0004
1:07:19,59400,-0.0398,-0.0578,0.0004,0.0073,0.0362,0.0247,0.0003
1:07:23,59500,-0.0359,-0.1720,0.1933,0.0012,0.1278,0.0282,0.0014
1:07:28,59600,-0.1482,-0.0400,0.0572,0.0049,0.0281,0.0308,0.0001
1:07:32,59700,-0.1209,-0.0454,0.0014,0.0024,0.0568,0.0302,0.0001
1:07:36,59800,-0.0855,-0.0948,0.0000,0.0025,0.0819,0.0272,0.0006
1:07:41,59900,-0.0100,-0.1620,0.0006,0.0034,0.1787,0.0292,0.0005
1:07:45,60000,-0.0979,-0.0886,0.0134,0.0039,0.0824,0.0292,0.0006
1:10:52,60100,-0.0889,-0.1048,0.0005,0.0032,0.0879,0.0280,0.0005
1:10:56,60200,-0.1353,-0.0678,0.0000,0.0068,0.0963,0.0339,0.1919
1:11:00,60300,-0.2025,0.0119,0.0006,0.0040,0.0151,0.0277,0.0032
1:11:04,60400,0.0505,-0.1824,0.0000,0.0027,0.1916,0.0253,0.0000
1:11:08,60500,-0.1003,-0.1824,0.0001,0.0013,0.2097,0.0318,0.0000
1:11:12,60600,-0.0294,-0.1584,0.0024,0.0034,0.1525,0.0268,0.0001
1:11:16,60700,-0.1079,-0.3685,0.0013,0.0091,0.3961,0.0620,0.2039
1:11:20,60800,0.0168,-0.2381,0.0011,0.0035,0.2554,0.0336,0.0004
1:11:24,60900,-0.1335,-0.1265,0.0057,0.0034,0.1253,0.0342,0.0004
1:11:28,61000,-0.0793,-0.1482,0.0125,0.0027,0.1748,0.0394,0.0344
1:11:43,61100,-0.0925,-0.1287,0.0004,0.0029,0.1319,0.0269,0.0003
1:11:47,61200,-0.0662,-0.1357,0.0009,0.0038,0.1417,0.0328,0.0003
1:11:51,61300,-0.1416,-0.1030,0.0001,0.0031,0.1250,0.0280,0.0007
1:11:55,61400,-0.0484,-0.1382,0.0001,0.0025,0.1476,0.0261,0.0001
1:11:59,61500,-0.0479,-0.1608,0.0010,0.0042,0.1458,0.0320,0.0006
1:12:03,61600,-0.0888,-0.1070,0.0002,0.0048,0.0999,0.0312,0.0004
1:12:07,61700,-0.1039,-0.0845,0.0376,0.0031,0.1259,0.0335,0.0037
1:12:11,61800,-0.0072,-0.4198,0.0004,0.0128,0.3735,0.0508,0.0001
1:12:15,61900,0.0317,-0.2590,0.0007,0.0019,0.2929,0.0336,0.0003
1:12:19,62000,-0.1035,-0.1538,0.0031,0.0017,0.1542,0.0369,0.0001
1:12:34,62100,-0.0123,-0.1900,0.0008,0.0065,0.1990,0.0329,0.0014
1:12:38,62200,-0.0413,-0.1944,0.0007,0.0031,0.1837,0.0345,0.0188
1:12:42,62300,-0.1411,-0.0565,0.0007,0.0021,0.0967,0.0328,0.0000
1:12:46,62400,-0.0572,-0.1517,0.0003,0.0047,0.1477,0.0313,0.0002
1:12:50,62500,-0.0490,-0.1934,0.0085,0.0045,0.2027,0.0274,0.0001
1:12:54,62600,-0.1618,-0.0082,0.0000,0.0024,0.0287,0.0324,0.0115
1:12:58,62700,-0.0857,-0.0331,0.0004,0.0030,0.0632,0.0286,0.0374
1:13:02,62800,-0.2243,-0.0622,0.0002,0.0046,0.1128,0.0373,0.0000
1:13:06,62900,-0.0377,-0.1750,0.0001,0.0031,0.1820,0.0279,0.0001
1:13:10,63000,-0.0666,-0.1001,0.0009,0.0030,0.1252,0.0293,0.0008
1:13:25,63100,-0.0686,-0.1037,0.0059,0.0031,0.1189,0.0284,0.0070
1:13:29,63200,0.0332,-0.1674,0.0012,0.0018,0.1768,0.0255,0.0000
1:13:33,63300,0.0476,-0.2538,0.0002,0.0025,0.2630,0.0274,0.0011
1:13:37,63400,-0.0406,-0.1720,0.0002,0.0041,0.1791,0.0259,0.0013
1:13:41,63500,-0.0389,-0.1997,0.0002,0.0033,0.1976,0.0286,0.0010
1:13:45,63600,0.0278,-0.1008,0.1980,0.0079,0.1279,0.0246,0.3481
1:13:49,63700,-0.0368,-0.1505,0.0002,0.0026,0.1463,0.0255,0.0001
1:13:53,63800,-0.1222,-0.0289,0.0008,0.0025,0.0201,0.0312,0.0003
1:13:57,63900,0.0331,-0.4004,0.1607,0.0024,0.4282,0.0497,0.4333
1:14:01,64000,-0.1914,-0.0015,0.0008,0.0059,0.0069,0.0323,0.0000
1:14:16,64100,-0.1161,-0.0854,0.0014,0.0025,0.0893,0.0297,0.0008
1:14:20,64200,-0.1258,-0.1275,0.0000,0.0049,0.1514,0.0309,0.0000
1:14:24,64300,-0.0716,-0.1579,0.0000,0.0035,0.1711,0.0350,0.0006
1:14:28,64400,-0.1908,0.0140,0.0003,0.0030,0.0535,0.0332,0.0001
1:14:32,64500,-0.1128,-0.1304,0.0001,0.0026,0.1602,0.0317,0.0000
1:14:37,64600,-0.0331,-0.1157,0.0000,0.0064,0.1124,0.0279,0.0001
1:14:41,64700,-0.1530,-0.0977,0.0001,0.0026,0.1091,0.0401,0.0000
1:14:45,64800,-0.0192,-0.1260,0.0051,0.0046,0.1679,0.0291,0.0000
1:14:49,64900,-0.0938,-0.1031,0.0019,0.0047,0.1560,0.0286,0.2845
1:14:53,65000,-0.1279,-0.1675,0.0001,0.0046,0.1758,0.0324,0.0001
1:15:07,65100,-0.1491,-0.1582,0.1025,0.0066,0.1088,0.0394,0.0014
1:15:11,65200,-0.0182,-0.1396,0.0006,0.0021,0.1458,0.0243,0.0009
1:15:16,65300,0.0058,-0.1766,0.0005,0.0016,0.1808,0.0286,0.0008
1:15:20,65400,-0.0582,-0.1078,0.0002,0.0026,0.1133,0.0273,0.0181
1:15:24,65500,-0.1296,-0.0868,0.0002,0.0047,0.0874,0.0284,0.0006
1:15:28,65600,0.0549,-0.2943,0.0009,0.0032,0.2684,0.0337,0.0002
1:15:32,65700,0.0284,-0.2035,0.0094,0.0042,0.2135,0.0283,0.0001
1:15:36,65800,-0.1568,-0.1214,0.0058,0.0074,0.1792,0.0324,0.0002
1:15:40,65900,-0.0924,-0.1839,0.0004,0.0038,0.1881,0.0302,0.0000
1:15:45,66000,-0.0507,-0.1134,0.0002,0.0032,0.1265,0.0249,0.0002
1:16:00,66100,-0.2158,0.0333,0.0008,0.0044,0.0401,0.0285,0.0001
1:16:04,66200,0.0543,-0.1581,0.0002,0.0040,0.1684,0.0254,0.0134
1:16:08,66300,-0.1545,-0.0621,0.0036,0.0010,0.0644,0.0360,0.0003
1:16:12,66400,-0.1786,-0.0525,0.0000,0.0025,0.0740,0.0316,0.0002
1:16:16,66500,-0.2558,-0.0385,0.0022,0.0029,0.0512,0.0344,0.0070
1:16:20,66600,-0.1009,-0.2660,0.0003,0.0040,0.3001,0.0398,0.0004
1:16:25,66700,-0.1037,-0.0485,0.0317,0.0030,0.0579,0.0275,0.0002
1:16:29,66800,-0.1331,-0.1484,0.0001,0.0033,0.1527,0.0319,0.0000
1:16:33,66900,-0.2178,-0.0977,0.0000,0.0035,0.1192,0.0381,0.0237
1:16:37,67000,-0.0887,-0.0672,0.0048,0.0051,0.0577,0.0239,0.0075
1:16:51,67100,-0.1217,-0.2112,0.0000,0.0054,0.2679,0.0348,0.0000
1:16:55,67200,-0.0414,-0.0843,0.0076,0.0028,0.0914,0.0282,0.0007
1:16:59,67300,-0.1225,-0.0719,0.0001,0.0025,0.0826,0.0278,0.0008
1:17:03,67400,0.0039,-0.1811,0.0010,0.0020,0.1930,0.0284,0.0000
1:17:07,67500,0.0401,-0.1780,0.0006,0.0032,0.1780,0.0217,0.0122
1:17:11,67600,-0.0918,-0.0947,0.0001,0.0037,0.1101,0.0263,0.0007
1:17:15,67700,-0.1190,-0.0587,0.0008,0.0023,0.0903,0.0290,0.0073
1:17:20,67800,-0.1211,-0.0211,0.0263,0.0056,0.0643,0.0321,0.0001
1:17:24,67900,-0.0760,-0.1119,0.0003,0.0045,0.1052,0.0311,0.0001
1:17:28,68000,-0.1004,-0.0306,0.0088,0.0035,0.0651,0.0256,0.0001
1:17:43,68100,-0.2532,0.0204,0.0006,0.0014,0.0094,0.0338,0.0004
1:17:47,68200,-0.0502,-0.1510,0.0001,0.0021,0.1547,0.0313,0.0073
1:17:51,68300,-0.0229,-0.1268,0.0015,0.0022,0.1323,0.0289,0.0001
1:17:55,68400,-0.1242,0.0011,0.0076,0.0049,-0.0027,0.0289,0.0002
1:17:59,68500,-0.0291,-0.1552,0.0006,0.0055,0.1679,0.0273,0.0046
1:18:03,68600,-0.1108,-0.0442,0.0004,0.0017,0.1018,0.0321,0.0002
1:18:07,68700,-0.0041,-0.2133,0.0002,0.0030,0.2040,0.0304,0.0018
1:18:11,68800,0.0495,-0.1492,0.0031,0.0039,0.1493,0.0254,0.0002
1:18:16,68900,0.0742,-0.3239,0.0001,0.0039,0.3066,0.0339,0.0001
1:18:20,69000,0.0492,-0.2451,0.0011,0.0079,0.2978,0.0366,0.0000
1:18:34,69100,-0.2082,-0.0312,0.0003,0.0047,0.0296,0.0370,0.0153
1:18:38,69200,-0.1136,-0.0682,0.1043,0.0047,0.0493,0.0318,0.0001
1:18:43,69300,-0.0459,-0.1806,0.0065,0.0041,0.1962,0.0268,0.0002
1:18:47,69400,-0.1857,-0.0045,0.0000,0.0049,0.0374,0.0306,0.0000
1:18:51,69500,-0.0418,-0.1110,0.0001,0.0048,0.1345,0.0263,0.0008
1:18:55,69600,-0.1324,-0.0817,0.0000,0.0033,0.0843,0.0351,0.0004
1:18:59,69700,-0.1960,-0.0833,0.0008,0.0031,0.1404,0.0332,0.0003
1:19:03,69800,-0.1005,-0.3430,0.0542,0.0090,0.3678,0.0491,0.0094
1:19:07,69900,-0.0164,-0.1758,0.0001,0.0047,0.1801,0.0316,0.0000
1:19:11,70000,-0.2439,0.0608,0.0000,0.0096,-0.0755,0.0396,0.3166
1:19:19,70010,-1.0728,-0.1694,0.8415,0.0096,0.1682,0.1692,0.2922,0.0000
1:19:25,70020,-1.2203,-0.1265,0.6101,0.0166,0.1446,0.1768,0.3674,0.0000
1:19:33,70030,-1.1848,-0.1920,1.0484,0.0108,0.2025,0.1583,0.4457,0.0000
1:19:40,70040,-1.1957,-0.1338,0.9987,0.0064,0.1508,0.1550,0.0770,0.0000
1:19:47,70050,-1.1989,-0.1555,1.0307,0.0166,0.1408,0.1476,0.0483,0.0000
1:19:54,70060,-1.2678,-0.0402,1.3428,0.0117,0.0736,0.1439,0.0184,0.0000
1:20:01,70070,-1.1686,-0.0129,0.4396,0.0036,0.0268,0.1436,0.1049,0.0000
1:20:09,70080,-1.2208,0.0529,1.0888,0.0049,-0.0349,0.1330,0.0491,0.0000
1:20:16,70090,-1.1297,0.0028,0.5691,0.0050,-0.0032,0.1264,0.0071,0.0000
1:20:23,70100,-1.3249,0.1561,0.7079,0.0082,-0.1371,0.1410,0.0277,0.0000
1:20:36,70110,-1.0655,0.0942,0.6014,0.0033,-0.0765,0.1053,0.0335,0.0000
1:20:43,70120,-1.0772,0.0657,0.4818,0.0168,-0.0939,0.1228,0.0106,0.0000
1:20:50,70130,-0.8620,0.0165,0.3031,0.0046,0.0041,0.1010,0.0012,0.0000
1:20:58,70140,-1.0582,0.1616,0.2849,0.0027,-0.1211,0.1252,0.0184,0.0000
1:21:04,70150,-0.8849,0.0572,0.3985,0.0058,-0.0468,0.1023,0.0182,0.0000
1:21:14,70160,-0.9258,0.0660,0.3012,0.0041,-0.0370,0.1113,0.0084,0.0000
1:21:20,70170,-0.7530,-0.0193,0.4497,0.0043,0.0580,0.1028,0.1231,0.0000
1:21:26,70180,-0.7146,-0.0767,0.2667,0.0069,0.0648,0.1045,0.0149,0.0000
1:21:34,70190,-0.8745,0.0503,0.7812,0.0048,-0.0218,0.1068,0.0372,0.0000
1:21:40,70200,-0.6487,-0.0722,0.3823,0.0109,0.0039,0.0933,0.0052,0.0000
1:21:51,70210,-0.6229,0.0695,0.0592,0.0017,-0.0539,0.0743,0.0087,0.0000
1:21:58,70220,-0.9786,0.1944,0.2612,0.0085,-0.1300,0.0961,0.0544,0.0000
1:22:06,70230,-0.5910,-0.0491,0.2083,0.0034,0.0780,0.0898,0.0360,0.0000
1:22:16,70240,-0.6130,-0.0919,0.4593,0.0062,0.0825,0.0909,0.0169,0.0000
1:22:23,70250,-0.5841,0.0605,0.3204,0.0027,-0.0636,0.0751,0.0342,0.0000
1:22:29,70260,-0.4450,-0.0253,0.7484,0.0027,-0.0208,0.0829,0.0194,0.0000
1:22:37,70270,-0.6838,-0.0769,0.4574,0.0081,0.1059,0.0966,0.0154,0.0000
1:22:45,70280,-0.8513,0.0753,0.3452,0.0032,-0.0470,0.0988,0.0456,0.0000
1:22:52,70290,-0.7101,-0.0259,0.2329,0.0048,0.0322,0.1023,0.0817,0.0000
1:22:59,70300,-0.0754,-0.2808,1.1561,0.0035,0.2140,0.0653,0.4767,0.0000
1:23:13,70310,-0.7196,-0.0358,0.2084,0.0091,0.0898,0.1084,0.0277,0.0000
1:23:19,70320,-0.2132,-0.1886,0.0901,0.0071,0.2333,0.0686,0.0142,0.0000
1:23:26,70330,-0.7613,-0.0920,0.0584,0.0038,0.0737,0.1113,0.0013,0.0000
1:23:33,70340,-0.1012,-0.2376,0.1114,0.0040,0.2438,0.0631,0.0082,0.0000
1:23:40,70350,-0.0850,-0.1983,0.1240,0.0034,0.1865,0.0642,0.0155,0.0000
1:23:47,70360,-0.5055,-0.2349,0.0378,0.0062,0.2269,0.1084,0.4114,0.0000
1:23:53,70370,-0.2752,-0.2904,0.5729,0.0078,0.1682,0.0764,0.0304,0.0000
1:24:00,70380,-0.3346,-0.0543,0.1135,0.0069,0.1028,0.0709,0.0036,0.0000
1:24:09,70390,-0.4216,-0.2202,0.2353,0.0180,0.1928,0.0891,0.0010,0.0000
1:24:16,70400,-0.2568,-0.0446,0.1053,0.0095,-0.0138,0.0779,0.0040,0.0000
1:24:28,70410,-0.4183,-0.0717,0.1036,0.0059,0.0192,0.0740,0.0400,0.0000
1:24:35,70420,-0.5222,-0.1761,0.2594,0.0087,0.1734,0.0861,0.0008,0.0000
1:24:42,70430,-0.1993,-0.1049,0.3180,0.0040,0.1913,0.0768,0.0399,0.0000
1:24:49,70440,-0.2746,-0.1308,0.0693,0.0089,0.1588,0.0682,0.0024,0.0000
1:24:56,70450,-0.5312,-0.1466,0.1687,0.0109,0.1926,0.0830,0.0004,0.0000
1:25:03,70460,-0.3642,-0.1827,0.1282,0.0091,0.1476,0.0831,0.0326,0.0000
1:25:12,70470,-0.4049,-0.1906,0.3742,0.0071,0.2101,0.0790,0.0019,0.0000
1:25:19,70480,-0.2541,-0.2003,0.0632,0.0076,0.2448,0.0667,0.0007,0.0000
1:25:26,70490,-0.5881,-0.0934,0.0671,0.0079,0.1138,0.0900,0.0200,0.0000
1:25:33,70500,-0.2867,-0.1619,0.0890,0.0059,0.1630,0.0685,0.0422,0.0000
1:25:45,70510,-0.6409,-0.0943,0.2328,0.0048,0.1011,0.0956,0.0070,0.0000
1:25:52,70520,-0.3346,-0.2447,0.1530,0.0051,0.2894,0.0764,0.0057,0.0000
1:25:59,70530,-0.6284,-0.1414,0.2855,0.0125,0.2013,0.0974,0.0016,0.0000
1:26:08,70540,-0.3485,-0.2390,0.0416,0.0067,0.2971,0.0822,0.2450,0.0000
1:26:15,70550,-0.2565,-0.2237,0.0484,0.0060,0.2915,0.0680,0.0005,0.0000
1:26:22,70560,-0.3770,-0.4370,0.8349,0.0126,0.3183,0.1004,0.0076,0.0000
1:26:29,70570,-0.4038,-0.3982,0.4216,0.0039,0.4085,0.0925,0.1731,0.0000
1:26:36,70580,-0.4603,-0.3133,0.1296,0.0086,0.4451,0.0936,0.0051,0.0000
1:26:44,70590,-0.4705,-0.2334,0.0319,0.0098,0.2412,0.0876,0.0346,0.0000
1:26:51,70600,-0.3275,-0.3357,0.0808,0.0051,0.4183,0.0922,0.9295,0.0000
1:27:09,70610,-0.6190,-0.1281,0.3327,0.0085,0.1394,0.0979,0.0053,0.0000
1:27:23,70620,-0.1770,-0.3124,0.1145,0.0049,0.2979,0.0792,0.0012,0.0000
1:27:31,70630,-0.4522,-0.2272,0.0555,0.0074,0.2276,0.0948,0.0002,0.0000
1:27:40,70640,-0.2221,-0.2786,0.0349,0.0053,0.3229,0.0610,0.0000,0.0000
1:27:47,70650,-0.4410,-0.2210,0.0100,0.0069,0.2296,0.0838,0.0001,0.0000
1:27:55,70660,-0.6361,-0.2037,0.2269,0.0049,0.1833,0.0988,0.0882,0.0000
1:28:02,70670,-0.5572,-0.1525,0.3183,0.0106,0.0964,0.1004,0.1526,0.0000
1:28:09,70680,-0.4164,-0.1659,0.3433,0.0046,0.1624,0.0897,0.0024,0.0000
1:28:17,70690,-0.5401,-0.1740,0.1566,0.0073,0.2385,0.0885,0.0925,0.0000
1:28:26,70700,-0.8331,0.0854,0.0840,0.0064,-0.0756,0.1008,0.0396,0.0000
1:28:38,70710,-0.5673,-0.1768,0.1914,0.0113,0.2212,0.0939,0.0832,0.0000
1:28:45,70720,-0.5015,-0.1879,0.0644,0.0146,0.1370,0.0801,0.0031,0.0000
1:28:52,70730,-0.3900,-0.1563,0.0354,0.0054,0.1816,0.0705,0.0001,0.0000
1:28:59,70740,-0.5281,-0.1534,0.0198,0.0077,0.2072,0.0853,0.0003,0.0000
1:29:06,70750,-0.7282,-0.0299,0.2213,0.0107,0.0598,0.0976,0.0002,0.0000
1:29:14,70760,-0.1924,-0.1693,0.0087,0.0061,0.1984,0.0515,0.0003,0.0000
1:29:21,70770,-0.3194,-0.0956,0.0018,0.0017,0.0910,0.0696,0.0019,0.0000
1:29:30,70780,-0.3473,-0.1143,0.1733,0.0082,0.1219,0.0707,0.0218,0.0000
1:29:37,70790,-0.9064,-0.2282,0.0420,0.0142,0.1607,0.1194,0.0392,0.0000
1:29:44,70800,-0.3343,-0.2318,0.0037,0.0107,0.2629,0.0735,0.0010,0.0000
1:29:56,70810,-0.7702,-0.2110,0.0809,0.0137,0.2202,0.1032,0.0242,0.0000
1:30:03,70820,-0.5392,-0.2762,0.0085,0.0127,0.3080,0.0915,0.0001,0.0000
1:30:10,70830,-0.7534,-0.1842,0.0214,0.0051,0.2262,0.0973,0.0011,0.0000
1:30:17,70840,-0.4079,-0.2679,0.0206,0.0087,0.2762,0.0782,0.0201,0.0000
1:30:27,70850,-0.4746,-0.1192,0.1858,0.0087,0.1462,0.0836,0.0004,0.0000
1:30:34,70860,-0.5229,-0.0370,0.0788,0.0063,0.0572,0.0700,0.0006,0.0000
1:30:41,70870,-0.3214,-0.1718,0.0908,0.0051,0.2181,0.0703,0.0001,0.0000
1:30:50,70880,-0.7178,-0.0327,0.0049,0.0108,0.0480,0.0876,0.0043,0.0000
1:30:58,70890,-0.9333,0.0092,0.0057,0.0088,0.0349,0.1005,0.0001,0.0000
1:31:05,70900,-0.6215,-0.1964,0.0102,0.0262,0.0800,0.0830,0.0002,0.0000
1:31:18,70910,-0.6712,-0.0326,0.3858,0.0058,-0.0458,0.0919,0.0001,0.0000
1:31:26,70920,-0.7908,-0.0428,0.2682,0.0172,0.0877,0.0894,0.0057,0.0000
1:31:36,70930,-0.7815,0.0408,0.0640,0.0047,0.0110,0.0957,0.0030,0.0000
1:31:43,70940,-0.2080,-0.1427,0.0071,0.0038,0.1507,0.0498,0.0008,0.0000
1:31:51,70950,-0.6473,-0.0426,0.0288,0.0073,0.0383,0.0837,0.0035,0.0000
1:31:59,70960,-0.4259,-0.2413,0.0040,0.0056,0.2325,0.0759,0.0003,0.0000
1:32:06,70970,-0.3731,-0.0849,0.0621,0.0152,0.0830,0.0687,0.0009,0.0000
1:32:13,70980,-0.5769,-0.1494,0.0024,0.0069,0.1953,0.0852,0.0004,0.0000
1:32:20,70990,-0.4784,-0.0105,0.0051,0.0056,0.0583,0.0684,0.0099,0.0000
1:32:27,71000,-0.2100,-0.1047,0.2272,0.0028,0.1019,0.0603,0.0007,0.0000
1:42:03,71010,-0.5620,-0.0984,0.0440,0.0076,0.1271,0.0806,0.0003,0.0000
1:42:10,71020,-0.6123,-0.1551,0.0382,0.0132,0.1598,0.0824,0.0001,0.0000
1:42:18,71030,-0.7944,-0.1478,0.0027,0.0102,0.1388,0.0937,0.0073,0.0000
1:42:26,71040,-0.4765,-0.1025,0.0044,0.0082,0.0983,0.0725,0.0586,0.0000
1:42:37,71050,-0.2656,-0.2549,0.0021,0.0089,0.2770,0.0713,0.0174,0.0000
1:42:45,71060,-0.7798,0.0947,0.0475,0.0091,-0.0439,0.0830,0.0001,0.0000
1:42:53,71070,-0.5642,-0.0790,0.0048,0.0075,0.0645,0.0777,0.0004,0.0000
1:43:04,71080,-0.4460,-0.0001,0.0085,0.0099,0.0645,0.0643,0.0015,0.0000
1:43:12,71090,-0.7426,-0.0949,0.0566,0.0065,0.0950,0.0930,0.0002,0.0000
1:43:20,71100,-0.5783,-0.0855,0.0083,0.0163,0.0765,0.0725,0.0005,0.0000
1:43:33,71110,-0.2710,-0.1881,0.0556,0.0026,0.1829,0.0639,0.0000,0.0000
1:43:41,71120,-0.5161,-0.0529,0.0058,0.0081,0.0654,0.0763,0.0001,0.0000
1:43:50,71130,-0.3179,-0.2226,0.0046,0.0044,0.2501,0.0593,0.0000,0.0000
1:43:58,71140,-0.5211,0.0228,0.0010,0.0099,-0.0042,0.0631,0.0001,0.0000
1:44:06,71150,-0.6890,-0.0620,0.1550,0.0112,0.0484,0.0846,0.0000,0.0000
1:44:16,71160,-0.5537,-0.1242,0.0470,0.0028,0.1528,0.0774,0.0001,0.0000
1:44:24,71170,-0.7309,-0.0838,0.0021,0.0161,0.1072,0.0871,0.0047,0.0000
1:44:32,71180,-0.4975,-0.0326,0.1686,0.0069,0.0228,0.0709,0.0027,0.0000
1:44:40,71190,-0.5436,-0.0690,0.2293,0.0071,0.0583,0.0764,0.0041,0.0000
1:44:48,71200,-0.6388,-0.1877,0.0360,0.0074,0.2001,0.0842,0.0001,0.0000
1:45:00,71210,-0.3782,-0.1389,0.0009,0.0082,0.1018,0.0688,0.1180,0.0000
1:45:08,71220,-0.2888,-0.1504,0.0082,0.0055,0.2243,0.0669,0.0043,0.0000
1:45:16,71230,-0.3856,-0.1732,0.0015,0.0098,0.2133,0.0807,0.0004,0.0000
1:45:26,71240,-0.6113,-0.2794,0.0031,0.0113,0.2457,0.0900,0.0001,0.0000
1:45:34,71250,-0.3443,-0.2514,0.0009,0.0070,0.2176,0.0691,0.0049,0.0000
1:45:42,71260,-0.5382,-0.1355,0.0012,0.0075,0.1906,0.0765,0.0190,0.0000
1:45:50,71270,-0.2289,-0.1885,0.0173,0.0050,0.2374,0.0553,0.0033,0.0000
1:45:58,71280,-0.5246,-0.2313,0.0687,0.0172,0.1676,0.0845,0.0007,0.0000
1:46:06,71290,-0.8345,0.0457,0.1374,0.0211,0.0233,0.0915,0.0001,0.0000
1:46:14,71300,-0.2131,-0.2775,0.2707,0.0065,0.3630,0.0875,0.0035,0.0000
1:46:30,71310,-0.3771,-0.2889,0.6079,0.0065,0.2704,0.0925,0.0008,0.0000
1:46:38,71320,-0.2406,-0.3290,0.0599,0.0203,0.3732,0.0763,0.0001,0.0000
1:46:46,71330,-0.5577,-0.2477,0.0020,0.0035,0.2732,0.0985,0.0001,0.0000
1:46:54,71340,-0.6307,-0.2059,0.0228,0.0049,0.1987,0.1044,0.0161,0.0000
1:47:01,71350,-0.2825,-0.2585,0.0350,0.0088,0.3083,0.0632,0.0009,0.0000
1:47:09,71360,-0.3873,-0.1959,0.0405,0.0063,0.2171,0.0699,0.1194,0.0000
1:47:17,71370,-0.2237,-0.2365,0.2062,0.0091,0.2828,0.0639,0.0089,0.0000
1:47:25,71380,-0.5290,-0.2961,0.0059,0.0099,0.2761,0.0878,0.0001,0.0000
1:47:36,71390,-0.2792,-0.2633,0.0017,0.0079,0.2942,0.0658,0.0000,0.0000
1:47:43,71400,-0.4926,-0.1280,0.0044,0.0083,0.1694,0.0705,0.0181,0.0000
1:47:56,71410,-0.4263,-0.2801,0.0051,0.0111,0.2718,0.0744,0.0001,0.0000
1:48:04,71420,-0.2866,-0.2564,0.0003,0.0068,0.2736,0.0712,0.0005,0.0000
1:48:12,71430,-0.5106,-0.1915,0.0028,0.0058,0.2105,0.0798,0.0060,0.0000
1:48:20,71440,-0.2253,-0.3267,0.0010,0.0042,0.3339,0.0654,0.0003,0.0000
1:48:29,71450,-0.1950,-0.2529,0.0025,0.0089,0.2635,0.0612,0.0000,0.0000
1:48:37,71460,-0.3381,-0.2249,0.0120,0.0040,0.2198,0.0660,0.0000,0.0000
1:48:47,71470,-0.3324,-0.2096,0.0009,0.0067,0.2240,0.0678,0.0011,0.0000
1:48:55,71480,-0.7738,-0.0626,0.0152,0.0078,0.0859,0.0876,0.0027,0.0000
1:49:03,71490,-0.3472,-0.0924,0.0005,0.0042,0.0945,0.0637,0.0069,0.0000
1:49:11,71500,-0.4957,-0.1183,0.2201,0.0089,0.1201,0.0727,0.0033,0.0000
1:49:23,71510,-0.5019,-0.2015,0.0057,0.0060,0.2301,0.0732,0.0049,0.0000
1:49:31,71520,-0.2809,-0.1812,0.0181,0.0060,0.2074,0.0664,0.2557,0.0000
1:49:39,71530,-0.5089,-0.2941,0.0099,0.0082,0.3320,0.0850,0.0011,0.0000
1:49:46,71540,-0.6720,-0.1569,0.0251,0.0238,-0.0463,0.1080,0.0000,0.0000
1:49:56,71550,-0.3709,-0.1453,0.0015,0.0072,0.1604,0.0693,0.0015,0.0000
1:50:04,71560,-0.4603,-0.1614,0.0003,0.0077,0.1592,0.0739,0.0002,0.0000
1:50:12,71570,-0.5942,-0.0477,0.0204,0.0047,0.0617,0.0785,0.0016,0.0000
1:50:20,71580,-0.9592,-0.1163,0.0035,0.0093,0.1467,0.1043,0.0000,0.0000
1:50:28,71590,-0.3587,-0.1742,0.0040,0.0090,0.2571,0.0776,0.0021,0.0000
1:50:35,71600,-0.3506,-0.1626,0.0071,0.0059,0.1764,0.0648,0.0017,0.0000
1:50:48,71610,-0.3342,-0.1846,0.0048,0.0043,0.2243,0.0653,0.0005,0.0000
1:50:58,71620,-0.8262,-0.1702,0.0016,0.0151,0.1760,0.0990,0.0046,0.0000
1:51:06,71630,-0.3155,-0.2084,0.0005,0.0043,0.2180,0.0585,0.0059,0.0000
1:51:14,71640,-0.4067,-0.3115,0.0041,0.0082,0.3276,0.0840,0.0007,0.0000
1:51:21,71650,-0.1411,-0.2978,0.0011,0.0030,0.2600,0.0566,0.0006,0.0000
1:51:29,71660,-0.0417,-0.2981,0.7719,0.0048,0.1617,0.0532,0.2863,0.0000
1:51:37,71670,-0.7810,-0.1363,0.3072,0.0111,0.1745,0.1036,0.2571,0.0000
1:51:45,71680,-0.4820,-0.2038,0.0186,0.0084,0.2606,0.0818,0.0817,0.0000
1:51:53,71690,-0.3892,-0.3386,0.0650,0.0069,0.4053,0.0819,0.0010,0.0000
1:52:03,71700,-0.4356,-0.3550,0.0064,0.0145,0.3648,0.0812,0.0000,0.0000
1:52:15,71710,-0.2839,-0.5095,0.0063,0.0144,0.4969,0.0786,0.0000,0.0000
1:52:23,71720,-0.3039,-0.3033,0.0060,0.0044,0.2918,0.0694,0.0002,0.0000
1:52:31,71730,-0.6318,-0.2858,0.0123,0.0073,0.3357,0.0936,0.0001,0.0000
1:52:39,71740,-0.3582,-0.2563,0.0036,0.0060,0.2686,0.0701,0.0001,0.0000
1:52:47,71750,-0.2230,-0.3332,0.0021,0.0088,0.3690,0.0664,0.0002,0.0000
1:52:55,71760,-0.3986,-0.3263,0.0029,0.0049,0.3034,0.0803,0.0002,0.0000
1:53:02,71770,-0.3232,-0.2620,0.0017,0.0093,0.2417,0.0679,0.0016,0.0000
1:53:13,71780,-0.3070,-0.2453,0.0004,0.0163,0.2793,0.0686,0.0003,0.0000
1:53:21,71790,-0.7035,-0.2582,0.0020,0.0121,0.2409,0.0908,0.0000,0.0000
1:53:28,71800,-0.5894,-0.1064,0.3651,0.0085,-0.0858,0.0851,0.7127,0.0000
1:53:41,71810,-0.6158,0.2031,0.2402,0.0168,-0.2213,0.0754,0.0165,0.0000
1:53:49,71820,-0.5673,-0.0806,0.0673,0.0078,0.1058,0.0808,0.0144,0.0000
1:53:57,71830,-0.2969,-0.1137,0.0232,0.0156,0.1147,0.0595,0.0125,0.0000
1:54:04,71840,-0.3270,-0.1623,0.1059,0.0100,0.1844,0.0623,0.0009,0.0000
1:54:14,71850,-0.6764,-0.1250,0.0049,0.0085,0.1290,0.0926,0.0007,0.0000
1:54:22,71860,-0.2521,-0.2461,0.0331,0.0047,0.2458,0.0578,0.0000,0.0000
1:54:30,71870,-0.3615,-0.1738,0.0119,0.0127,0.1720,0.0666,0.0002,0.0000
1:54:38,71880,-0.5681,-0.1584,0.0142,0.0161,0.1239,0.0857,0.0004,0.0000
1:54:46,71890,-0.6049,-0.1044,0.3136,0.0073,0.1050,0.0828,0.0013,0.0000
1:54:54,71900,-0.6780,-0.1159,0.0070,0.0077,0.1585,0.0847,0.0009,0.0000
1:55:06,71910,-0.4284,-0.2105,0.2075,0.0063,0.2492,0.0715,0.0038,0.0000
1:55:14,71920,-0.3908,-0.1731,0.0221,0.0053,0.1565,0.0639,0.0002,0.0000
1:55:24,71930,-0.4284,-0.1777,0.0015,0.0068,0.1761,0.0722,0.0036,0.0000
1:55:32,71940,-0.4065,-0.1864,0.0008,0.0071,0.2036,0.0668,0.0039,0.0000
1:55:40,71950,-0.3364,-0.2124,0.0007,0.0083,0.2552,0.0615,0.0005,0.0000
1:55:48,71960,-0.3252,-0.1747,0.0025,0.0085,0.2043,0.0581,0.0013,0.0000
1:55:55,71970,-0.3470,-0.1784,0.0078,0.0135,0.2029,0.0671,0.0034,0.0000
1:56:03,71980,-0.2910,-0.2735,0.0037,0.0078,0.3540,0.0613,0.2102,0.0000
1:56:11,71990,-0.4766,-0.1976,0.0043,0.0123,0.2844,0.0730,0.0022,0.0000
1:56:19,72000,-0.2604,-0.2489,0.0005,0.0119,0.2930,0.0593,0.0166,0.0000
2:06:03,72010,-0.6238,-0.2122,0.0087,0.0106,0.1949,0.0880,0.3042,0.0000
2:06:11,72020,-0.2490,-0.3593,0.0050,0.0123,0.3543,0.0676,0.0010,0.0000
2:06:18,72030,-0.5223,-0.2769,0.0024,0.0102,0.2507,0.0804,0.0028,0.0000
2:06:26,72040,-0.1401,-0.2255,0.0005,0.0093,0.2409,0.0545,0.0005,0.0000
2:06:34,72050,-0.5993,-0.1776,0.3367,0.0081,0.2085,0.0866,0.0736,0.0000
2:06:42,72060,-0.6710,-0.2288,0.0192,0.0191,0.1883,0.0894,0.0502,0.0000
2:06:50,72070,-0.2656,-0.2935,0.0007,0.0075,0.2989,0.0600,0.0008,0.0000
2:07:00,72080,-0.3361,-0.3147,0.0022,0.0079,0.3214,0.0764,0.0131,0.0000
2:07:08,72090,-0.5294,-0.1838,0.0019,0.0119,0.1096,0.0758,0.0002,0.0000
2:07:16,72100,-0.2853,-0.2388,0.0036,0.0055,0.2674,0.0556,0.0013,0.0000
2:07:28,72110,-0.3631,-0.2763,0.0022,0.0049,0.3368,0.0684,0.0011,0.0000
2:07:36,72120,-0.1994,-0.2446,0.0040,0.0105,0.2377,0.0606,0.0007,0.0000
2:07:44,72130,-0.1017,-0.2301,0.0003,0.0070,0.2660,0.0525,0.0001,0.0000
2:07:52,72140,-0.1427,-0.3257,0.0035,0.0124,0.2818,0.0563,0.0026,0.0000
2:08:00,72150,-0.2759,-0.3973,0.0077,0.0074,0.3426,0.0761,0.0017,0.0000
2:08:10,72160,-0.2393,-0.3510,0.0073,0.0039,0.3310,0.0735,0.0009,0.0000
2:08:17,72170,-0.3564,-0.2295,0.0086,0.0092,0.2422,0.0676,0.0023,0.0000
2:08:25,72180,-0.2003,-0.3237,0.0083,0.0060,0.3034,0.0672,0.0013,0.0000
2:08:33,72190,-0.2402,-0.2985,0.0006,0.0088,0.3019,0.0600,0.0173,0.0000
2:08:41,72200,-0.1893,-0.3967,0.0001,0.0078,0.3695,0.0672,0.0001,0.0000
2:08:54,72210,-0.1651,-0.1765,0.0008,0.0093,0.1686,0.0520,0.0004,0.0000
2:09:02,72220,-0.1864,-0.2789,0.0095,0.0060,0.2857,0.0500,0.1807,0.0000
2:09:09,72230,-0.4476,-0.2845,0.0720,0.0113,0.3658,0.0828,0.0042,0.0000
2:09:19,72240,-0.2745,-0.2683,0.3094,0.0096,0.0562,0.0780,0.2104,0.0000
2:09:27,72250,-0.3270,-0.1394,0.0139,0.0075,0.1463,0.0580,0.0024,0.0000
2:09:35,72260,-0.2821,-0.0366,0.0093,0.0052,0.0280,0.0526,0.0001,0.0000
2:09:43,72270,-0.2367,-0.2420,0.0034,0.0071,0.2823,0.0663,0.0016,0.0000
2:09:50,72280,-0.4876,-0.2529,0.0584,0.0103,0.2400,0.0774,0.0034,0.0000
2:09:58,72290,-0.4937,-0.2189,0.0297,0.0122,0.2486,0.0770,0.0011,0.0000
2:10:06,72300,-0.5473,-0.1416,0.2094,0.0061,0.1740,0.0741,0.0089,0.0000
2:10:18,72310,-0.6630,-0.2598,0.6473,0.0049,0.2561,0.0813,0.0005,0.0000
2:10:28,72320,-0.2105,-0.3296,0.0200,0.0049,0.3707,0.0674,0.0031,0.0000
2:10:36,72330,-0.4725,-0.2363,0.0029,0.0095,0.2122,0.0771,0.0029,0.0000
2:10:44,72340,-0.4913,-0.2417,0.0101,0.0067,0.2552,0.0758,0.0001,0.0000
2:10:51,72350,-0.3440,-0.2708,0.0183,0.0087,0.2945,0.0830,0.3788,0.0000
2:10:59,72360,-0.2605,-0.2184,0.0019,0.0103,0.2539,0.0604,0.0018,0.0000
2:11:07,72370,-0.2178,-0.3103,0.1542,0.0131,0.3666,0.0608,0.0061,0.0000
2:11:14,72380,-0.3220,-0.3409,0.0072,0.0043,0.2919,0.0720,0.0001,0.0000
2:11:24,72390,-0.3439,-0.2615,0.0059,0.0108,0.1886,0.0685,0.0155,0.0000
2:11:32,72400,-0.5616,-0.1983,0.0069,0.0116,0.1648,0.0816,0.0544,0.0000
2:11:45,72410,-0.3428,-0.2340,0.0054,0.0060,0.2521,0.0572,0.0000,0.0000
2:11:53,72420,-0.3677,-0.1584,0.0094,0.0066,0.1652,0.0583,0.0015,0.0000
2:12:00,72430,-0.3915,-0.2664,0.0725,0.0064,0.2493,0.0732,0.0005,0.0000
2:12:08,72440,-0.7063,-0.0698,0.0004,0.0094,0.1058,0.0824,0.0429,0.0000
2:12:16,72450,-0.6248,-0.1327,0.1128,0.0085,0.1742,0.0695,0.0041,0.0000
2:12:24,72460,-0.2721,-0.1862,0.0045,0.0055,0.2076,0.0631,0.0024,0.0000
2:12:34,72470,-0.3234,-0.1364,0.0003,0.0044,0.0925,0.0552,0.0033,0.0000
2:12:42,72480,-0.6452,-0.1649,0.0066,0.0071,0.1623,0.0908,0.0017,0.0000
2:12:49,72490,-0.5253,-0.1903,0.0032,0.0113,0.1746,0.0731,0.0037,0.0000
2:12:57,72500,-0.4199,-0.2326,0.0006,0.0064,0.2687,0.0733,0.0766,0.0000
2:13:10,72510,-0.6878,-0.1983,0.0996,0.0100,0.2157,0.0830,0.0086,0.0000
2:13:17,72520,-0.5246,-0.1769,0.0046,0.0114,0.2081,0.0798,0.0930,0.0000
2:13:25,72530,-0.1331,-0.2833,0.0039,0.0070,0.2934,0.0521,0.0000,0.0000
2:13:32,72540,-0.1138,-0.2316,0.6676,0.0092,0.1811,0.0483,0.0003,0.0000
2:13:42,72550,-0.4549,-0.0379,0.0540,0.0092,0.1100,0.0651,0.0014,0.0000
2:13:50,72560,-0.4454,-0.1889,0.0487,0.0079,0.1990,0.0659,0.0470,0.0000
2:13:58,72570,-0.7456,-0.1704,0.0014,0.0106,0.2164,0.0939,0.0015,0.0000
2:14:06,72580,-0.2438,-0.2413,0.0307,0.0047,0.2652,0.0557,0.0001,0.0000
2:14:14,72590,-0.7303,-0.1202,0.0105,0.0071,0.0899,0.0816,0.0061,0.0000
2:14:22,72600,-0.2294,-0.2495,0.0012,0.0086,0.2324,0.0593,0.0004,0.0000
2:14:34,72610,-0.4701,-0.0920,0.0016,0.0054,0.0983,0.0626,0.0011,0.0000
2:14:44,72620,-0.7295,-0.1574,0.0047,0.0080,0.1592,0.0943,0.0153,0.0000
2:14:52,72630,-0.4644,-0.2243,0.0030,0.0134,0.2317,0.0690,0.0015,0.0000
2:14:59,72640,-0.1738,-0.2250,0.0008,0.0057,0.2495,0.0530,0.0008,0.0000
2:15:07,72650,-0.5290,-0.2353,0.0086,0.0123,0.2807,0.0783,0.0003,0.0000
2:15:15,72660,-0.4353,-0.2129,0.0003,0.0044,0.2315,0.0698,0.0003,0.0000
2:15:23,72670,-0.4626,-0.1871,0.0044,0.0147,0.1758,0.0712,0.1188,0.0000
2:15:30,72680,-0.4578,-0.3058,0.0041,0.0130,0.2848,0.0784,0.0002,0.0000
2:15:38,72690,-0.3539,-0.1728,0.0093,0.0044,0.1939,0.0724,0.0002,0.0000
2:15:48,72700,-0.4609,-0.1939,0.0010,0.0054,0.1853,0.0755,0.0046,0.0000
2:16:00,72710,-0.2889,-0.2696,0.0057,0.0120,0.2773,0.0633,0.0031,0.0000
2:16:08,72720,-0.3593,-0.1711,0.0014,0.0104,0.1742,0.0609,0.0049,0.0000
2:16:16,72730,-0.3176,-0.2163,0.0082,0.0090,0.2396,0.0669,0.0052,0.0000
2:16:24,72740,-0.2566,-0.2120,0.0023,0.0039,0.2518,0.0571,0.0088,0.0000
2:16:32,72750,-0.3451,-0.1951,0.0091,0.0101,0.2568,0.0580,0.0094,0.0000
2:16:39,72760,-0.3925,-0.3080,0.0023,0.0124,0.3260,0.0756,0.0000,0.0000
2:16:47,72770,-0.5831,-0.2115,0.0010,0.0158,0.2601,0.0772,0.0014,0.0000
2:16:57,72780,-0.5802,-0.2725,0.0034,0.0111,0.3234,0.0812,0.0001,0.0000
2:17:05,72790,-0.2110,-0.2919,0.0015,0.0079,0.3077,0.0635,0.0018,0.0000
2:17:13,72800,-0.0368,-0.2857,0.0005,0.0061,0.2383,0.0504,0.0090,0.0000
2:17:26,72810,-0.3652,-0.2410,0.0007,0.0053,0.2456,0.0612,0.0281,0.0000
2:17:33,72820,-0.4079,-0.2429,0.0004,0.0060,0.3302,0.0680,0.0031,0.0000
2:17:41,72830,-0.7051,-0.1662,0.0003,0.0090,0.2537,0.0847,0.0120,0.0000
2:17:49,72840,-0.0217,-0.3482,0.0002,0.0056,0.3705,0.0451,0.0126,0.0000
2:17:59,72850,-0.3262,-0.2218,0.0005,0.0087,0.1870,0.0614,0.0005,0.0000
2:18:07,72860,-0.2023,-0.3051,0.0030,0.0092,0.2831,0.0618,0.0050,0.0000
2:18:15,72870,-0.1709,-0.2951,0.0008,0.0042,0.2587,0.0594,0.0053,0.0000
2:18:23,72880,-0.2588,-0.3022,0.0070,0.0083,0.3121,0.0582,0.0221,0.0000
2:18:30,72890,-0.4491,-0.1517,0.0010,0.0074,0.1626,0.0678,0.0616,0.0000
2:18:38,72900,-0.2182,-0.3165,0.0006,0.0086,0.3531,0.0716,0.0023,0.0000
2:18:51,72910,-0.5841,-0.2823,0.0020,0.0094,0.3133,0.0917,0.0002,0.0000
2:18:58,72920,-0.6224,-0.1277,0.0007,0.0116,0.1440,0.0769,0.0001,0.0000
2:19:08,72930,-0.2464,-0.2632,0.0003,0.0065,0.2965,0.0556,0.0013,0.0000
2:19:16,72940,-0.2627,-0.1617,0.0018,0.0091,0.1628,0.0575,0.0016,0.0000
2:19:24,72950,-0.2833,-0.1677,0.0044,0.0072,0.2709,0.0572,0.0002,0.0000
2:19:32,72960,-0.0530,-0.3263,0.0010,0.0071,0.3253,0.0532,0.0011,0.0000
2:19:39,72970,-0.3208,-0.2964,0.0034,0.0038,0.3814,0.0645,0.0010,0.0000
2:19:47,72980,-0.2359,-0.4148,0.0008,0.0055,0.4386,0.0625,0.0002,0.0000
2:19:55,72990,-0.2417,-0.2320,0.0007,0.0108,0.2338,0.0587,0.0000,0.0000
2:20:02,73000,-0.3915,-0.3204,0.0004,0.0100,0.3185,0.0720,0.1531,0.0000
2:29:17,73010,-1.0903,0.4813,0.9653,0.0585,-0.4593,0.0901,0.5577,0.0000
2:29:25,73020,-0.6344,0.1585,0.2630,0.0072,-0.1437,0.0729,0.1596,0.0000
2:29:32,73030,-0.2925,-0.0668,0.1953,0.0115,0.0930,0.0665,0.0548,0.0000
2:29:40,73040,-0.5985,-0.0143,0.0835,0.0091,0.0235,0.0833,0.0319,0.0000
2:29:48,73050,-0.5956,0.0158,0.1284,0.0045,0.0138,0.0740,0.0046,0.0000
2:29:56,73060,-0.5305,0.0510,0.0523,0.0033,-0.0188,0.0659,0.0045,0.0000
2:30:04,73070,-0.2873,-0.1004,0.0773,0.0105,0.0870,0.0479,0.0024,0.0000
2:30:11,73080,-0.2841,-0.1102,0.0012,0.0031,0.1864,0.0445,0.0000,0.0000
2:30:22,73090,-0.6610,-0.0556,0.0165,0.0042,0.0282,0.0865,0.0009,0.0000
2:30:30,73100,-0.5484,-0.0425,0.0112,0.0043,0.0674,0.0730,0.0013,0.0000
2:30:42,73110,-0.4520,-0.0582,0.0123,0.0083,0.0059,0.0607,0.0004,0.0000
2:30:50,73120,-0.6463,-0.1182,0.0602,0.0161,0.1748,0.0763,0.0068,0.0000
2:30:58,73130,-0.6327,-0.0581,0.0101,0.0060,0.0784,0.0784,0.0026,0.0000
2:31:06,73140,-0.2078,-0.1137,0.0263,0.0073,0.0995,0.0461,0.0162,0.0000
2:31:13,73150,-0.2652,-0.1114,0.1586,0.0100,0.0588,0.0533,0.0005,0.0000
2:31:23,73160,-0.9036,-0.0212,0.0634,0.0076,0.0337,0.0962,0.0072,0.0000
2:31:31,73170,-0.5213,-0.0230,0.0337,0.0062,0.0332,0.0650,0.0536,0.0000
2:31:39,73180,-0.6417,-0.0613,0.0012,0.0082,0.0920,0.0763,0.0005,0.0000
2:31:47,73190,-0.9367,-0.1142,0.0867,0.0075,0.1680,0.0963,0.0219,0.0000
2:31:54,73200,-0.3409,-0.0022,0.0064,0.0071,0.0610,0.0499,0.0006,0.0000
2:32:08,73210,-0.2812,-0.0466,0.0469,0.0041,0.0687,0.0481,0.0010,0.0000
2:32:15,73220,-0.3800,-0.0302,0.1391,0.0080,0.0224,0.0550,0.0024,0.0000
2:32:23,73230,-0.6830,0.0178,0.0817,0.0031,0.0032,0.0817,0.0760,0.0000
2:32:33,73240,-0.3267,-0.1484,0.0017,0.0193,0.1161,0.0577,0.0114,0.0000
2:32:41,73250,-0.7097,-0.1986,0.0027,0.0194,0.2007,0.0847,0.0010,0.0000
2:32:49,73260,-0.4653,-0.1980,0.0130,0.0074,0.1759,0.0739,0.0033,0.0000
2:32:56,73270,-0.3677,-0.1245,0.0063,0.0060,0.0881,0.0631,0.0045,0.0000
2:33:04,73280,-0.3982,-0.0880,0.0012,0.0071,0.1215,0.0666,0.0020,0.0000
2:33:12,73290,-0.7235,-0.1394,0.0002,0.0097,0.1985,0.0856,0.0002,0.0000
2:33:19,73300,-0.4927,0.0319,0.0069,0.0044,0.0307,0.0610,0.0018,0.0000
2:33:32,73310,-0.2312,-0.1825,0.0004,0.0104,0.1829,0.0551,0.0029,0.0000
2:33:42,73320,-0.4095,-0.2745,0.0030,0.0080,0.3194,0.0694,0.0014,0.0000
2:33:50,73330,-0.1192,-0.3502,0.0022,0.0077,0.4105,0.0606,0.0009,0.0000
2:33:58,73340,-0.3282,-0.1869,0.0032,0.0041,0.2346,0.0658,0.0000,0.0000
2:34:06,73350,-0.4610,-0.1940,0.0007,0.0122,0.1623,0.0780,0.2262,0.0000
2:34:14,73360,-0.3620,-0.1595,0.0004,0.0051,0.1651,0.0635,0.0001,0.0000
2:34:22,73370,-0.6364,-0.2229,0.0013,0.0111,0.2789,0.0876,0.0001,0.0000
2:34:29,73380,-0.5604,-0.1512,0.0006,0.0084,0.1518,0.0780,0.0030,0.0000
2:34:39,73390,-0.5129,0.0006,0.3057,0.0119,0.0234,0.0688,0.1006,0.0000
2:34:47,73400,-0.4780,-0.1895,0.1259,0.0101,0.2131,0.0779,0.0456,0.0000
2:35:00,73410,-0.5063,-0.0820,0.0292,0.0131,0.0970,0.0767,0.0039,0.0000
2:35:08,73420,-0.1792,-0.2374,0.0101,0.0080,0.2901,0.0545,0.0023,0.0000
2:35:15,73430,-0.5907,-0.1058,0.0014,0.0174,0.1828,0.0813,0.0283,0.0000
2:35:23,73440,-0.4788,-0.0703,0.0144,0.0081,0.1013,0.0647,0.0026,0.0000
2:35:31,73450,-0.5925,0.0598,0.0062,0.0067,-0.0417,0.0648,0.0007,0.0000
2:35:39,73460,-0.4301,-0.0013,0.0026,0.0055,-0.0042,0.0521,0.0010,0.0000
2:35:49,73470,-0.5448,-0.0538,0.0006,0.0085,0.0445,0.0713,0.0117,0.0000
2:35:57,73480,-0.5206,-0.1384,0.0010,0.0089,0.1701,0.0731,0.0000,0.0000
2:36:04,73490,-0.5331,-0.1925,0.0284,0.0081,0.2319,0.0809,0.0004,0.0000
2:36:12,73500,-0.5624,-0.0222,0.0075,0.0095,0.0164,0.0689,0.0009,0.0000
2:36:25,73510,-0.6577,-0.0344,0.0011,0.0075,0.0255,0.0827,0.0005,0.0000
2:36:33,73520,-0.4173,-0.0892,0.0055,0.0030,0.0563,0.0543,0.0013,0.0000
2:36:41,73530,-0.5087,-0.0823,0.0006,0.0044,0.0978,0.0759,0.0003,0.0000
2:36:49,73540,-0.2496,-0.1898,0.0065,0.0108,0.1710,0.0541,0.0005,0.0000
2:36:59,73550,-0.3392,-0.0512,0.0003,0.0103,0.1093,0.0530,0.0010,0.0000
2:37:07,73560,-0.6207,-0.1855,0.0006,0.0150,0.1560,0.0801,0.0000,0.0000
2:37:14,73570,-0.5590,-0.0778,0.0027,0.0071,0.0936,0.0653,0.0001,0.0000
2:37:22,73580,-0.5939,0.1085,1.0349,0.0116,-0.0392,0.0669,0.1860,0.0000
2:37:30,73590,-0.8314,-0.0295,0.5565,0.0116,0.0644,0.0959,0.0573,0.0000
2:37:38,73600,-0.5750,0.0084,0.0060,0.0085,0.0136,0.0653,0.0006,0.0000
2:37:50,73610,-0.4621,-0.1567,0.1048,0.0108,0.1687,0.0675,0.0015,0.0000
2:38:01,73620,-0.5623,-0.1692,0.0033,0.0020,0.1843,0.0786,0.0042,0.0000
2:38:09,73630,-0.6161,-0.1002,0.0146,0.0033,0.1047,0.0763,0.0001,0.0000
2:38:16,73640,-0.5373,-0.0305,0.0027,0.0094,0.0438,0.0568,0.0042,0.0000
2:38:24,73650,-0.6139,-0.0405,0.1448,0.0061,0.0453,0.0795,0.1185,0.0000
2:38:32,73660,-0.4157,-0.0901,0.0010,0.0075,0.0541,0.0601,0.0036,0.0000
2:38:40,73670,-0.6397,-0.0668,0.0080,0.0049,0.0733,0.0824,0.0097,0.0000
2:38:48,73680,-0.4689,-0.0425,0.0067,0.0051,0.0943,0.0662,0.0511,0.0000
2:38:56,73690,-0.3916,-0.0567,0.0027,0.0102,0.1467,0.0598,0.0012,0.0000
2:39:06,73700,-0.4741,-0.1021,0.0005,0.0090,0.0494,0.0684,0.0001,0.0000
2:39:18,73710,-0.5499,-0.1312,0.0033,0.0072,0.1132,0.0805,0.0080,0.0000
2:39:26,73720,-0.4174,-0.1397,0.0017,0.0064,0.1487,0.0628,0.0002,0.0000
2:39:34,73730,-0.4333,-0.0282,0.0075,0.0077,0.0116,0.0484,0.0029,0.0000
2:39:41,73740,-0.9014,-0.0342,0.0006,0.0175,0.0298,0.0929,0.0064,0.0000
2:39:49,73750,-0.5066,-0.1284,0.0009,0.0155,0.1656,0.0639,0.0003,0.0000
2:39:57,73760,-0.4383,-0.0601,0.0002,0.0090,0.0320,0.0601,0.0037,0.0000
2:40:05,73770,-0.3363,-0.2444,0.0004,0.0169,0.2169,0.0595,0.0004,0.0000
2:40:15,73780,-0.4519,-0.1190,0.0017,0.0104,0.0998,0.0733,0.0128,0.0000
2:40:23,73790,-0.3795,-0.1473,0.0004,0.0093,0.1981,0.0608,0.0017,0.0000
2:40:31,73800,-0.1667,-0.1859,0.0002,0.0096,0.1985,0.0506,0.0001,0.0000
2:40:43,73810,-0.5167,-0.1097,0.0005,0.0062,0.1357,0.0671,0.0002,0.0000
2:40:51,73820,-0.4798,-0.1895,0.0003,0.0074,0.2025,0.0755,0.0182,0.0000
2:40:59,73830,-0.4223,-0.1811,0.0035,0.0062,0.2051,0.0663,0.0012,0.0000
2:41:06,73840,-0.6111,-0.0802,0.0081,0.0097,0.1325,0.0720,0.0018,0.0000
2:41:14,73850,-0.3648,-0.1511,0.0005,0.0053,0.1652,0.0586,0.0000,0.0000
2:41:24,73860,-0.4240,-0.1322,0.0024,0.0059,0.1401,0.0669,0.0007,0.0000
2:41:32,73870,-0.2900,-0.1320,0.0026,0.0040,0.1865,0.0552,0.0019,0.0000
2:41:40,73880,-0.2247,-0.1549,0.0003,0.0053,0.1805,0.0540,0.0005,0.0000
2:41:48,73890,-0.3899,-0.2339,0.0003,0.0036,0.2317,0.0621,0.0059,0.0000
2:41:56,73900,-0.3650,-0.0295,0.0010,0.0098,0.0841,0.0621,0.0179,0.0000
2:42:08,73910,-0.6701,-0.0347,0.0009,0.0105,0.0999,0.0744,0.0086,0.0000
2:42:16,73920,-0.4518,-0.1836,0.0034,0.0067,0.2230,0.0762,0.0005,0.0000
2:42:26,73930,-0.5906,0.1222,0.0006,0.0107,-0.1957,0.0626,0.0114,0.0000
2:42:34,73940,-0.5823,-0.0729,0.0020,0.0038,0.0716,0.0754,0.0114,0.0000
2:42:42,73950,-0.3979,-0.0937,0.0060,0.0049,0.0802,0.0611,0.0101,0.0000
2:42:49,73960,-0.6931,-0.1759,0.0003,0.0081,0.1571,0.0888,0.0001,0.0000
2:42:57,73970,-0.4889,-0.1744,0.0034,0.0140,0.1900,0.0785,0.0005,0.0000
2:43:05,73980,-0.2429,-0.1652,0.0022,0.0069,0.2063,0.0526,0.0001,0.0000
2:43:12,73990,-0.4943,-0.0647,0.0038,0.0077,0.1443,0.0621,0.0001,0.0000
2:43:20,74000,-0.2050,-0.1082,0.0007,0.0052,0.1222,0.0425,0.0012,0.0000
2:52:46,74010,-0.5679,-0.1985,0.0020,0.0048,0.1527,0.0907,0.0068,0.0000
2:52:54,74020,-0.3354,-0.1906,0.0015,0.0084,0.2061,0.0594,0.0002,0.0000
2:53:02,74030,-0.3556,-0.2081,0.0001,0.0077,0.2614,0.0716,0.0094,0.0000
2:53:10,74040,-0.5254,-0.0671,0.0009,0.0076,0.0996,0.0682,0.0005,0.0000
2:53:18,74050,-0.5628,-0.1305,0.0006,0.0102,0.1388,0.0725,0.0001,0.0000
2:53:26,74060,-0.1837,-0.1678,0.0010,0.0052,0.1694,0.0478,0.0005,0.0000
2:53:34,74070,-0.5110,-0.0658,0.0014,0.0039,0.0494,0.0669,0.0018,0.0000
2:53:42,74080,-0.7589,0.4289,0.5371,0.0103,-0.4029,0.0646,0.0057,0.0000
2:53:52,74090,-0.6785,0.0415,0.0931,0.0104,0.0044,0.0848,0.0018,0.0000
2:54:00,74100,-0.4707,-0.0772,0.0246,0.0097,0.0975,0.0704,0.0029,0.0000
2:54:12,74110,-0.4705,-0.0374,0.0013,0.0084,0.0269,0.0635,0.0074,0.0000
2:54:20,74120,-0.3097,-0.1167,0.0062,0.0023,0.1623,0.0657,0.0407,0.0000
2:54:28,74130,-0.4532,-0.0409,0.0382,0.0101,0.0885,0.0547,0.0039,0.0000
2:54:35,74140,-0.3207,-0.1106,0.0004,0.0042,0.1120,0.0529,0.0005,0.0000
2:54:43,74150,-0.4736,-0.0529,0.0015,0.0087,0.0706,0.0624,0.0018,0.0000
2:54:53,74160,-0.3162,-0.1893,0.0030,0.0059,0.2267,0.0576,0.0002,0.0000
2:55:01,74170,-0.6463,-0.0159,0.2140,0.0084,0.0299,0.0820,0.5226,0.0000
2:55:09,74180,-0.3876,-0.1475,0.0021,0.0068,0.1285,0.0812,0.0621,0.0000
2:55:17,74190,-0.2050,-0.2247,0.0009,0.0161,0.2408,0.0529,0.0022,0.0000
2:55:24,74200,-0.4640,-0.1844,0.0008,0.0071,0.2279,0.0731,0.0001,0.0000
2:55:37,74210,-0.1691,-0.2857,0.0006,0.0076,0.3094,0.0514,0.0001,0.0000
2:55:45,74220,-0.3266,-0.1268,0.0042,0.0062,0.1482,0.0599,0.0130,0.0000
2:55:53,74230,-0.5934,-0.0878,0.0016,0.0080,0.0624,0.0854,0.0021,0.0000
2:56:02,74240,-0.8344,-0.1000,0.0707,0.0084,0.0919,0.0965,0.0001,0.0000
2:56:10,74250,-0.4606,-0.0492,0.0004,0.0071,0.0828,0.0651,0.0005,0.0000
2:56:18,74260,-0.4633,-0.0659,0.1764,0.0157,0.1381,0.0682,0.0311,0.0000
2:56:26,74270,-0.5110,-0.0417,0.0026,0.0029,0.0415,0.0749,0.0020,0.0000
2:56:33,74280,-0.4186,-0.0021,0.0044,0.0036,0.0313,0.0557,0.0009,0.0000
2:56:41,74290,-0.4938,-0.0328,0.0061,0.0045,0.0623,0.0636,0.0130,0.0000
2:56:49,74300,-0.4200,-0.0565,0.0035,0.0066,0.0866,0.0584,0.0078,0.0000
2:57:01,74310,-0.5825,-0.0403,0.0002,0.0041,0.0439,0.0684,0.0754,0.0000
2:57:11,74320,-0.3150,-0.1062,0.0013,0.0068,0.1174,0.0520,0.0127,0.0000
2:57:19,74330,-0.3151,-0.2277,0.0010,0.0080,0.2897,0.0608,0.0004,0.0000
2:57:27,74340,-0.2958,-0.0817,0.0009,0.0048,0.1173,0.0524,0.0002,0.0000
2:57:35,74350,-0.6953,-0.0865,0.0008,0.0063,0.0777,0.0909,0.0000,0.0000
2:57:42,74360,-0.4662,-0.0226,0.0020,0.0067,0.1021,0.0638,0.0040,0.0000
2:57:50,74370,-0.3782,-0.1372,0.0012,0.0180,0.0733,0.0644,0.0284,0.0000
2:57:58,74380,-0.5096,0.0100,0.0008,0.0082,0.0479,0.0557,0.0001,0.0000
2:58:08,74390,-0.3270,-0.1131,0.0022,0.0066,0.1482,0.0561,0.0064,0.0000
2:58:16,74400,-0.2720,-0.1521,0.0003,0.0049,0.1562,0.0603,0.0001,0.0000
2:58:28,74410,-0.6948,-0.1059,0.0016,0.0058,0.1430,0.0899,0.0028,0.0000
2:58:36,74420,-0.2279,-0.1977,0.0011,0.0055,0.1859,0.0573,0.0009,0.0000
2:58:44,74430,-0.5750,-0.0825,0.0004,0.0060,0.0861,0.0744,0.0003,0.0000
2:58:52,74440,-0.4485,-0.0173,0.0006,0.0106,0.0167,0.0575,0.0003,0.0000
2:59:00,74450,-0.3520,-0.1325,0.0006,0.0097,0.1624,0.0666,0.0066,0.0000
2:59:08,74460,-0.5636,-0.1076,0.0003,0.0129,0.1342,0.0768,0.0025,0.0000
2:59:18,74470,-0.2720,0.0406,0.0010,0.0103,-0.0365,0.0389,0.0000,0.0000
2:59:26,74480,-0.4354,-0.1308,0.0015,0.0078,0.1625,0.0633,0.0002,0.0000
2:59:34,74490,-0.4283,-0.1461,0.0002,0.0083,0.1553,0.0590,0.4008,0.0000
2:59:42,74500,-0.6146,-0.0901,0.0056,0.0045,0.1033,0.0778,0.0081,0.0000
2:59:54,74510,-0.5696,-0.0447,0.0008,0.0061,0.1045,0.0773,0.1423,0.0000
3:00:02,74520,-0.2365,-0.2727,0.0010,0.0080,0.2474,0.0709,0.0991,0.0000
3:00:10,74530,-0.4119,-0.2388,0.0010,0.0048,0.2698,0.0874,0.0009,0.0000
3:00:18,74540,-0.6367,-0.1107,0.0010,0.0026,0.1504,0.0871,0.0240,0.0000
3:00:28,74550,-0.2973,-0.2441,0.0004,0.0043,0.2438,0.0558,0.0002,0.0000
3:00:36,74560,-0.4310,-0.1534,0.0099,0.0088,0.1529,0.0606,0.0003,0.0000
3:00:44,74570,-0.2538,-0.2820,0.0003,0.0063,0.2762,0.0602,0.0246,0.0000
3:00:52,74580,-0.4183,-0.2510,0.0006,0.0059,0.2531,0.0814,0.0007,0.0000
3:00:59,74590,-0.4135,-0.0973,0.0010,0.0098,0.1772,0.0634,0.0020,0.0000
3:01:07,74600,-0.6639,-0.0404,0.0014,0.0172,0.0300,0.0767,0.0005,0.0000
3:01:20,74610,-0.6891,-0.0470,0.0004,0.0133,0.0908,0.0836,0.0020,0.0000
3:01:28,74620,-0.2698,-0.1484,0.0013,0.0136,0.3129,0.0573,0.0009,0.0000
3:01:38,74630,-0.6585,-0.0923,0.0008,0.0078,0.0668,0.0850,0.0137,0.0000
3:01:46,74640,-0.6704,-0.1110,0.0019,0.0050,0.1316,0.0946,0.0001,0.0000
3:01:54,74650,-0.5507,-0.1408,0.0004,0.0022,0.1364,0.0769,0.0000,0.0000
3:02:02,74660,-0.6336,-0.1560,0.0022,0.0098,0.1789,0.0810,0.0245,0.0000
3:02:09,74670,-0.3163,-0.0519,0.0014,0.0047,0.0891,0.0516,0.1032,0.0000
3:02:17,74680,-0.4041,-0.0170,0.0002,0.0036,-0.0049,0.0636,0.0000,0.0000
3:02:25,74690,-0.2573,-0.0924,0.0001,0.0049,0.0797,0.0516,0.0008,0.0000
3:02:35,74700,-0.5161,-0.1738,0.0012,0.0085,0.2388,0.0843,0.0013,0.0000
3:02:48,74710,-0.4595,-0.0608,0.0014,0.0093,0.1360,0.0644,0.0010,0.0000
3:02:55,74720,-0.2587,-0.1869,0.0036,0.0047,0.1766,0.0734,0.0032,0.0000
3:03:03,74730,-0.3271,-0.2089,0.0012,0.0064,0.2141,0.0571,0.0001,0.0000
3:03:11,74740,-0.2060,-0.1421,0.0004,0.0055,0.1574,0.0526,0.1042,0.0000
3:03:19,74750,-0.6612,-0.2012,0.0011,0.0098,0.2035,0.1015,0.0023,0.0000
3:03:26,74760,-0.1840,-0.3152,0.0002,0.0031,0.3634,0.0591,0.0022,0.0000
3:03:34,74770,-0.2520,-0.2118,0.0006,0.0052,0.2008,0.0630,0.0369,0.0000
3:03:44,74780,-0.2798,-0.2040,0.0312,0.0078,0.2418,0.0597,0.0027,0.0000
3:03:52,74790,-0.9752,0.7141,0.5653,0.0081,-0.6596,0.0709,0.1170,0.0000
3:04:00,74800,-0.5767,0.4697,0.0858,0.0067,-0.5015,0.0542,0.0077,0.0000
3:04:13,74810,-0.6869,0.2828,0.1742,0.0092,-0.2549,0.0732,0.0065,0.0000
3:04:21,74820,-0.5625,0.0392,0.0612,0.0049,0.0084,0.0705,0.0019,0.0000
3:04:29,74830,-0.4972,0.1699,0.0417,0.0121,-0.1029,0.0508,0.0004,0.0000
3:04:37,74840,-0.4939,0.0618,0.0069,0.0083,-0.0510,0.0675,0.0042,0.0000
3:04:45,74850,-0.5553,0.1424,0.0107,0.0074,-0.0646,0.0599,0.0028,0.0000
3:04:56,74860,-0.6441,-0.0077,0.0028,0.0065,0.0454,0.0786,0.0376,0.0000
3:05:04,74870,-0.5592,0.1201,0.0307,0.0051,-0.0752,0.0731,0.0001,0.0000
3:05:12,74880,-0.4020,-0.0792,0.0274,0.0062,0.0943,0.0704,0.0009,0.0000
3:05:20,74890,-0.3288,-0.1095,0.0019,0.0095,0.1169,0.0514,0.0001,0.0000
3:05:28,74900,-0.3551,-0.0763,0.0042,0.0055,0.0986,0.0488,0.2114,0.0000
3:05:41,74910,-0.3054,-0.0651,0.0261,0.0090,0.0411,0.0457,0.0001,0.0000
3:05:48,74920,-0.4925,-0.0485,0.0323,0.0109,0.1203,0.0860,0.0042,0.0000
3:05:58,74930,-0.4339,-0.1419,0.0023,0.0065,0.1618,0.0730,0.0041,0.0000
3:06:06,74940,-0.3363,-0.1536,0.0013,0.0063,0.1667,0.0666,0.0002,0.0000
3:06:14,74950,-0.5678,-0.0528,0.0022,0.0049,0.0809,0.0763,0.0002,0.0000
3:06:22,74960,-0.5589,-0.1244,0.0079,0.0071,0.1069,0.0818,0.0000,0.0000
3:06:30,74970,-0.5199,0.0273,0.0007,0.0085,-0.0068,0.0827,0.0067,0.0000
3:06:38,74980,-0.7604,-0.0203,0.0493,0.0099,0.0450,0.0841,0.1706,0.0000
3:06:46,74990,-0.5860,-0.0340,0.0601,0.0039,0.0413,0.0862,0.0490,0.0000
3:06:54,75000,-0.4323,-0.1453,0.0130,0.0060,0.1962,0.0793,0.0018,0.0000
3:16:19,75010,-0.3753,-0.3060,0.0290,0.0042,0.3172,0.0852,0.0009,0.0000
3:16:27,75020,-0.3986,-0.1963,0.0025,0.0056,0.2040,0.0753,0.0002,0.0000
3:16:34,75030,-0.3011,-0.2857,0.0265,0.0064,0.3888,0.0635,0.4436,0.0000
3:16:42,75040,-0.2251,-0.2211,0.1714,0.0065,0.2167,0.0539,0.1079,0.0000
3:16:50,75050,-0.4286,-0.2406,0.0003,0.0099,0.2217,0.0759,0.0001,0.0000
3:16:58,75060,-0.5261,-0.1932,0.0613,0.0093,0.2137,0.0849,0.1190,0.0000
3:17:06,75070,-0.3671,-0.1462,0.0051,0.0068,0.1802,0.0700,0.0000,0.0000
3:17:14,75080,-0.5105,-0.1987,0.0005,0.0157,0.0980,0.0952,0.0005,0.0000
3:17:24,75090,-0.3725,-0.0664,0.0007,0.0109,0.0804,0.0572,0.0010,0.0000
3:17:32,75100,-0.6327,-0.0737,0.2814,0.0029,0.0950,0.0881,0.0015,0.0000
3:17:44,75110,-0.4405,-0.1716,0.0004,0.0130,0.1769,0.0698,0.0001,0.0000
3:17:52,75120,-0.5254,-0.0149,0.0003,0.0050,0.0769,0.0830,0.0001,0.0000
3:18:00,75130,-0.5016,0.0188,0.0006,0.0035,-0.0083,0.0620,0.0189,0.0000
3:18:08,75140,-0.6289,-0.0558,0.1066,0.0072,0.0163,0.0797,0.1420,0.0000
3:18:16,75150,-0.3480,-0.0812,0.2378,0.0062,0.1187,0.0706,0.0325,0.0000
3:18:26,75160,-0.2937,-0.1302,0.0002,0.0184,0.1094,0.0662,0.0000,0.0000
3:18:34,75170,-0.2715,-0.0993,0.0160,0.0037,0.1109,0.0505,0.0073,0.0000
3:18:41,75180,-0.4474,-0.1225,0.0013,0.0091,0.1222,0.0641,0.0019,0.0000
3:18:49,75190,-0.4336,-0.0524,0.0012,0.0059,0.0619,0.0654,0.0005,0.0000
3:18:57,75200,-0.5394,-0.1257,0.0002,0.0034,0.1671,0.0810,0.0063,0.0000
3:19:09,75210,-0.5542,-0.0839,0.0003,0.0031,0.0825,0.0734,0.0013,0.0000
3:19:17,75220,-0.3451,-0.1361,0.0003,0.0086,0.1796,0.0606,0.0017,0.0000
3:19:25,75230,-0.6704,-0.1457,0.0087,0.0170,0.0971,0.0909,0.0019,0.0000
3:19:35,75240,-0.5402,-0.0498,0.0004,0.0025,0.0498,0.0764,0.0040,0.0000
3:19:43,75250,-0.3386,-0.1429,0.0004,0.0059,0.1539,0.0611,0.0060,0.0000
3:19:51,75260,-0.2803,-0.1345,0.0003,0.0060,0.1428,0.0518,0.0002,0.0000
3:19:59,75270,-0.4480,-0.0179,0.0002,0.0074,0.0665,0.0726,0.0653,0.0000
3:20:06,75280,-0.2486,-0.1458,0.0048,0.0053,0.1620,0.0606,0.0004,0.0000
3:20:14,75290,-0.2670,-0.0632,0.0004,0.0076,0.1128,0.0498,0.0003,0.0000
3:20:22,75300,-0.3555,-0.1370,0.0004,0.0076,0.1864,0.0697,0.0002,0.0000
3:20:34,75310,-0.5367,-0.1157,0.0002,0.0041,0.1402,0.0854,0.0980,0.0000
3:20:45,75320,-0.4796,-0.1426,0.0003,0.0081,0.1707,0.0752,0.0010,0.0000
3:20:53,75330,-0.3793,-0.2442,0.0001,0.0083,0.1459,0.0836,0.0003,0.0000
3:21:01,75340,-0.4229,-0.2117,0.0009,0.0057,0.2464,0.0825,0.0001,0.0000
3:21:09,75350,-0.3782,-0.1954,0.0004,0.0070,0.1700,0.0774,0.0002,0.0000
3:21:17,75360,-0.1544,-0.3735,0.0005,0.0075,0.4700,0.0643,0.0016,0.0000
3:21:25,75370,-0.1520,-0.2768,0.0009,0.0055,0.3069,0.0493,0.0002,0.0000
3:21:33,75380,-0.0927,-0.2464,0.0012,0.0069,0.2971,0.0470,0.3284,0.0000
3:21:40,75390,-0.1685,-0.1407,0.0118,0.0055,0.2351,0.0478,0.0050,0.0000
3:21:51,75400,-0.3226,-0.2005,0.0050,0.0033,0.2808,0.0739,0.2294,0.0000
3:22:03,75410,-0.4110,-0.2274,0.0005,0.0029,0.2388,0.0814,0.0002,0.0000
3:22:11,75420,-0.2783,-0.2078,0.0521,0.0056,0.1906,0.0670,0.0003,0.0000
3:22:19,75430,-0.6242,-0.1052,0.0259,0.0051,0.1344,0.0915,0.0303,0.0000
3:22:27,75440,-0.4773,-0.0281,0.3405,0.0068,0.0578,0.0668,0.0182,0.0000
3:22:35,75450,-0.4175,-0.0917,0.0077,0.0054,0.0819,0.0646,0.0003,0.0000
3:22:43,75460,-0.5908,-0.0399,0.0001,0.0160,0.0897,0.0663,0.0007,0.0000
3:22:53,75470,-0.6737,0.1448,0.0406,0.0180,-0.0716,0.0715,0.0002,0.0000
3:23:01,75480,-0.6385,-0.1009,0.0008,0.0088,0.0757,0.0880,0.0028,0.0000
3:23:09,75490,-0.5977,-0.2347,0.0006,0.0120,0.2389,0.0859,0.0000,0.0000
3:23:17,75500,-0.4212,-0.1085,0.0036,0.0061,0.1314,0.0664,0.0087,0.0000
3:23:30,75510,-0.4801,-0.0948,0.0090,0.0043,0.0570,0.0778,0.0001,0.0000
3:23:38,75520,-0.3617,-0.0585,0.0000,0.0052,0.0961,0.0520,0.0010,0.0000
3:23:45,75530,-0.3584,-0.1128,0.0004,0.0042,0.1551,0.0599,0.0010,0.0000
3:23:53,75540,-0.5443,-0.1164,0.0002,0.0032,0.0909,0.0890,0.0102,0.0000
3:24:04,75550,-0.4052,-0.1714,0.0003,0.0060,0.1361,0.0792,0.0017,0.0000
3:24:12,75560,-0.4676,-0.0925,0.0007,0.0078,0.1035,0.0695,0.0019,0.0000
3:24:19,75570,-0.5095,-0.0766,0.0004,0.0062,0.0623,0.0717,0.0011,0.0000
3:24:27,75580,-0.4843,-0.0550,0.0003,0.0032,0.0483,0.0668,0.0000,0.0000
3:24:35,75590,-0.5216,-0.0554,0.0073,0.0083,0.0663,0.0726,0.0011,0.0000
3:24:43,75600,-0.3313,-0.0513,0.0016,0.0032,0.0497,0.0538,0.0072,0.0000
3:24:56,75610,-0.2666,-0.1875,0.0005,0.0056,0.1786,0.0543,0.0000,0.0000
3:25:04,75620,-0.3752,-0.2190,0.0007,0.0077,0.2632,0.0719,0.0005,0.0000
3:25:14,75630,-0.5122,-0.1001,0.0007,0.0036,0.0994,0.0717,0.0003,0.0000
3:25:22,75640,-0.3067,-0.1321,0.0007,0.0036,0.1305,0.0588,0.0002,0.0000
3:25:30,75650,-0.5067,-0.1417,0.0006,0.0030,0.1174,0.0885,0.0596,0.0000
3:25:38,75660,-0.1502,-0.4262,0.0002,0.0066,0.4151,0.0598,0.0021,0.0000
3:25:46,75670,-0.1681,-0.3064,0.0002,0.0061,0.3839,0.0653,0.0180,0.0000
3:25:53,75680,-0.1332,-0.3650,0.0009,0.0072,0.3589,0.0524,0.0002,0.0000
3:26:01,75690,-0.2172,-0.2371,0.0005,0.0048,0.2715,0.0512,0.0001,0.0000
3:26:11,75700,-0.2674,-0.1872,0.7182,0.0132,0.1170,0.0654,0.1025,0.0000
3:26:24,75710,-0.3188,-0.0383,0.0069,0.0112,0.0714,0.0595,0.2078,0.0000
3:26:32,75720,-0.4726,-0.0620,0.0048,0.0119,0.1265,0.0757,0.0020,0.0000
3:26:40,75730,-0.7514,-0.0243,0.0123,0.0081,0.0392,0.0900,0.4559,0.0000
3:26:48,75740,-0.4662,-0.0434,0.0772,0.0076,0.0350,0.0700,0.0025,0.0000
3:26:56,75750,-0.7546,-0.0269,0.0083,0.0092,0.0626,0.0993,0.0114,0.0000
3:27:04,75760,-0.3431,-0.0922,0.0011,0.0055,0.1237,0.0575,0.0552,0.0000
3:27:12,75770,-0.5502,-0.0889,0.0340,0.0053,0.0895,0.0794,0.0006,0.0000
3:27:22,75780,-0.4285,-0.0146,0.0005,0.0032,0.0019,0.0750,0.0049,0.0000
3:27:30,75790,-0.4045,-0.1533,0.0172,0.0116,0.2314,0.0654,0.0010,0.0000
3:27:37,75800,-0.3627,-0.1473,0.0028,0.0062,0.1343,0.0628,0.0997,0.0000
3:27:50,75810,-0.5570,-0.1287,0.0012,0.0131,0.1686,0.0777,0.0007,0.0000
3:27:58,75820,-0.4697,-0.0832,0.0349,0.0087,0.0426,0.0754,0.0027,0.0000
3:28:06,75830,-0.5717,-0.0777,0.1842,0.0135,0.1083,0.0801,0.0159,0.0000
3:28:14,75840,-0.6896,-0.0116,0.0058,0.0104,0.0134,0.0852,0.0090,0.0000
3:28:22,75850,-0.5401,-0.0747,0.0022,0.0058,0.1045,0.0744,0.0000,0.0000
3:28:32,75860,-0.5204,-0.0514,0.0123,0.0062,0.0394,0.0649,0.0000,0.0000
3:28:41,75870,-0.5080,-0.0433,0.0030,0.0080,0.0610,0.0698,0.0002,0.0000
3:28:48,75880,-0.3748,0.0113,0.0002,0.0055,0.0263,0.0562,0.0003,0.0000
3:28:56,75890,-0.5697,-0.0593,0.0074,0.0060,0.0675,0.0787,0.0001,0.0000
3:29:04,75900,-0.5835,-0.0433,0.0049,0.0065,0.0546,0.0852,0.0001,0.0000
3:29:17,75910,-0.4501,-0.0717,0.0003,0.0102,0.1145,0.0675,0.0005,0.0000
3:29:25,75920,-0.5013,-0.0557,0.0011,0.0042,0.0685,0.0740,0.0046,0.0000
3:29:35,75930,-0.4899,-0.0969,0.0011,0.0184,0.1718,0.0721,0.0325,0.0000
3:29:43,75940,-0.6138,-0.0552,0.0008,0.0039,0.0912,0.0791,0.0025,0.0000
3:29:51,75950,-0.4108,-0.0860,0.0001,0.0076,0.0368,0.0731,0.0621,0.0000
3:29:59,75960,-0.4157,-0.0374,0.0004,0.0056,0.0427,0.0698,0.0004,0.0000
3:30:07,75970,-0.2301,-0.0769,0.0010,0.0053,0.0685,0.0430,0.0000,0.0000
3:30:15,75980,-0.2638,-0.0476,0.0017,0.0038,0.0145,0.0458,0.0008,0.0000
3:30:23,75990,-0.4497,-0.1535,0.0002,0.0084,0.1815,0.0835,0.0010,0.0000
3:30:30,76000,-0.3286,-0.1015,0.0010,0.0060,0.0671,0.0669,0.0016,0.0000
3:39:52,76010,-0.2310,-0.3166,0.0026,0.0117,0.4582,0.0841,0.0000,0.0000
3:39:59,76020,-0.2828,-0.2224,0.0003,0.0059,0.2398,0.0718,0.0003,0.0000
3:40:07,76030,-0.3776,-0.2108,0.0006,0.0129,0.2772,0.0766,0.0001,0.0000
3:40:15,76040,-0.2799,-0.1596,0.0002,0.0039,0.1498,0.0597,0.0010,0.0000
3:40:23,76050,-0.4773,-0.0809,0.0009,0.0039,0.0803,0.0651,0.0033,0.0000
3:40:31,76060,-0.3932,-0.1865,0.0007,0.0086,0.1970,0.0818,0.0002,0.0000
3:40:39,76070,-0.6713,-0.0252,0.0004,0.0066,0.0214,0.0850,0.0402,0.0000
3:40:47,76080,-0.3314,-0.0592,0.0026,0.0068,0.0716,0.0616,0.0000,0.0000
3:40:57,76090,-0.4934,-0.0140,0.0013,0.0078,0.0566,0.0679,0.0898,0.0000
3:41:05,76100,-0.5390,-0.0538,0.5638,0.0061,-0.1907,0.0726,2.9481,0.0000
3:41:18,76110,-0.5993,0.3298,0.1067,0.0069,-0.3065,0.0769,0.0500,0.0000
3:41:25,76120,-0.1655,-0.3479,0.1090,0.0309,0.1868,0.0751,0.0024,0.0000
3:41:33,76130,-0.5321,-0.0844,0.0300,0.0056,0.0911,0.0710,0.0150,0.0000
3:41:41,76140,-0.3300,-0.0757,0.0014,0.0040,0.0975,0.0639,0.0084,0.0000
3:41:49,76150,-0.4769,0.0330,0.0270,0.0069,-0.0011,0.0665,0.0048,0.0000
3:41:56,76160,-0.3818,-0.0320,0.0012,0.0158,0.0524,0.0602,0.0071,0.0000
3:42:07,76170,-0.5905,-0.0641,0.0013,0.0065,0.1080,0.0858,0.0001,0.0000
3:42:15,76180,-0.3471,-0.1431,0.0002,0.0046,0.1582,0.0660,0.0001,0.0000
3:42:23,76190,-0.4090,-0.0390,0.0002,0.0080,0.0446,0.0558,0.0001,0.0000
3:42:30,76200,-0.4974,-0.0901,0.0019,0.0067,0.0802,0.0825,0.0001,0.0000
3:42:43,76210,-0.6432,-0.0494,0.0005,0.0157,0.0828,0.0888,0.0111,0.0000
3:42:51,76220,-0.4302,-0.1285,0.0069,0.0090,0.1590,0.0613,0.0008,0.0000
3:42:59,76230,-0.5340,-0.1177,0.0026,0.0033,0.0846,0.0854,0.0001,0.0000
3:43:10,76240,-0.2950,-0.2154,0.0013,0.0073,0.2248,0.0773,0.0006,0.0000
3:43:17,76250,-0.2293,-0.3435,0.0001,0.0185,0.3555,0.0812,0.0007,0.0000
3:43:25,76260,-0.4218,-0.1178,0.0002,0.0079,0.1895,0.0796,0.0141,0.0000
3:43:33,76270,-0.3193,-0.2489,0.0008,0.0025,0.2852,0.0772,0.0198,0.0000
3:43:41,76280,-0.2475,-0.1770,0.0010,0.0060,0.2071,0.0625,0.0019,0.0000
3:43:49,76290,-0.3730,-0.1797,0.0006,0.0069,0.2058,0.0698,0.0036,0.0000
3:43:56,76300,-0.1739,-0.3414,0.0008,0.0052,0.2949,0.0661,0.0236,0.0000
3:44:09,76310,-0.4259,-0.0945,0.0010,0.0073,0.1204,0.0655,0.0227,0.0000
3:44:19,76320,-0.6646,0.0363,0.0037,0.0036,-0.0309,0.0896,0.0115,0.0000
3:44:27,76330,-0.3825,-0.0862,0.0023,0.0041,0.1236,0.0567,0.0044,0.0000
3:44:34,76340,-0.2210,-0.1438,0.0012,0.0085,0.1224,0.0784,0.0019,0.0000
3:44:42,76350,-0.3026,-0.2135,0.0038,0.0056,0.2108,0.0626,0.0005,0.0000
3:44:50,76360,-0.2685,-0.2562,0.0003,0.0060,0.2293,0.0619,0.0030,0.0000
3:44:58,76370,-0.1908,-0.2090,0.0007,0.0043,0.2488,0.0565,0.0001,0.0000
3:45:06,76380,-0.3062,-0.1667,0.0007,0.0033,0.1770,0.0674,0.0027,0.0000
3:45:13,76390,-0.4231,-0.1417,0.0003,0.0061,0.0702,0.0827,0.0001,0.0000
3:45:24,76400,-0.4430,-0.0715,0.0004,0.0044,0.0637,0.0931,0.0364,0.0000
3:45:36,76410,-0.3689,-0.1799,0.0003,0.0048,0.1742,0.0768,0.0009,0.0000
3:45:44,76420,-0.3635,-0.0739,0.0002,0.0056,0.1520,0.0734,0.0055,0.0000
3:45:52,76430,-0.2993,-0.1968,0.0007,0.0039,0.2397,0.0674,0.0016,0.0000
3:46:00,76440,-0.3057,-0.1221,0.0002,0.0035,0.2748,0.0638,0.0003,0.0000
3:46:08,76450,-0.3021,-0.1307,0.0009,0.0061,0.2008,0.0728,0.0019,0.0000
3:46:15,76460,-0.2605,-0.1803,0.0006,0.0046,0.2121,0.0524,0.0047,0.0000
3:46:26,76470,-0.1389,-0.1568,0.0003,0.0094,0.1911,0.0487,0.0583,0.0000
3:46:33,76480,-0.1703,-0.1821,0.0016,0.0045,0.1648,0.0469,0.0013,0.0000
3:46:41,76490,-0.2165,-0.2427,0.0003,0.0044,0.2577,0.0634,0.0003,0.0000
3:46:49,76500,-0.3377,-0.1361,0.0006,0.0096,0.1701,0.1028,0.0003,0.0000
3:47:01,76510,-0.2237,-0.2092,0.0001,0.0057,0.2142,0.0777,0.0006,0.0000
3:47:09,76520,-0.3025,-0.1493,0.0005,0.0041,0.1248,0.0881,0.0066,0.0000
3:47:17,76530,-0.3331,-0.1566,0.0022,0.0081,0.1745,0.0673,0.0073,0.0000
3:47:25,76540,-0.3152,-0.2229,0.0024,0.0058,0.2251,0.0753,0.0002,0.0000
3:47:35,76550,-0.3748,-0.1670,0.0017,0.0074,0.1210,0.0896,0.0013,0.0000
3:47:43,76560,-0.5143,-0.0795,0.0010,0.0063,0.1006,0.0930,0.0174,0.0000
3:47:51,76570,-0.2142,-0.1970,0.0001,0.0102,0.2062,0.0516,0.0014,0.0000
3:47:59,76580,-0.2940,-0.1417,0.0000,0.0066,0.2166,0.0588,0.0004,0.0000
3:48:07,76590,-0.3757,-0.0514,0.0004,0.0018,0.0951,0.0719,0.0001,0.0000
3:48:15,76600,-0.3489,-0.1719,0.0015,0.0110,0.1242,0.0710,0.0002,0.0000
3:48:28,76610,-0.3423,-0.1813,0.0004,0.0078,0.2374,0.0794,0.0003,0.0000
3:48:36,76620,-0.3585,-0.0349,0.0007,0.0069,0.0883,0.0595,0.0617,0.0000
3:48:47,76630,-0.2208,-0.3252,0.0000,0.0032,0.3425,0.0637,0.0279,0.0000
3:48:55,76640,-0.2176,-0.3402,0.0022,0.0045,0.3941,0.0538,0.0002,0.0000
3:49:02,76650,-0.0974,-0.3459,0.0014,0.0047,0.3699,0.0602,0.0001,0.0000
3:49:10,76660,-0.1770,-0.2609,0.0004,0.0042,0.2965,0.0634,0.0001,0.0000
3:49:18,76670,-0.2155,-0.2101,0.0003,0.0055,0.2462,0.0711,0.0027,0.0000
3:49:26,76680,-0.3344,-0.1357,0.0005,0.0050,0.1440,0.0819,0.0684,0.0000
3:49:34,76690,-0.1916,-0.2434,0.0016,0.0040,0.2540,0.0623,0.0010,0.0000
3:49:44,76700,-0.2682,-0.1296,0.0015,0.0074,0.1384,0.0585,0.0216,0.0000
3:49:57,76710,-0.2574,-0.1312,0.0003,0.0047,0.1601,0.0569,0.0039,0.0000
3:50:05,76720,-0.2374,-0.1888,0.0001,0.0027,0.2581,0.0542,0.0145,0.0000
3:50:13,76730,-0.3107,-0.1681,0.0004,0.0072,0.1687,0.0684,0.4034,0.0000
3:50:21,76740,-0.4089,-0.1038,0.0008,0.0080,0.1529,0.0757,0.0035,0.0000
3:50:29,76750,-0.1883,-0.1403,0.0002,0.0049,0.1683,0.0494,0.0000,0.0000
3:50:36,76760,-0.3869,-0.0175,0.0079,0.0053,0.0087,0.0711,0.0506,0.0000
3:50:44,76770,-0.2545,-0.0957,0.0020,0.0088,0.1400,0.0570,0.0014,0.0000
3:50:55,76780,-0.2168,-0.1005,0.0003,0.0064,0.1493,0.0495,0.0052,0.0000
3:51:04,76790,-0.4228,0.0382,0.0006,0.0110,0.0740,0.0607,0.0017,0.0000
3:51:12,76800,-0.3341,-0.0684,0.0001,0.0042,0.0763,0.0679,0.0002,0.0000
3:51:25,76810,-0.4216,-0.0241,0.0007,0.0035,0.0176,0.0708,0.0037,0.0000
3:51:32,76820,-0.4309,0.0090,0.0002,0.0054,-0.0174,0.0613,0.0003,0.0000
3:51:40,76830,-0.4777,-0.0324,0.0005,0.0076,0.0096,0.0792,0.0755,0.0000
3:51:48,76840,-0.3024,-0.0752,0.0016,0.0033,0.0953,0.0544,0.0028,0.0000
3:51:56,76850,-0.2698,-0.1402,0.0005,0.0037,0.1373,0.0647,0.0011,0.0000
3:52:06,76860,-0.5281,0.0241,0.0001,0.0085,0.0613,0.0771,0.0134,0.0000
3:52:14,76870,-0.5008,0.0351,0.0002,0.0070,0.1083,0.0886,0.0025,0.0000
3:52:22,76880,-0.3179,-0.1848,0.0008,0.0023,0.1782,0.0763,0.0158,0.0000
3:52:30,76890,-0.2747,-0.1286,0.0002,0.0072,0.1306,0.0459,0.0002,0.0000
3:52:38,76900,-0.3831,-0.1647,0.0002,0.0050,0.2023,0.0725,0.0007,0.0000
3:52:50,76910,-0.4868,-0.1005,0.0009,0.0029,0.1125,0.0834,0.0013,0.0000
3:52:58,76920,-0.2346,-0.1366,0.0013,0.0036,0.1787,0.0579,0.0104,0.0000
3:53:06,76930,-0.1771,-0.2124,0.0001,0.0048,0.2427,0.0461,0.0006,0.0000
3:53:16,76940,-0.1383,-0.3475,0.0005,0.0054,0.3816,0.0899,0.0001,0.0000
3:53:24,76950,-0.1012,-0.2143,0.0002,0.0028,0.2254,0.0622,0.0007,0.0000
3:53:32,76960,-0.0919,-0.2960,0.0002,0.0071,0.2674,0.0541,0.0018,0.0000
3:53:40,76970,-0.1219,-0.1743,0.0003,0.0044,0.1624,0.0509,0.0011,0.0000
3:53:48,76980,-0.1562,-0.2066,0.0006,0.0078,0.2503,0.0692,0.0003,0.0000
3:53:56,76990,-0.3234,-0.0318,0.0001,0.0150,0.0409,0.0537,0.0035,0.0000
3:54:04,77000,-0.4372,0.0244,0.0003,0.0064,0.0247,0.0705,0.2054,0.0000
