Elapsed Time,Iteration,D/loss_real,D/loss_fake,D/loss_cls,D/loss_dom,D/loss_gp,G/loss_fake,G/loss_rec,G/loss_cls,G/loss_dom,G/loss_rot
0:00:05,100,-1.0570,-0.0018,1.3241,2.7028,0.0045,0.0457,0.3438,1.6328,2.7089,0.3655
0:00:08,200,-1.2397,0.9942,0.9754,2.7067,0.0012,-0.9594,0.1022,1.1506,2.7037,0.1434
0:00:10,300,-0.8688,0.6184,0.6270,2.7053,0.0020,-0.6475,0.0873,0.6636,2.7049,0.1450
0:00:13,400,-0.8762,0.7377,0.9211,2.6965,0.0011,-0.7284,0.0639,0.8551,2.7072,0.1111
0:00:15,500,-0.8915,0.7394,0.8012,2.6872,0.0012,-0.7441,0.0684,0.6533,2.6841,0.1202
0:00:18,600,-0.9731,0.8364,0.7644,2.7143,0.0012,-0.8289,0.0676,0.5381,2.6948,0.1201
0:00:20,700,-0.8537,0.7858,0.7345,2.7144,0.0040,-0.7992,0.0707,0.9628,2.7056,0.0986
0:00:23,800,-0.9940,0.9053,0.7745,2.6637,0.0015,-0.8768,0.0579,0.4613,2.6886,0.1079
0:00:25,900,-0.8340,0.7473,0.7277,2.6990,0.0014,-0.7532,0.0572,0.4538,2.6844,0.1062
0:00:28,1000,-0.9050,0.8322,0.5398,2.6984,0.0020,-0.8494,0.0579,0.3968,2.6921,0.1045
0:01:05,1100,-0.9592,0.8517,0.6363,2.6994,0.0016,-0.8263,0.0563,0.5550,2.7195,0.1123
0:01:08,1200,-0.8724,0.7804,0.8419,2.6981,0.0013,-0.7555,0.0571,0.3379,2.6972,0.1078
0:01:10,1300,-0.8839,0.7912,0.5514,2.7085,0.0013,-0.7840,0.0559,0.2995,2.7051,0.1130
0:01:13,1400,-0.9311,0.8288,0.5641,2.7140,0.0013,-0.8260,0.0601,0.3169,2.7383,0.1193
0:01:16,1500,-0.8960,0.7968,0.6248,2.7169,0.0012,-0.8231,0.0558,0.3509,2.6982,0.1139
0:01:19,1600,-0.8428,0.7520,0.9551,2.7063,0.0013,-0.7381,0.0524,0.3012,2.7254,0.1001
0:01:21,1700,-0.9291,0.8528,0.5968,2.6942,0.0019,-0.8528,0.0475,0.2437,2.7057,0.1000
0:01:24,1800,-0.8332,0.7341,0.5675,2.7394,0.0018,-0.7282,0.0556,0.2218,2.7206,0.1262
0:01:27,1900,-0.8136,0.7271,0.8044,2.7220,0.0020,-0.7304,0.0458,0.2339,2.7195,0.1021
0:01:30,2000,-0.7899,0.6835,0.4623,2.7317,0.0019,-0.6620,0.0598,0.1536,2.7136,0.1437
0:02:07,2100,-0.7731,0.6834,0.8113,2.6858,0.0016,-0.6658,0.0417,0.2483,2.6765,0.0922
0:02:10,2200,-0.8084,0.7056,0.4222,2.7370,0.0035,-0.6601,0.0528,0.1548,2.7229,0.1276
0:02:12,2300,-0.7505,0.6656,0.6132,2.6966,0.0014,-0.6676,0.0446,0.1504,2.7016,0.1031
0:02:15,2400,-0.7232,0.6287,0.9202,2.7083,0.0018,-0.6394,0.0493,0.1822,2.6808,0.1186
0:02:18,2500,-0.7249,0.6313,0.4179,2.7259,0.0016,-0.6119,0.0481,0.1822,2.7221,0.1234
0:02:21,2600,-0.7068,0.6174,0.4752,2.7183,0.0010,-0.6099,0.0497,0.1330,2.7078,0.1194
0:02:23,2700,-0.6768,0.5731,0.4763,2.7002,0.0008,-0.5872,0.0489,0.1507,2.6928,0.1172
0:02:26,2800,-0.6582,0.5760,0.6106,2.7233,0.0009,-0.5449,0.0517,0.1122,2.7356,0.1269
0:02:29,2900,-0.6551,0.5760,0.4767,2.7126,0.0023,-0.5785,0.0435,0.1143,2.7733,0.1184
0:02:32,3000,-0.6494,0.5736,0.4161,2.7092,0.0010,-0.5657,0.0415,0.0963,2.7164,0.1105
0:03:08,3100,-0.6029,0.5026,0.3647,2.7134,0.0015,-0.5102,0.0489,0.1219,2.7753,0.1400
0:03:11,3200,-0.5774,0.5081,0.4653,2.7359,0.0015,-0.5171,0.0407,0.0966,2.7250,0.1111
0:03:14,3300,-0.5501,0.4411,0.5317,2.6799,0.0020,-0.4361,0.0521,0.1082,2.7636,0.1149
0:03:16,3400,-0.3390,0.2962,0.3752,2.7189,0.0015,-0.2880,0.0436,0.0783,2.7195,0.1344
0:03:19,3500,-0.3575,0.3132,0.5990,2.7097,0.0012,-0.3217,0.0415,0.0633,2.7348,0.1112
0:03:21,3600,-0.3722,0.3058,0.3064,2.7126,0.0019,-0.3008,0.0468,0.0503,2.6831,0.1365
0:03:24,3700,-0.3803,0.3074,0.1805,2.6714,0.0010,-0.3057,0.0439,0.0490,2.6389,0.1220
0:03:27,3800,-0.3949,0.3265,0.2014,2.7165,0.0013,-0.3331,0.0516,0.0237,2.7294,0.1463
0:03:30,3900,-0.3754,0.3126,0.5224,2.6937,0.0012,-0.3045,0.0442,0.0486,2.7186,0.1363
0:03:32,4000,-0.3773,0.3227,0.3208,2.7088,0.0015,-0.3275,0.0423,0.0285,2.7125,0.1187
0:04:09,4100,-0.3743,0.3211,0.2477,2.6892,0.0020,-0.3217,0.0414,0.0188,2.7010,0.1201
0:04:12,4200,-0.3779,0.3147,0.2603,2.7037,0.0012,-0.3181,0.0355,0.0266,2.6643,0.1143
0:04:14,4300,-0.3683,0.3110,0.3993,2.7403,0.0030,-0.3111,0.0456,0.0211,2.7313,0.1326
0:04:16,4400,-0.3340,0.2790,0.1993,2.7255,0.0016,-0.2824,0.0373,0.0210,2.7230,0.1211
0:04:19,4500,-0.3555,0.2837,0.4525,2.7222,0.0018,-0.2798,0.0409,0.0236,2.7693,0.1219
0:04:22,4600,-0.3328,0.2775,0.2298,2.7473,0.0011,-0.2736,0.0404,0.0243,2.7113,0.1199
0:04:25,4700,-0.3447,0.2840,0.3781,2.7564,0.0014,-0.2685,0.0413,0.0199,2.7362,0.1294
0:04:27,4800,-0.3568,0.2894,0.2397,2.7009,0.0015,-0.2673,0.0407,0.0171,2.7095,0.1281
0:04:30,4900,-0.2220,0.0304,0.2669,2.6847,0.0017,-0.0251,0.0887,0.1401,2.6774,0.1154
0:04:32,5000,-0.2662,0.1139,0.2489,2.7065,0.0024,-0.1154,0.0581,0.0232,2.7072,0.0948
0:05:10,5100,-0.2807,0.0963,0.1431,2.6786,0.0024,-0.0935,0.0672,0.0233,2.6960,0.1159
0:05:12,5200,-0.2619,0.1086,0.3956,2.7421,0.0024,-0.1093,0.0536,0.0165,2.7408,0.1051
0:05:15,5300,-0.2662,0.1559,0.2536,2.6881,0.0015,-0.1543,0.0454,0.0313,2.6897,0.0953
0:05:17,5400,-0.2911,0.1744,0.2938,2.6819,0.0012,-0.1786,0.0486,0.0402,2.7351,0.0980
0:05:20,5500,-0.2719,0.1753,0.2795,2.6618,0.0013,-0.1753,0.0418,0.0178,2.6853,0.0895
0:05:23,5600,-0.2517,0.1753,0.3433,2.7192,0.0016,-0.1723,0.0389,0.0263,2.7141,0.0893
0:05:25,5700,-0.2679,0.1674,0.1888,2.7448,0.0009,-0.1714,0.0444,0.0184,2.7383,0.0992
0:05:28,5800,-0.2713,0.1669,0.2922,2.7162,0.0018,-0.1735,0.0480,0.0181,2.6976,0.1030
0:05:30,5900,-0.2761,0.1814,0.3487,2.7180,0.0017,-0.1756,0.0428,0.0134,2.7554,0.0995
0:05:33,6000,-0.2732,0.1890,0.3690,2.7045,0.0032,-0.1942,0.0481,0.0596,2.6756,0.1039
0:06:11,6100,-0.2420,0.1706,0.2264,2.7078,0.0018,-0.1754,0.0373,0.0325,2.6968,0.0934
0:06:13,6200,-0.2580,0.1640,0.1850,2.7413,0.0017,-0.1656,0.0436,0.0146,2.8459,0.1027
0:06:16,6300,-0.2489,0.1656,0.1130,2.7097,0.0019,-0.1701,0.0362,0.0142,2.6966,0.0910
0:06:18,6400,-0.2660,0.1739,0.3502,2.7536,0.0009,-0.1648,0.0477,0.0161,2.7267,0.1061
0:06:21,6500,-0.2481,0.1666,0.2901,2.7679,0.0016,-0.1622,0.0431,0.0129,2.7090,0.1021
0:06:24,6600,-0.2468,0.1787,0.2247,2.7235,0.0013,-0.1816,0.0380,0.0128,2.7388,0.1004
0:06:26,6700,-0.2528,0.1708,0.4014,2.7025,0.0021,-0.1519,0.0424,0.0208,2.6892,0.1018
0:06:29,6800,-0.2354,0.1691,0.2520,2.7080,0.0013,-0.1760,0.0347,0.0539,2.7081,0.0896
0:06:31,6900,-0.2474,0.1553,0.1105,2.7541,0.0012,-0.1505,0.0405,0.0154,2.7546,0.1023
0:06:34,7000,-0.2157,0.1246,0.2290,2.7371,0.0014,-0.1369,0.0433,0.0146,2.7145,0.1007
0:07:10,7100,-0.2220,0.1579,0.3427,2.7515,0.0015,-0.1598,0.0392,0.0208,2.7572,0.0993
0:07:13,7200,-0.2161,0.1519,0.4757,2.7050,0.0011,-0.1487,0.0340,0.0174,2.7136,0.0887
0:07:16,7300,-0.2183,0.1468,0.4400,2.7769,0.0017,-0.1474,0.0381,0.0113,2.7591,0.1025
0:07:19,7400,-0.2248,0.1406,0.1562,2.7406,0.0012,-0.1474,0.0397,0.0245,2.7307,0.1023
0:07:21,7500,-0.2033,0.1311,0.4077,2.7218,0.0017,-0.1231,0.0363,0.0350,2.6993,0.0886
0:07:23,7600,-0.2053,0.1267,0.1310,2.7392,0.0011,-0.1282,0.0367,0.0143,2.7072,0.1005
0:07:26,7700,-0.1499,-0.1382,0.3763,2.6919,0.0021,0.1411,0.1086,0.9255,2.6734,0.1398
0:07:28,7800,-0.1112,-0.0637,0.2033,2.7192,0.0024,0.0634,0.0576,0.0180,2.6994,0.1065
0:07:32,7900,-0.1164,-0.0117,0.0744,2.6790,0.0024,0.0133,0.0504,0.0604,2.7047,0.1078
0:07:34,8000,-0.1462,0.0162,0.0920,2.7252,0.0009,-0.0169,0.0448,0.0102,2.6962,0.0944
0:08:10,8100,-0.1407,0.0222,0.2897,2.7143,0.0015,-0.0307,0.0445,0.0184,2.6896,0.0983
0:08:13,8200,-0.1200,-0.0038,0.2393,2.7049,0.0007,0.0026,0.0401,0.0276,2.7240,0.0950
0:08:16,8300,-0.1171,0.0028,0.1114,2.7541,0.0011,-0.0122,0.0433,0.0079,2.7246,0.1003
0:08:18,8400,-0.1274,0.0071,0.1774,2.7564,0.0009,-0.0111,0.0456,0.0415,2.6774,0.1008
0:08:20,8500,-0.1111,-0.0063,0.1320,2.6930,0.0013,0.0101,0.0402,0.0266,2.6925,0.0976
0:08:23,8600,-0.1000,-0.0203,0.0982,2.7259,0.0011,0.0117,0.0372,0.0130,2.6880,0.0905
0:08:25,8700,-0.1117,-0.0236,0.2903,2.7286,0.0020,0.0181,0.0436,0.0284,2.7732,0.1070
0:08:29,8800,-0.0908,-0.0246,0.2786,2.7438,0.0011,0.0306,0.0396,0.0141,2.7376,0.0956
0:08:31,8900,-0.0853,-0.0282,0.1866,2.6760,0.0014,0.0281,0.0359,0.0160,2.7194,0.0918
0:08:34,9000,-0.1092,-0.0165,0.3006,2.7115,0.0016,0.0253,0.0381,0.0258,2.7259,0.0944
0:09:09,9100,-0.0885,-0.0311,0.1663,2.6993,0.0015,0.0314,0.0381,0.0144,2.7146,0.0966
0:09:12,9200,-0.0784,-0.0124,0.4103,2.7161,0.0009,0.0268,0.0362,0.0181,2.7192,0.0890
0:09:15,9300,-0.0972,0.0001,0.1796,2.7693,0.0009,-0.0030,0.0398,0.0164,2.7325,0.1002
0:09:17,9400,-0.0886,0.0084,0.1021,2.6913,0.0012,-0.0104,0.0371,0.0094,2.7285,0.0936
0:09:19,9500,-0.0993,0.0107,0.1969,2.7306,0.0011,-0.0067,0.0346,0.0158,2.7060,0.0902
0:09:22,9600,-0.1071,0.0310,0.1713,2.7104,0.0009,-0.0252,0.0369,0.0327,2.7204,0.0973
0:09:25,9700,-0.0952,0.0044,0.0765,2.6710,0.0011,-0.0069,0.0345,0.0117,2.6704,0.0883
0:09:28,9800,-0.1082,0.0158,0.0534,2.7637,0.0015,-0.0206,0.0370,0.0073,2.7450,0.0969
0:09:30,9900,-0.1023,0.0259,0.2183,2.7080,0.0015,-0.0191,0.0368,0.0129,2.7258,0.0907
0:09:33,10000,-0.0977,0.0298,0.1388,2.7231,0.0020,-0.0278,0.0328,0.0129,2.7217,0.0900
0:13:28,10100,-0.0924,0.0247,0.2517,2.7133,0.0015,-0.0313,0.0341,0.0193,2.7029,0.0915
0:13:31,10200,-0.1013,0.0301,0.2572,2.7462,0.0013,-0.0216,0.0334,0.0302,2.6900,0.0869
0:13:33,10300,-0.1157,0.0376,0.0892,2.6815,0.0018,-0.0458,0.0378,0.0129,2.6272,0.1038
0:13:36,10400,-0.0673,0.0122,0.3555,2.6811,0.0018,-0.0221,0.0302,0.0135,2.6935,0.0837
0:13:38,10500,-0.1011,0.0316,0.0417,2.6766,0.0021,-0.0385,0.0364,0.0160,2.7079,0.0951
0:13:41,10600,-0.0942,0.0320,0.1964,2.6868,0.0019,-0.0363,0.0308,0.0126,2.6978,0.0875
0:13:44,10700,-0.0886,0.0090,0.1236,2.7235,0.0014,-0.0031,0.0370,0.0140,2.6490,0.0960
0:13:46,10800,-0.1003,0.0344,0.1591,2.6995,0.0013,-0.0354,0.0342,0.0170,2.7073,0.0903
0:13:49,10900,-0.1212,0.0544,0.2331,2.7249,0.0023,-0.0399,0.0328,0.0092,2.7162,0.0885
0:13:51,11000,-0.0963,0.0329,0.1699,2.7430,0.0023,-0.0274,0.0329,0.0509,2.7282,0.0980
0:14:28,11100,-0.0672,0.0303,0.0502,2.6988,0.0014,-0.0297,0.0325,0.0059,2.7143,0.0935
0:14:30,11200,-0.1143,0.0694,0.2468,2.7390,0.0017,-0.0726,0.0419,0.0098,2.7088,0.1044
0:14:33,11300,-0.1036,0.0494,0.2309,2.6709,0.0008,-0.0488,0.0324,0.0085,2.7176,0.0919
0:14:35,11400,-0.0947,0.0480,0.0788,2.7146,0.0010,-0.0489,0.0288,0.0129,2.7057,0.0870
0:14:38,11500,-0.0958,0.0424,0.1734,2.7339,0.0015,-0.0369,0.0355,0.0119,2.7247,0.1066
0:14:41,11600,-0.0945,0.0266,0.0909,2.7122,0.0009,-0.0269,0.0334,0.0060,2.7083,0.0914
0:14:44,11700,-0.0890,0.0219,0.1110,2.7037,0.0019,-0.0215,0.0327,0.0093,2.6905,0.0970
0:14:46,11800,-0.0868,0.0059,0.2567,2.7563,0.0014,-0.0069,0.0362,0.0062,2.7142,0.1026
0:14:49,11900,-0.0700,0.0130,0.4033,2.6687,0.0013,-0.0159,0.0330,0.0302,2.6681,0.0877
0:14:51,12000,-0.0886,0.0244,0.1812,2.6964,0.0017,-0.0240,0.0339,0.0104,2.7093,0.0962
0:15:29,12100,-0.0733,0.0156,0.2494,2.6772,0.0012,-0.0154,0.0306,0.0325,2.7340,0.0946
0:15:31,12200,-0.0720,0.0123,0.0659,2.7043,0.0017,-0.0147,0.0323,0.0079,2.7094,0.0914
0:15:34,12300,-0.0717,0.0086,0.0700,2.7423,0.0012,-0.0093,0.0302,0.0041,2.6936,0.0848
0:15:37,12400,-0.0845,0.0274,0.1031,2.7501,0.0021,-0.0301,0.0310,0.0252,2.7458,0.0924
0:15:40,12500,-0.0851,0.0158,0.1191,2.7658,0.0017,-0.0152,0.0338,0.0061,2.7063,0.0998
0:15:42,12600,-0.0890,0.0212,0.0510,2.7492,0.0013,-0.0220,0.0339,0.0093,2.7305,0.0970
0:15:45,12700,-0.0693,-0.0151,0.0916,2.6993,0.0014,0.0105,0.0365,0.0062,2.6957,0.0921
0:15:47,12800,-0.0577,-0.0097,0.3245,2.7360,0.0026,0.0062,0.0327,0.0069,2.7022,0.0885
0:15:50,12900,-0.0662,0.0008,0.2089,2.7090,0.0008,-0.0038,0.0310,0.0151,2.7180,0.0878
0:15:53,13000,-0.0838,0.0213,0.2607,2.7579,0.0011,-0.0154,0.0323,0.0146,2.7232,0.0923
0:16:29,13100,-0.0729,0.0074,0.1713,2.6821,0.0016,-0.0183,0.0356,0.0141,2.7042,0.0978
0:16:31,13200,-0.0685,0.0118,0.0794,2.7140,0.0018,-0.0126,0.0335,0.0052,2.7367,0.0932
0:16:34,13300,-0.0596,0.0014,0.0585,2.7139,0.0011,-0.0094,0.0288,0.0051,2.7399,0.0995
0:16:37,13400,-0.0754,0.0163,0.1046,2.6951,0.0012,-0.0143,0.0316,0.0240,2.6785,0.0917
0:16:40,13500,-0.0777,0.0157,0.0272,2.6960,0.0011,-0.0137,0.0320,0.0044,2.7279,0.0975
0:16:42,13600,-0.0665,0.0017,0.2884,2.7157,0.0019,-0.0103,0.0330,0.0116,2.7304,0.0990
0:16:45,13700,-0.0750,0.0109,0.0528,2.7434,0.0018,-0.0048,0.0296,0.0060,2.7095,0.0918
0:16:48,13800,-0.0609,0.0102,0.1009,2.7427,0.0010,-0.0034,0.0296,0.0105,2.7647,0.0901
0:16:51,13900,-0.0687,0.0095,0.0846,2.7154,0.0021,-0.0112,0.0326,0.0163,2.7207,0.1045
0:16:54,14000,-0.0592,-0.0024,0.2041,2.6976,0.0016,-0.0029,0.0331,0.0040,2.7219,0.1004
0:17:30,14100,-0.0680,0.0082,0.1364,2.7072,0.0017,-0.0041,0.0291,0.0065,2.6952,0.0949
0:17:33,14200,-0.0676,0.0022,0.0849,2.7425,0.0024,-0.0062,0.0287,0.0172,2.7182,0.0987
0:17:36,14300,-0.0436,-0.0091,0.1161,2.6650,0.0009,0.0088,0.0288,0.0068,2.6532,0.0895
0:17:39,14400,-0.0558,-0.0098,0.0365,2.7130,0.0014,0.0154,0.0325,0.0052,2.6910,0.1006
0:17:41,14500,-0.0609,-0.0006,0.3323,2.7264,0.0018,0.0004,0.0297,0.0316,2.7332,0.0908
0:17:43,14600,-0.0527,-0.0098,0.1029,2.7444,0.0011,0.0012,0.0291,0.0109,2.7040,0.0889
0:17:46,14700,-0.0618,0.0082,0.0679,2.7190,0.0017,-0.0167,0.0302,0.0080,2.7416,0.0937
0:17:49,14800,-0.0533,-0.1940,0.2954,2.7390,0.0016,0.2008,0.0869,0.0774,2.7404,0.1287
0:17:52,14900,0.0081,-0.1587,0.1799,2.6851,0.0024,0.1639,0.0493,0.0231,2.7198,0.1026
0:17:54,15000,-0.0100,-0.1321,0.1023,2.6989,0.0018,0.1335,0.0468,0.0037,2.6982,0.1119
0:18:31,15100,-0.0374,-0.0730,0.1462,2.7439,0.0022,0.0626,0.0451,0.0097,2.7640,0.1066
0:18:34,15200,-0.0300,-0.0736,0.0586,2.6857,0.0024,0.0712,0.0386,0.0044,2.6862,0.1013
0:18:37,15300,-0.0289,-0.0703,0.0376,2.7182,0.0010,0.0711,0.0345,0.0156,2.7070,0.0932
0:18:39,15400,-0.0458,-0.0502,0.2872,2.7199,0.0014,0.0575,0.0362,0.0014,2.7059,0.0967
0:18:42,15500,-0.0479,-0.0112,0.2966,2.7327,0.0014,0.0212,0.0303,0.0039,2.7388,0.0843
0:18:45,15600,-0.0418,-0.0199,0.0572,2.6984,0.0022,0.0138,0.0309,0.0065,2.6910,0.0883
0:18:47,15700,-0.0650,0.0051,0.1575,2.7703,0.0020,-0.0020,0.0344,0.0240,2.7159,0.0957
0:18:50,15800,-0.0668,0.0037,0.2231,2.7024,0.0012,-0.0000,0.0319,0.0070,2.7033,0.0915
0:18:52,15900,-0.0616,-0.0125,0.0847,2.7185,0.0008,0.0163,0.0297,0.0061,2.7362,0.0904
0:18:55,16000,-0.0532,-0.0114,0.0370,2.7600,0.0027,0.0131,0.0300,0.0109,2.7546,0.0886
0:19:31,16100,-0.0473,0.0016,0.2115,2.7001,0.0011,-0.0017,0.0300,0.0063,2.7210,0.0903
0:19:34,16200,-0.0567,-0.0102,0.1715,2.7194,0.0016,0.0113,0.0290,0.0072,2.7497,0.0870
0:19:36,16300,-0.0748,0.0181,0.1562,2.7248,0.0016,-0.0075,0.0261,0.0038,2.7129,0.0849
0:19:39,16400,-0.0506,-0.0038,0.1658,2.6972,0.0015,0.0083,0.0268,0.0072,2.7163,0.0845
0:19:42,16500,-0.0580,-0.0007,0.1888,2.7134,0.0018,-0.0013,0.0277,0.0064,2.7500,0.0860
0:19:45,16600,-0.0563,-0.0031,0.1061,2.6999,0.0015,0.0000,0.0287,0.0035,2.6652,0.0931
0:19:47,16700,-0.0510,-0.0109,0.1262,2.7018,0.0017,0.0062,0.0324,0.0135,2.7152,0.0907
0:19:50,16800,-0.0570,-0.0157,0.1533,2.7709,0.0017,0.0110,0.0310,0.0045,2.7576,0.0968
0:19:52,16900,-0.0563,-0.0055,0.1421,2.6864,0.0014,0.0132,0.0289,0.0025,2.6737,0.0933
0:19:55,17000,-0.0484,-0.0176,0.2025,2.7100,0.0012,0.0070,0.0247,0.0105,2.7264,0.0908
0:20:31,17100,-0.0501,-0.0169,0.0567,2.7022,0.0017,0.0146,0.0307,0.0312,2.6930,0.0941
0:20:34,17200,-0.0777,0.0110,0.0401,2.7132,0.0027,0.0020,0.0254,0.0025,2.6890,0.0864
0:20:36,17300,-0.0469,-0.0059,0.0513,2.7124,0.0028,-0.0037,0.0265,0.0028,2.7020,0.0889
0:20:39,17400,-0.0676,0.0132,0.1259,2.7116,0.0014,-0.0151,0.0304,0.0391,2.7308,0.0948
0:20:42,17500,-0.0495,-0.0023,0.0057,2.7257,0.0021,-0.0035,0.0265,0.0023,2.6918,0.0879
0:20:45,17600,-0.0712,0.0058,0.1659,2.6878,0.0019,0.0168,0.0279,0.0062,2.6704,0.0920
0:20:47,17700,-0.0553,-0.0052,0.1923,2.7179,0.0013,0.0091,0.0264,0.0044,2.7154,0.0922
0:20:50,17800,-0.0477,-0.0115,0.0359,2.7225,0.0027,0.0006,0.0266,0.0039,2.7261,0.0875
0:20:52,17900,-0.0630,-0.0041,0.1380,2.7124,0.0012,0.0209,0.0300,0.0065,2.6941,0.0864
0:20:55,18000,-0.0621,0.0013,0.1817,2.7277,0.0011,-0.0008,0.0286,0.0061,2.6754,0.0929
0:21:31,18100,-0.0426,-0.0162,0.1069,2.6793,0.0011,0.0108,0.0268,0.0054,2.7041,0.0873
0:21:33,18200,-0.0611,-0.0128,0.1230,2.7276,0.0012,0.0098,0.0339,0.0049,2.7385,0.0924
0:21:36,18300,-0.0553,-0.0163,0.0734,2.7411,0.0011,0.0181,0.0294,0.0029,2.7097,0.0981
0:21:39,18400,-0.0544,-0.0137,0.0752,2.7772,0.0015,0.0121,0.0275,0.0141,2.6837,0.0943
0:21:42,18500,-0.0450,-0.0050,0.0963,2.7144,0.0015,0.0061,0.0237,0.0044,2.7126,0.0850
0:21:44,18600,-0.0422,-0.0200,0.0283,2.6688,0.0013,0.0218,0.0263,0.0013,2.7161,0.0871
0:21:46,18700,-0.0509,-0.0125,0.0709,2.7223,0.0021,0.0081,0.0260,0.0029,2.7163,0.0864
0:21:49,18800,-0.0574,0.0021,0.0650,2.7302,0.0017,-0.0123,0.0263,0.0070,2.7025,0.0892
0:21:52,18900,-0.0631,0.0004,0.0435,2.7353,0.0015,-0.0007,0.0275,0.0022,2.6944,0.0899
0:21:55,19000,-0.0382,-0.0188,0.1198,2.7166,0.0025,0.0228,0.0273,0.0013,2.7193,0.0905
0:22:30,19100,-0.0458,-0.0131,0.1412,2.7060,0.0021,0.0085,0.0296,0.0065,2.6636,0.0959
0:22:33,19200,-0.0292,-0.0285,0.0243,2.7571,0.0014,0.0196,0.0260,0.0030,2.7210,0.0884
0:22:36,19300,-0.0403,-0.0036,0.0848,2.6956,0.0014,0.0031,0.0292,0.0057,2.6999,0.0879
0:22:38,19400,-0.0567,-0.0135,0.0344,2.7508,0.0019,0.0290,0.0299,0.0052,2.7328,0.0989
0:22:41,19500,-0.0404,-0.0051,0.2374,2.6549,0.0021,0.0030,0.0268,0.0140,2.6733,0.0915
0:22:43,19600,-0.0370,-0.0181,0.1684,2.7206,0.0018,0.0145,0.0278,0.0016,2.7246,0.0929
0:22:46,19700,-0.0406,-0.0185,0.1855,2.7335,0.0022,0.0268,0.0259,0.0112,2.6985,0.0840
0:22:49,19800,-0.0247,-0.0349,0.0193,2.7186,0.0016,0.0339,0.0277,0.0028,2.7494,0.0887
0:22:52,19900,-0.0330,-0.0185,0.1415,2.7163,0.0008,0.0219,0.0231,0.0110,2.7064,0.0848
0:22:54,20000,-0.0489,-0.0180,0.0895,2.7403,0.0020,0.0255,0.0248,0.0029,2.6924,0.0942
0:26:41,20100,-0.0428,-0.0261,0.0245,2.7107,0.0018,0.0229,0.0293,0.0040,2.6980,0.0967
0:26:44,20200,-0.0320,-0.0174,0.2088,2.7018,0.0014,0.0230,0.0281,0.0053,2.6835,0.0962
0:26:47,20300,-0.0204,-0.0363,0.0560,2.7246,0.0026,0.0262,0.0245,0.0037,2.7357,0.0828
0:26:49,20400,-0.0321,-0.0213,0.0302,2.7429,0.0014,0.0243,0.0252,0.0109,2.7273,0.0886
0:26:52,20500,-0.0348,-0.0341,0.0252,2.7691,0.0017,0.0244,0.0294,0.0071,2.7532,0.0950
0:26:55,20600,-0.0432,-0.0033,0.0166,2.7722,0.0013,0.0059,0.0273,0.0049,2.7473,0.0891
0:26:58,20700,-0.0217,-0.0385,0.0390,2.6732,0.0014,0.0435,0.0276,0.0111,2.6936,0.0984
0:27:00,20800,0.0091,-0.1700,0.0909,2.7109,0.0015,0.1678,0.0628,0.0014,2.7065,0.1225
0:27:03,20900,-0.0262,-0.1112,0.0504,2.6913,0.0017,0.1117,0.0394,0.0086,2.6872,0.0971
0:27:05,21000,-0.0252,-0.1427,0.0431,2.6928,0.0019,0.1462,0.0544,0.0010,2.6706,0.1149
0:27:42,21100,-0.0236,-0.0840,0.0520,2.7488,0.0015,0.0874,0.0373,0.0034,2.7226,0.0941
0:27:45,21200,-0.0271,-0.0788,0.1040,2.6889,0.0011,0.0830,0.0351,0.0076,2.6982,0.0890
0:27:47,21300,-0.0319,-0.0605,0.0110,2.7482,0.0013,0.0587,0.0322,0.0056,2.7299,0.0877
0:27:50,21400,-0.0386,-0.0614,0.0351,2.7077,0.0016,0.0616,0.0298,0.0035,2.7083,0.0906
0:27:53,21500,-0.0400,-0.0498,0.0680,2.7892,0.0015,0.0532,0.0326,0.0026,2.7493,0.0937
0:27:55,21600,-0.0343,-0.0602,0.0627,2.7318,0.0012,0.0636,0.0323,0.0066,2.7443,0.0950
0:27:58,21700,-0.0306,-0.0695,0.0659,2.7376,0.0016,0.0704,0.0320,0.0057,2.6985,0.0942
0:28:00,21800,-0.0254,-0.0596,0.1254,2.7478,0.0011,0.0637,0.0276,0.0017,2.7042,0.0849
0:28:03,21900,-0.0440,-0.0578,0.0548,2.7153,0.0020,0.0556,0.0342,0.0147,2.7073,0.0959
0:28:05,22000,-0.0493,-0.0523,0.1637,2.6908,0.0027,0.0531,0.0302,0.0025,2.6826,0.0956
0:28:41,22100,-0.0431,-0.0426,0.0565,2.6561,0.0010,0.0458,0.0293,0.0044,2.6651,0.0936
0:28:44,22200,-0.0431,-0.0536,0.0098,2.7228,0.0016,0.0507,0.0314,0.0023,2.7258,0.1001
0:28:46,22300,-0.0334,-0.0571,0.0351,2.7249,0.0013,0.0573,0.0330,0.0070,2.7099,0.0996
0:28:49,22400,-0.0350,-0.0468,0.0119,2.7421,0.0021,0.0421,0.0296,0.0011,2.7188,0.0937
0:28:52,22500,-0.0374,-0.0405,0.0206,2.7476,0.0015,0.0487,0.0298,0.0021,2.7463,0.0974
0:28:54,22600,-0.0135,-0.0509,0.0435,2.6839,0.0018,0.0536,0.0274,0.0025,2.6695,0.0857
0:28:57,22700,-0.0248,-0.0469,0.0708,2.7071,0.0022,0.0499,0.0287,0.0032,2.7152,0.0947
0:28:59,22800,-0.0368,-0.0329,0.0454,2.7532,0.0022,0.0382,0.0284,0.0018,2.7463,0.0921
0:29:02,22900,-0.0100,-0.0596,0.1164,2.7059,0.0013,0.0630,0.0265,0.0049,2.6819,0.0855
0:29:05,23000,-0.0214,-0.0409,0.0816,2.7132,0.0020,0.0380,0.0275,0.0096,2.7094,0.0849
0:29:42,23100,-0.0390,-0.0357,0.0487,2.7176,0.0012,0.0294,0.0281,0.0021,2.7108,0.0912
0:29:44,23200,-0.0259,-0.0456,0.0269,2.7153,0.0020,0.0394,0.0256,0.0008,2.6897,0.0826
0:29:47,23300,-0.0434,-0.0302,0.0305,2.6844,0.0014,0.0302,0.0303,0.0039,2.6903,0.1009
0:29:50,23400,-0.0436,-0.0370,0.0358,2.7622,0.0014,0.0496,0.0322,0.0033,2.7447,0.1060
0:29:53,23500,-0.0242,-0.0442,0.0562,2.7275,0.0008,0.0370,0.0265,0.0017,2.6859,0.0854
0:29:55,23600,-0.0407,-0.0255,0.1454,2.7502,0.0015,0.0180,0.0278,0.0059,2.7694,0.0921
0:29:58,23700,-0.0453,-0.0241,0.0245,2.7345,0.0015,0.0208,0.0272,0.0025,2.7316,0.0941
0:30:00,23800,-0.0490,-0.0245,0.0050,2.7674,0.0009,0.0180,0.0326,0.0007,2.7334,0.1025
0:30:04,23900,-0.0498,-0.0271,0.0931,2.7471,0.0017,0.0227,0.0273,0.0022,2.7144,0.0907
0:30:06,24000,-0.0294,-0.0463,0.0092,2.7273,0.0015,0.0455,0.0292,0.0055,2.7473,0.0984
0:30:42,24100,-0.0416,-0.0264,0.0214,2.7373,0.0012,0.0240,0.0274,0.0031,2.7563,0.0911
0:30:45,24200,-0.0584,-0.0068,0.1489,2.7361,0.0019,0.0005,0.0294,0.0200,2.7041,0.0952
0:30:48,24300,-0.0344,-0.0309,0.0285,2.6904,0.0014,0.0372,0.0270,0.0024,2.6933,0.0956
0:30:50,24400,-0.0120,-0.0804,0.0573,2.7046,0.0022,0.0638,0.0414,0.0190,2.7052,0.1009
0:30:53,24500,-0.0380,-0.0407,0.1448,2.6994,0.0014,0.0423,0.0278,0.0009,2.7085,0.0916
0:30:55,24600,-0.0397,-0.0329,0.0615,2.6949,0.0025,0.0401,0.0276,0.0022,2.7038,0.0904
0:30:58,24700,-0.0400,-0.0368,0.0383,2.7396,0.0017,0.0369,0.0279,0.0007,2.7430,0.0950
0:31:01,24800,-0.0423,-0.0316,0.0274,2.7509,0.0015,0.0190,0.0294,0.0022,2.7076,0.0989
0:31:03,24900,-0.0466,-0.0220,0.0483,2.7143,0.0020,0.0245,0.0256,0.0013,2.7312,0.0847
0:31:06,25000,-0.0343,-0.0363,0.0744,2.6610,0.0022,0.0301,0.0277,0.0048,2.6256,0.0960
0:31:43,25100,-0.0478,-0.0255,0.1278,2.7612,0.0012,0.0295,0.0276,0.0067,2.7414,0.1021
0:31:45,25200,-0.0255,-0.0368,0.0652,2.7109,0.0020,0.0400,0.0238,0.0054,2.7454,0.0859
0:31:47,25300,-0.0479,-0.0241,0.0574,2.8040,0.0012,0.0235,0.0254,0.0009,2.8186,0.0910
0:31:50,25400,-0.0390,-0.0214,0.0296,2.7993,0.0023,0.0137,0.0278,0.0059,2.7581,0.0947
0:31:53,25500,-0.0439,-0.0264,0.0414,2.7744,0.0020,0.0377,0.0240,0.0043,2.7162,0.0871
0:31:56,25600,-0.0442,-0.0219,0.0371,2.6540,0.0018,0.0160,0.0247,0.0008,2.7063,0.0929
0:31:59,25700,-0.0435,-0.0245,0.0388,2.6959,0.0013,0.0377,0.0243,0.0014,2.7049,0.0883
0:32:01,25800,-0.0371,-0.0295,0.0850,2.7711,0.0010,0.0291,0.0245,0.0375,2.7428,0.0876
0:32:04,25900,-0.0456,-0.0240,0.1172,2.7810,0.0018,0.0223,0.0249,0.0010,2.7376,0.0966
0:32:06,26000,-0.0436,-0.0212,0.0331,2.7234,0.0025,0.0283,0.0248,0.0018,2.7242,0.0907
0:32:44,26100,-0.0425,-0.0163,0.1634,2.7272,0.0015,0.0173,0.0269,0.0018,2.6816,0.0948
0:32:47,26200,-0.0369,-0.0225,0.0265,2.7140,0.0022,0.0284,0.0241,0.0011,2.7395,0.0937
0:32:49,26300,-0.0322,-0.0240,0.0465,2.7339,0.0017,0.0111,0.0249,0.0019,2.7111,0.0909
0:32:52,26400,-0.0602,0.0082,0.1613,2.6683,0.0010,-0.0066,0.0217,0.0060,2.7111,0.0920
0:32:55,26500,-0.0461,-0.0105,0.0261,2.7220,0.0017,0.0029,0.0257,0.0004,2.7411,0.0941
0:32:58,26600,-0.0337,-0.0309,0.0874,2.6659,0.0011,0.0321,0.0242,0.0190,2.6549,0.0892
0:33:00,26700,-0.0479,0.0025,0.0592,2.7043,0.0014,-0.0092,0.0228,0.0014,2.7115,0.0825
0:33:02,26800,-0.0488,-0.0073,0.0368,2.7360,0.0022,-0.0035,0.0251,0.0016,2.7568,0.0965
0:33:05,26900,-0.0560,-0.0048,0.0254,2.6827,0.0016,0.0080,0.0262,0.0005,2.6955,0.0944
0:33:08,27000,-0.0381,-0.0501,0.0175,2.7115,0.0028,0.0458,0.0290,0.0009,2.7137,0.0909
0:33:44,27100,-0.0528,-0.0002,0.0205,2.7250,0.0017,0.0115,0.0244,0.0013,2.7168,0.0901
0:33:47,27200,-0.0424,-0.0421,0.2334,2.7568,0.0036,0.0440,0.0472,0.1814,2.7240,0.0971
0:33:50,27300,0.0334,-0.2393,0.0199,2.6768,0.0020,0.2421,0.0666,0.0019,2.7241,0.1144
0:33:53,27400,-0.0116,-0.1213,0.0628,2.7163,0.0013,0.1246,0.0432,0.0007,2.6854,0.0908
0:33:55,27500,-0.0498,-0.0904,0.0595,2.7278,0.0017,0.0916,0.0438,0.0079,2.7535,0.0964
0:33:58,27600,-0.0383,-0.0974,0.0521,2.7684,0.0017,0.0936,0.0424,0.0062,2.7302,0.0979
0:34:00,27700,-0.0384,-0.0795,0.0455,2.7045,0.0023,0.0813,0.0378,0.0007,2.6669,0.0946
0:34:03,27800,-0.0482,-0.0592,0.0700,2.7225,0.0019,0.0578,0.0342,0.0049,2.6836,0.0925
0:34:06,27900,-0.0590,-0.0454,0.0254,2.6915,0.0012,0.0444,0.0355,0.0005,2.7384,0.0886
0:34:09,28000,-0.0471,-0.0537,0.0118,2.6978,0.0012,0.0527,0.0309,0.0208,2.6654,0.0934
0:34:45,28100,-0.0474,-0.0319,0.0563,2.6971,0.0018,0.0275,0.0297,0.0117,2.7047,0.0836
0:34:47,28200,-0.0578,-0.0169,0.0490,2.7172,0.0013,0.0168,0.0308,0.0044,2.7148,0.0895
0:34:50,28300,-0.0707,-0.0145,0.0242,2.7241,0.0016,0.0184,0.0303,0.0014,2.6738,0.0935
0:34:53,28400,-0.0650,-0.0100,0.0272,2.8066,0.0024,0.0113,0.0289,0.0026,2.7742,0.0906
0:34:55,28500,-0.0644,-0.0259,0.1072,2.7294,0.0012,0.0300,0.0330,0.0036,2.6954,0.0936
0:34:58,28600,-0.0586,-0.0136,0.0464,2.7063,0.0021,0.0116,0.0258,0.0009,2.7269,0.0797
0:35:01,28700,-0.0644,-0.0207,0.0421,2.6929,0.0015,0.0291,0.0300,0.0021,2.6554,0.1000
0:35:04,28800,-0.0558,-0.0145,0.0581,2.6856,0.0012,0.0103,0.0295,0.0036,2.7163,0.0936
0:35:06,28900,-0.0580,-0.0108,0.0679,2.6859,0.0019,0.0090,0.0265,0.0061,2.7356,0.0831
0:35:09,29000,-0.0658,-0.0117,0.0137,2.7010,0.0018,0.0121,0.0277,0.0181,2.6700,0.0892
0:35:45,29100,-0.0362,-0.0700,0.0902,2.7032,0.0020,0.0734,0.0317,0.0036,2.7242,0.0931
0:35:47,29200,-0.0587,-0.0293,0.0731,2.7480,0.0010,0.0286,0.0281,0.0122,2.7414,0.0947
0:35:50,29300,-0.0594,-0.0133,0.0889,2.7275,0.0011,0.0122,0.0240,0.0014,2.7431,0.0824
0:35:52,29400,-0.0334,-0.0589,0.0205,2.7567,0.0013,0.0594,0.0325,0.0115,2.7274,0.0970
0:35:55,29500,-0.0361,-0.0229,0.0548,2.6714,0.0012,0.0246,0.0239,0.0008,2.6797,0.0802
0:35:58,29600,-0.0400,-0.0250,0.0194,2.6981,0.0014,0.0198,0.0260,0.0085,2.7234,0.0877
0:36:01,29700,-0.0618,-0.0281,0.0504,2.6588,0.0018,0.0303,0.0292,0.0028,2.6992,0.0986
0:36:03,29800,-0.0478,-0.0139,0.0238,2.7135,0.0014,0.0179,0.0291,0.0008,2.6884,0.0915
0:36:06,29900,-0.0499,-0.0293,0.0274,2.7174,0.0016,0.0303,0.0251,0.0007,2.6970,0.0886
0:36:08,30000,-0.0607,-0.0101,0.0217,2.7013,0.0017,0.0150,0.0254,0.0024,2.6845,0.0905
0:39:59,30100,-0.0305,-0.0329,0.1064,2.7235,0.0013,0.0334,0.0237,0.0032,2.7299,0.0879
0:40:02,30200,-0.0389,-0.0205,0.0554,2.7377,0.0016,0.0197,0.0228,0.0018,2.6858,0.0862
0:40:05,30300,-0.0364,-0.0271,0.0363,2.6738,0.0013,0.0279,0.0248,0.0008,2.6794,0.0869
0:40:08,30400,-0.0402,-0.0246,0.0408,2.7067,0.0012,0.0258,0.0246,0.0015,2.7052,0.0863
0:40:10,30500,-0.0604,-0.0226,0.0176,2.7158,0.0014,0.0103,0.0271,0.0038,2.7260,0.0943
0:40:12,30600,-0.0470,-0.0210,0.0039,2.6842,0.0013,0.0154,0.0263,0.0017,2.6742,0.0899
0:40:15,30700,-0.0529,-0.0125,0.0155,2.7369,0.0020,0.0209,0.0251,0.0011,2.7511,0.0931
0:40:18,30800,-0.0249,-0.0329,0.0948,2.7337,0.0020,0.0329,0.0209,0.0010,2.7326,0.0821
0:40:21,30900,-0.0510,-0.0088,0.0387,2.7647,0.0019,0.0094,0.0251,0.0010,2.7255,0.0880
0:40:23,31000,-0.0323,-0.0202,0.0832,2.7033,0.0016,0.0150,0.0241,0.0004,2.7126,0.0915
0:40:59,31100,-0.0331,-0.0248,0.0097,2.6986,0.0014,0.0196,0.0246,0.0008,2.6941,0.0894
0:41:02,31200,-0.0329,-0.0267,0.0195,2.6837,0.0016,0.0318,0.0223,0.0003,2.6822,0.0855
0:41:05,31300,-0.0394,-0.0228,0.0765,2.7508,0.0009,0.0229,0.0243,0.0036,2.7758,0.0909
0:41:07,31400,-0.0564,-0.0120,0.0446,2.7101,0.0014,0.0130,0.0253,0.0010,2.7130,0.0943
0:41:10,31500,-0.0294,-0.0318,0.0495,2.6809,0.0015,0.0255,0.0214,0.0058,2.6918,0.0862
0:41:12,31600,-0.0614,0.0019,0.0046,2.7002,0.0013,-0.0040,0.0284,0.0005,2.7502,0.0917
0:41:15,31700,-0.0687,-0.0040,0.0326,2.7821,0.0015,0.0103,0.0261,0.0095,2.7385,0.0927
0:41:18,31800,-0.0740,-0.0056,0.0221,2.8002,0.0020,0.0034,0.0263,0.0005,2.7911,0.0937
0:41:20,31900,-0.0535,-0.0177,0.0840,2.7125,0.0022,0.0109,0.0261,0.0009,2.7280,0.0970
0:41:23,32000,-0.0381,-0.0129,0.0092,2.6957,0.0010,0.0061,0.0218,0.0019,2.6668,0.0842
0:41:58,32100,-0.0061,-0.0562,0.1655,2.7076,0.0044,0.0355,0.0276,0.0010,2.7163,0.0964
0:42:01,32200,-0.0512,-0.0185,0.0218,2.7380,0.0012,0.0181,0.0249,0.0008,2.7275,0.0905
0:42:04,32300,-0.0424,-0.0233,0.0069,2.7632,0.0020,0.0257,0.0246,0.0006,2.6966,0.0890
0:42:06,32400,-0.0330,-0.0225,0.0199,2.7292,0.0017,0.0258,0.0244,0.0008,2.6854,0.0897
0:42:09,32500,-0.0443,-0.0240,0.0080,2.7093,0.0011,0.0202,0.0245,0.0016,2.7474,0.0939
0:42:11,32600,-0.0228,-0.0337,0.0446,2.7224,0.0014,0.0296,0.0238,0.0024,2.7388,0.0872
0:42:14,32700,-0.0449,-0.0244,0.0102,2.7290,0.0013,0.0277,0.0244,0.0002,2.7314,0.0876
0:42:17,32800,-0.0596,-0.0090,0.0013,2.7333,0.0015,0.0007,0.0266,0.0113,2.7312,0.0946
0:42:19,32900,-0.0566,-0.0061,0.0206,2.7271,0.0018,0.0092,0.0236,0.0023,2.6778,0.0838
0:42:22,33000,-0.0560,-0.0089,0.0827,2.6862,0.0013,0.0181,0.0251,0.0067,2.6155,0.0914
0:42:58,33100,-0.0510,-0.0160,0.2966,2.7134,0.0014,0.0096,0.0243,0.0014,2.7205,0.0931
0:43:00,33200,-0.0376,-0.0414,0.0124,2.7212,0.0015,0.0346,0.0259,0.0001,2.7301,0.0959
0:43:03,33300,-0.0430,-0.0142,0.0482,2.7393,0.0020,0.0198,0.0233,0.0036,2.7530,0.0844
0:43:05,33400,-0.0561,-0.0227,0.0049,2.7788,0.0020,0.0260,0.0278,0.0021,2.7234,0.0972
0:43:08,33500,-0.0448,-0.0303,0.0052,2.6642,0.0019,0.0312,0.0254,0.0037,2.6670,0.0938
0:43:11,33600,-0.0540,-0.0143,0.0379,2.7650,0.0013,0.0163,0.0226,0.0019,2.7027,0.0903
0:43:14,33700,-0.0392,-0.0169,0.1105,2.7070,0.0016,0.0144,0.0259,0.0004,2.6888,0.0902
0:43:16,33800,-0.0344,-0.0224,0.0107,2.7625,0.0014,0.0262,0.0235,0.0005,2.7492,0.0892
0:43:19,33900,-0.0503,-0.0049,0.0195,2.6653,0.0017,-0.0001,0.0234,0.0016,2.7053,0.0865
0:43:21,34000,-0.0400,-0.0258,0.0532,2.7640,0.0014,0.0305,0.0238,0.0005,2.7922,0.0933
0:43:58,34100,-0.0391,-0.0271,0.0255,2.6944,0.0024,0.0215,0.0223,0.0002,2.6438,0.0900
0:44:01,34200,-0.0323,-0.0275,0.0187,2.6975,0.0018,0.0140,0.0245,0.0017,2.6581,0.0877
0:44:03,34300,-0.0387,-0.0255,0.0178,2.7454,0.0013,0.0287,0.0244,0.0058,2.7605,0.0934
0:44:06,34400,-0.0235,-0.0239,0.0430,2.7252,0.0008,0.0252,0.0206,0.0061,2.7091,0.0808
0:44:08,34500,-0.0237,-0.0363,0.0193,2.6914,0.0017,0.0284,0.0370,0.0715,2.6428,0.0928
0:44:11,34600,-0.0526,-0.0219,0.0020,2.7007,0.0027,0.0309,0.0237,0.0002,2.7450,0.0909
0:44:14,34700,-0.0599,-0.0090,0.0344,2.7924,0.0020,0.0046,0.0241,0.0006,2.7783,0.0946
0:44:16,34800,-0.0280,-0.0311,0.0051,2.7685,0.0014,0.0286,0.0206,0.0030,2.7588,0.0823
0:44:19,34900,-0.0498,-0.0229,0.0175,2.7570,0.0013,0.0096,0.0293,0.0002,2.6988,0.1066
0:44:21,35000,-0.0305,-0.0183,0.0427,2.6812,0.0019,0.0222,0.0202,0.0036,2.6814,0.0848
0:44:58,35100,-0.0324,-0.0330,0.0076,2.6808,0.0022,0.0356,0.0299,0.0353,2.6698,0.0887
0:45:01,35200,-0.0169,-0.0727,0.0245,2.7304,0.0010,0.0729,0.0390,0.0069,2.7683,0.0937
0:45:03,35300,-0.0271,-0.0505,0.0067,2.8013,0.0019,0.0543,0.0291,0.0202,2.8025,0.1005
0:45:06,35400,-0.0281,-0.0402,0.0531,2.7065,0.0012,0.0420,0.0240,0.0006,2.6684,0.0914
0:45:09,35500,-0.0350,-0.0365,0.0204,2.7782,0.0010,0.0273,0.0252,0.0006,2.7760,0.0934
0:45:11,35600,-0.0499,-0.0278,0.0160,2.7062,0.0010,0.0268,0.0262,0.0006,2.6969,0.1017
0:45:14,35700,-0.0342,-0.0329,0.0024,2.6259,0.0015,0.0362,0.0343,0.0056,2.6459,0.0945
0:45:16,35800,-0.0489,-0.0316,0.0021,2.6927,0.0014,0.0336,0.0268,0.0008,2.7187,0.1014
0:45:19,35900,-0.0423,-0.0223,0.0497,2.6921,0.0012,0.0164,0.0233,0.0003,2.6804,0.0893
0:45:22,36000,-0.0336,-0.0324,0.0055,2.6838,0.0008,0.0341,0.0251,0.0004,2.7007,0.0896
0:45:58,36100,-0.0357,-0.0278,0.0108,2.6877,0.0016,0.0298,0.0234,0.0002,2.7444,0.0936
0:46:00,36200,-0.0350,-0.0269,0.0329,2.7767,0.0013,0.0160,0.0230,0.0110,2.7331,0.0885
0:46:03,36300,-0.0207,-0.0443,0.0079,2.7978,0.0020,0.0325,0.0251,0.0007,2.7427,0.0914
0:46:06,36400,-0.0690,-0.0033,0.0083,2.7492,0.0011,0.0050,0.0256,0.0012,2.6845,0.0907
0:46:08,36500,-0.0396,-0.0298,0.0220,2.6903,0.0013,0.0327,0.0240,0.0002,2.7189,0.0921
0:46:11,36600,-0.0378,-0.0346,0.0115,2.7539,0.0018,0.0384,0.0376,0.1551,2.7541,0.0940
0:46:13,36700,0.0399,-0.2304,0.0786,2.7536,0.0038,0.1903,0.0545,0.1349,2.6727,0.1038
0:46:16,36800,0.0039,-0.2462,0.0176,2.7725,0.0014,0.2446,0.0615,0.0004,2.7478,0.1211
0:46:19,36900,-0.0108,-0.1368,0.0113,2.6476,0.0008,0.1269,0.0410,0.0000,2.7873,0.0961
0:46:22,37000,-0.0442,-0.0852,0.0102,2.7249,0.0026,0.0841,0.0384,0.0004,2.6836,0.0853
0:46:57,37100,-0.0726,-0.0467,0.0022,2.6659,0.0018,0.0470,0.0455,0.0010,2.6867,0.0914
0:47:00,37200,-0.0918,-0.0298,0.0038,2.7039,0.0017,0.0296,0.0391,0.0021,2.7067,0.0906
0:47:03,37300,-0.0738,-0.0285,0.0235,2.7308,0.0018,0.0185,0.0358,0.0795,2.6646,0.0842
0:47:05,37400,-0.0597,-0.0480,0.0085,2.7171,0.0016,0.0440,0.0307,0.0001,2.6874,0.0856
0:47:08,37500,-0.0491,-0.0415,0.0032,2.6711,0.0021,0.0411,0.0328,0.0014,2.6952,0.0814
0:47:10,37600,-0.0575,-0.0278,0.0085,2.7512,0.0016,0.0272,0.0303,0.0000,2.7344,0.0822
0:47:13,37700,-0.0614,-0.0395,0.0064,2.6858,0.0016,0.0329,0.0326,0.0002,2.7181,0.0942
0:47:16,37800,-0.0624,-0.0239,0.0624,2.6433,0.0011,0.0268,0.0309,0.0084,2.6807,0.0818
0:47:18,37900,-0.0638,-0.0247,0.0056,2.7663,0.0014,0.0284,0.0292,0.0002,2.7360,0.0921
0:47:21,38000,-0.0519,-0.0172,0.0104,2.6920,0.0009,0.0202,0.0258,0.0001,2.6903,0.0780
0:47:56,38100,-0.0465,-0.0289,0.0045,2.6993,0.0016,0.0251,0.0256,0.0001,2.7123,0.0838
0:47:59,38200,-0.0465,-0.0300,0.0283,2.7569,0.0017,0.0334,0.0263,0.0002,2.7757,0.0834
0:48:02,38300,-0.0609,-0.0163,0.0037,2.6794,0.0016,0.0156,0.0274,0.0015,2.7220,0.0877
0:48:04,38400,-0.0384,-0.0279,0.0087,2.7389,0.0018,0.0275,0.0310,0.0006,2.7377,0.0876
0:48:07,38500,-0.0281,-0.0397,0.0084,2.7267,0.0024,0.0394,0.0248,0.0021,2.7185,0.0841
0:48:09,38600,-0.0486,-0.0218,0.0199,2.6747,0.0013,0.0224,0.0259,0.0150,2.6455,0.0881
0:48:12,38700,-0.0511,-0.0218,0.0627,2.7223,0.0027,0.0267,0.0233,0.0000,2.7421,0.0805
0:48:15,38800,-0.0635,-0.0182,0.0535,2.7110,0.0007,0.0255,0.0261,0.0000,2.7244,0.0899
0:48:18,38900,-0.0537,-0.0248,0.0187,2.7554,0.0025,0.0193,0.0268,0.0002,2.7354,0.0910
0:48:20,39000,-0.0653,-0.0023,0.0237,2.7084,0.0012,0.0012,0.0263,0.0001,2.6853,0.0908
0:48:56,39100,-0.0655,-0.0119,0.0130,2.7550,0.0020,0.0150,0.0261,0.0013,2.7281,0.0962
0:48:59,39200,-0.0415,-0.0223,0.0075,2.7633,0.0016,0.0206,0.0233,0.0004,2.7533,0.0828
0:49:01,39300,-0.0551,-0.0135,0.0130,2.7571,0.0012,0.0170,0.0234,0.0035,2.6793,0.0827
0:49:04,39400,-0.0449,-0.0230,0.0522,2.6910,0.0016,0.0272,0.0235,0.0005,2.6926,0.0945
0:49:06,39500,-0.0456,-0.0189,0.0288,2.7105,0.0014,0.0197,0.0215,0.0012,2.7204,0.0845
0:49:09,39600,-0.0701,-0.0098,0.0066,2.7843,0.0008,0.0051,0.0278,0.0003,2.7532,0.0947
0:49:12,39700,-0.0363,-0.0229,0.0008,2.6831,0.0013,0.0248,0.0227,0.0076,2.6703,0.0854
0:49:15,39800,-0.0388,-0.0349,0.0287,2.6704,0.0017,0.0304,0.0245,0.0004,2.6406,0.0863
0:49:17,39900,-0.0301,-0.0680,0.0196,2.6688,0.0014,0.0653,0.0326,0.0001,2.6849,0.0974
0:49:20,40000,-0.0454,-0.0354,0.0042,2.7688,0.0016,0.0317,0.0240,0.0001,2.7909,0.0898
0:53:11,40100,-0.0621,-0.0361,0.0174,2.7677,0.0018,0.0448,0.0345,0.0003,2.7147,0.1050
0:53:13,40200,-0.0300,-0.0396,0.0023,2.8167,0.0018,0.0303,0.0249,0.0002,2.7705,0.0911
0:53:16,40300,-0.0517,-0.0225,0.0008,2.6800,0.0010,0.0232,0.0245,0.0019,2.6807,0.0858
0:53:19,40400,-0.0439,-0.0384,0.0111,2.7826,0.0013,0.0317,0.0312,0.0003,2.7059,0.0958
0:53:22,40500,-0.0509,-0.0240,0.0102,2.7149,0.0013,0.0306,0.0254,0.0003,2.7170,0.0902
0:53:24,40600,-0.0412,-0.0238,0.0109,2.6452,0.0014,0.0236,0.0225,0.0011,2.7024,0.0836
0:53:27,40700,-0.0603,-0.0078,0.0025,2.7143,0.0014,0.0188,0.0239,0.0000,2.6821,0.0875
0:53:29,40800,-0.0545,-0.0194,0.0040,2.7132,0.0014,0.0249,0.0251,0.0001,2.6906,0.0901
0:53:32,40900,-0.0442,-0.0172,0.0085,2.7152,0.0016,0.0135,0.0208,0.0001,2.7133,0.0847
0:53:35,41000,-0.0568,-0.0168,0.0261,2.7787,0.0018,0.0073,0.0247,0.0060,2.7450,0.0911
0:54:11,41100,-0.0590,-0.0099,0.0363,2.7388,0.0015,0.0061,0.0219,0.0064,2.6828,0.0906
0:54:14,41200,-0.0443,-0.0120,0.0278,2.6553,0.0017,0.0135,0.0208,0.0032,2.6539,0.0830
0:54:17,41300,-0.0329,-0.0374,0.0121,2.7291,0.0017,0.0407,0.0290,0.0010,2.7030,0.0946
0:54:19,41400,-0.0423,-0.0427,0.0036,2.6816,0.0019,0.0472,0.0269,0.0004,2.6951,0.0937
0:54:22,41500,-0.0578,-0.0198,0.0069,2.7344,0.0010,0.0193,0.0248,0.0001,2.7469,0.0884
0:54:24,41600,-0.0682,-0.0043,0.0642,2.7117,0.0021,0.0262,0.0237,0.0025,2.7570,0.0894
0:54:27,41700,-0.0481,-0.0279,0.0049,2.6919,0.0012,0.0314,0.0235,0.0003,2.7080,0.0864
0:54:30,41800,-0.0603,-0.0242,0.0072,2.7872,0.0019,0.0177,0.0263,0.0008,2.7540,0.0933
0:54:33,41900,-0.0763,-0.0018,0.0360,2.6957,0.0014,0.0188,0.0257,0.0009,2.6905,0.0959
0:54:35,42000,-0.0343,-0.0447,0.0108,2.7548,0.0016,0.0491,0.0332,0.0063,2.7181,0.0885
0:55:12,42100,-0.0422,-0.0307,0.0121,2.7295,0.0018,0.0314,0.0243,0.0001,2.7208,0.0828
0:55:15,42200,-0.0584,-0.0171,0.0146,2.7467,0.0013,0.0163,0.0238,0.0001,2.6811,0.0919
0:55:17,42300,-0.0459,-0.0175,0.0146,2.7426,0.0017,0.0182,0.0213,0.0000,2.7351,0.0841
0:55:20,42400,-0.0459,-0.0186,0.0097,2.7110,0.0019,0.0213,0.0267,0.0010,2.7425,0.0899
0:55:22,42500,-0.0548,-0.0219,0.0062,2.7893,0.0017,0.0239,0.0242,0.0060,2.7769,0.0916
0:55:25,42600,-0.0727,-0.0007,0.0029,2.7844,0.0024,0.0193,0.0231,0.0003,2.8205,0.0919
0:55:28,42700,-0.0453,-0.0395,0.0049,2.7418,0.0015,0.0379,0.0316,0.0000,2.7425,0.0900
0:55:31,42800,-0.0635,-0.0180,0.0059,2.7299,0.0022,0.0411,0.0226,0.0001,2.7342,0.0816
0:55:34,42900,-0.0312,-0.0420,0.0111,2.6843,0.0015,0.0419,0.0228,0.0001,2.7367,0.0909
0:55:36,43000,-0.0379,-0.0230,0.0236,2.6639,0.0018,0.0076,0.0245,0.0043,2.6982,0.0878
0:56:14,43100,-0.0586,-0.0057,0.0092,2.7583,0.0017,0.0094,0.0225,0.0000,2.7511,0.0855
0:56:17,43200,-0.0542,-0.0229,0.0035,2.7026,0.0012,0.0226,0.0241,0.0016,2.6743,0.0924
0:56:19,43300,-0.0493,-0.0202,0.0016,2.6834,0.0014,0.0079,0.0230,0.0226,2.7272,0.0934
0:56:22,43400,-0.0387,-0.0355,0.0046,2.7401,0.0013,0.0382,0.0257,0.0000,2.7462,0.0974
0:56:25,43500,-0.0359,-0.0414,0.0014,2.7058,0.0016,0.0372,0.0242,0.0003,2.6839,0.0932
0:56:27,43600,-0.0541,-0.0203,0.0060,2.7124,0.0017,0.0235,0.0215,0.0021,2.7377,0.0853
0:56:30,43700,-0.0464,-0.0278,0.0309,2.7304,0.0029,0.0204,0.0233,0.0003,2.7391,0.0888
0:56:32,43800,-0.0573,-0.0129,0.0131,2.7735,0.0010,0.0064,0.0230,0.0007,2.7398,0.0878
0:56:35,43900,-0.0675,-0.0068,0.0042,2.7621,0.0013,-0.0035,0.0219,0.0021,2.7636,0.0941
0:56:38,44000,-0.0408,-0.0368,0.0219,2.7330,0.0024,0.0327,0.0228,0.0000,2.7328,0.0913
0:57:14,44100,-0.0588,-0.0228,0.0085,2.6477,0.0019,0.0093,0.0256,0.0001,2.6276,0.0908
0:57:17,44200,-0.0529,-0.0165,0.0101,2.7182,0.0018,0.0200,0.0248,0.0006,2.6681,0.0909
0:57:19,44300,-0.0507,-0.0193,0.0041,2.7230,0.0011,0.0251,0.0216,0.0002,2.7075,0.0938
0:57:22,44400,-0.0454,-0.0168,0.0052,2.7369,0.0017,0.0154,0.0220,0.0007,2.7087,0.0892
0:57:25,44500,-0.0612,-0.0116,0.0033,2.8303,0.0022,0.0159,0.0232,0.0004,2.8371,0.0921
0:57:27,44600,-0.0461,-0.0167,0.0040,2.6992,0.0013,0.0195,0.0213,0.0001,2.7305,0.0812
0:57:30,44700,-0.0779,0.0103,0.0074,2.7795,0.0012,0.0051,0.0247,0.0002,2.7556,0.0940
0:57:33,44800,-0.0516,-0.0179,0.0003,2.7910,0.0014,0.0125,0.0245,0.0054,2.7267,0.0866
0:57:36,44900,-0.0675,-0.0022,0.0370,2.6979,0.0019,0.0152,0.0236,0.1246,2.6834,0.0913
0:57:38,45000,-0.0726,-0.0101,0.0108,2.7509,0.0017,0.0069,0.0254,0.0088,2.7609,0.0945
0:58:15,45100,-0.0489,-0.0172,0.0218,2.7232,0.0013,0.0208,0.0223,0.0120,2.7176,0.0868
0:58:18,45200,-0.0631,-0.0119,0.0082,2.8038,0.0023,0.0199,0.0227,0.0001,2.7456,0.0878
0:58:21,45300,-0.0670,-0.0313,0.0110,2.7770,0.0009,0.0332,0.0287,0.0000,2.7648,0.0988
0:58:24,45400,-0.0631,-0.0074,0.0005,2.7192,0.0017,0.0216,0.0242,0.0000,2.6677,0.0985
0:58:26,45500,-0.0869,0.0113,0.0141,2.6430,0.0033,0.0454,0.0223,0.0002,2.6409,0.0921
0:58:29,45600,-0.0622,-0.0043,0.0145,2.7075,0.0014,0.0066,0.0217,0.0037,2.7047,0.0942
0:58:31,45700,-0.0716,-0.0033,0.0025,2.6988,0.0019,-0.0057,0.0243,0.0000,2.7198,0.0990
0:58:35,45800,-0.0351,-0.0288,0.0076,2.7193,0.0018,0.0342,0.0259,0.0014,2.7686,0.0975
0:58:37,45900,-0.0471,-0.0254,0.0146,2.7080,0.0012,0.0194,0.0207,0.0002,2.7391,0.0917
0:58:40,46000,-0.0330,-0.0252,0.0056,2.7316,0.0015,0.0220,0.0192,0.0005,2.7219,0.0849
0:59:17,46100,-0.0094,-0.0980,0.0089,2.6838,0.0014,0.1242,0.0463,1.9945,2.6430,0.1084
0:59:20,46200,0.0449,-0.3211,0.0410,2.7450,0.0018,0.3271,0.0813,0.0000,2.8089,0.1279
0:59:22,46300,0.0069,-0.1812,0.0430,2.7125,0.0021,0.1841,0.0520,0.0031,2.7539,0.0999
0:59:25,46400,-0.0275,-0.1192,0.0028,2.7340,0.0016,0.1142,0.0446,0.0006,2.7432,0.0959
0:59:28,46500,-0.0648,-0.0685,0.0504,2.7352,0.0017,0.0677,0.0410,0.0004,2.7251,0.0915
0:59:31,46600,-0.0688,-0.0635,0.0058,2.7092,0.0017,0.0596,0.0382,0.0002,2.7254,0.0911
0:59:34,46700,-0.0686,-0.0339,0.0231,2.7273,0.0015,0.0344,0.0315,0.0001,2.7232,0.0814
0:59:36,46800,-0.0921,-0.0262,0.0046,2.7894,0.0013,0.0297,0.0349,0.0056,2.7558,0.0895
0:59:39,46900,-0.0701,-0.0138,0.0062,2.7663,0.0018,0.0154,0.0282,0.0048,2.7660,0.0784
0:59:41,47000,-0.0935,0.0022,0.0039,2.7974,0.0015,0.0053,0.0343,0.0004,2.8325,0.0927
1:00:19,47100,-0.0911,-0.0106,0.0111,2.7570,0.0021,0.0168,0.0286,0.0061,2.7988,0.0866
1:00:22,47200,-0.0803,-0.0134,0.0018,2.7730,0.0013,0.0102,0.0292,0.0003,2.7380,0.0894
1:00:25,47300,-0.0720,-0.0209,0.0069,2.7172,0.0016,0.0198,0.0293,0.0001,2.6919,0.0879
1:00:28,47400,-0.0617,-0.0057,0.0106,2.6843,0.0008,0.0026,0.0245,0.0009,2.6600,0.0785
1:00:31,47500,-0.0683,-0.0076,0.0107,2.7566,0.0013,0.0072,0.0267,0.0043,2.7487,0.0838
1:00:33,47600,-0.0663,-0.0199,0.0122,2.7421,0.0010,0.0167,0.0270,0.0013,2.7477,0.0898
1:00:36,47700,-0.0540,-0.0321,0.0026,2.7091,0.0012,0.0332,0.0271,0.0001,2.6781,0.0831
1:00:38,47800,-0.0589,-0.0141,0.0185,2.7097,0.0013,0.0151,0.0238,0.0002,2.6699,0.0826
1:00:41,47900,-0.0689,-0.0139,0.0034,2.7048,0.0019,0.0173,0.0248,0.0002,2.6891,0.0836
1:00:44,48000,-0.0857,-0.0120,0.0013,2.7224,0.0011,0.0115,0.0262,0.0007,2.7136,0.0890
1:01:21,48100,-0.0590,-0.0081,0.0048,2.7022,0.0011,0.0074,0.0248,0.0000,2.7099,0.0863
1:01:23,48200,-0.0681,-0.0154,0.0749,2.7220,0.0016,0.0183,0.0277,0.0002,2.7432,0.0994
1:01:27,48300,-0.0640,-0.0089,0.0021,2.7960,0.0016,0.0148,0.0297,0.0001,2.7351,0.0917
1:01:29,48400,-0.0624,-0.0084,0.0070,2.7430,0.0011,0.0088,0.0230,0.0027,2.7590,0.0892
1:01:32,48500,-0.0711,-0.0042,0.0012,2.7076,0.0012,0.0042,0.0245,0.0039,2.6914,0.0906
1:01:34,48600,-0.0506,-0.0264,0.0072,2.7465,0.0014,0.0276,0.0245,0.0004,2.7606,0.0924
1:01:37,48700,-0.0607,-0.0131,0.0107,2.7232,0.0010,0.0129,0.0240,0.0000,2.7522,0.0902
1:01:41,48800,-0.0840,-0.0079,0.0003,2.8180,0.0015,0.0159,0.0279,0.0009,2.7848,0.1008
1:01:43,48900,-0.0717,-0.0140,0.0019,2.6992,0.0014,0.0140,0.0224,0.0000,2.6640,0.0963
1:01:46,49000,-0.0627,-0.0295,0.0007,2.7194,0.0016,0.0281,0.0301,0.0004,2.6769,0.1042
1:02:23,49100,-0.0760,-0.0157,0.0019,2.7998,0.0014,-0.0102,0.0266,0.0001,2.7479,0.1002
1:02:26,49200,-0.0467,-0.0207,0.0136,2.7536,0.0013,0.0165,0.0241,0.0001,2.8024,0.0849
1:02:29,49300,-0.0620,-0.2700,0.0674,2.6417,0.0062,0.2760,0.1224,0.0055,2.6099,0.1503
1:02:31,49400,-0.0156,-0.1559,0.0098,2.7229,0.0024,0.1581,0.0600,0.0001,2.6681,0.1089
1:02:34,49500,-0.0277,-0.1208,0.0065,2.7222,0.0017,0.1162,0.0469,0.0003,2.7023,0.0944
1:02:37,49600,-0.0538,-0.0627,0.0045,2.6633,0.0025,0.0644,0.0316,0.0010,2.6645,0.0774
1:02:40,49700,-0.0738,-0.0308,0.0506,2.6988,0.0022,0.0301,0.0303,0.0002,2.7652,0.0798
1:02:42,49800,-0.0626,-0.0369,0.0027,2.7079,0.0018,0.0369,0.0355,0.0000,2.7534,0.0909
1:02:45,49900,-0.0756,-0.0177,0.0031,2.7447,0.0013,0.0167,0.0285,0.0001,2.7178,0.0823
1:02:47,50000,-0.0812,-0.0116,0.0010,2.7217,0.0010,0.0089,0.0286,0.0000,2.7237,0.0888
1:06:40,50100,-0.0566,-0.0235,0.0027,2.6875,0.0013,0.0221,0.0246,0.0000,2.7145,0.0796
1:06:42,50200,-0.0780,-0.0058,0.0292,2.6780,0.0016,-0.0060,0.0252,0.0028,2.7469,0.0851
1:06:46,50300,-0.0718,-0.0091,0.0026,2.7609,0.0012,0.0129,0.0248,0.0003,2.7164,0.0907
1:06:48,50400,-0.0725,-0.0143,0.0013,2.7394,0.0015,0.0117,0.0283,0.0000,2.7177,0.0881
1:06:51,50500,-0.0661,-0.0196,0.0012,2.7273,0.0015,0.0166,0.0237,0.0001,2.6933,0.0868
1:06:53,50600,-0.0480,-0.0077,0.0045,2.7295,0.0015,0.0105,0.0224,0.0005,2.7334,0.0802
1:06:56,50700,-0.0567,-0.0213,0.0104,2.7170,0.0012,0.0234,0.0223,0.0001,2.6845,0.0824
1:06:59,50800,-0.0654,-0.0212,0.0017,2.7863,0.0007,0.0230,0.0261,0.0007,2.7942,0.0971
1:07:02,50900,-0.0553,-0.0253,0.0023,2.7042,0.0020,0.0280,0.0275,0.0006,2.6784,0.0898
1:07:04,51000,-0.0448,-0.0289,0.0011,2.6770,0.0007,0.0273,0.0225,0.0003,2.7299,0.0901
1:07:40,51100,-0.0713,-0.0034,0.0039,2.6740,0.0013,0.0023,0.0240,0.0002,2.7065,0.0853
1:07:43,51200,-0.0532,-0.0198,0.0003,2.6689,0.0013,0.0189,0.0229,0.0000,2.6836,0.0896
1:07:46,51300,-0.0662,-0.0122,0.0045,2.7520,0.0017,0.0204,0.0246,0.0001,2.7711,0.0937
1:07:48,51400,-0.0473,-0.0212,0.0024,2.6839,0.0008,0.0196,0.0212,0.0001,2.7238,0.0832
1:07:51,51500,-0.0348,-0.0489,0.0712,2.7300,0.0026,0.0555,0.0394,0.0001,2.7038,0.1063
1:07:54,51600,-0.0483,-0.0230,0.0070,2.7102,0.0020,0.0242,0.0265,0.0001,2.7034,0.0922
1:07:57,51700,-0.0791,-0.0176,0.0033,2.6577,0.0020,0.0414,0.0244,0.0007,2.7018,0.0976
1:07:59,51800,-0.0554,-0.0225,0.0041,2.7321,0.0020,0.0277,0.0231,0.0001,2.6640,0.0939
1:08:02,51900,-0.0729,-0.0159,0.0037,2.7328,0.0015,0.0225,0.0256,0.0000,2.7420,0.0959
1:08:04,52000,-0.0665,-0.0020,0.0006,2.7577,0.0020,0.0074,0.0199,0.0002,2.7614,0.0829
1:08:41,52100,-0.0717,-0.0025,0.0058,2.7602,0.0016,0.0029,0.0214,0.0013,2.7052,0.0934
1:08:43,52200,-0.0555,-0.0153,0.0009,2.7394,0.0018,0.0229,0.0238,0.0000,2.6876,0.0878
1:08:46,52300,-0.0741,-0.0189,0.0027,2.7847,0.0018,0.0184,0.0223,0.0004,2.7531,0.0941
1:08:48,52400,-0.0349,-0.1664,0.0890,2.7445,0.0045,0.1653,0.0840,0.0011,2.7088,0.1113
1:08:51,52500,-0.0274,-0.1334,0.0067,2.7115,0.0035,0.1266,0.0528,0.0001,2.7133,0.1003
1:08:54,52600,-0.0515,-0.1208,0.0173,2.7404,0.0016,0.1220,0.0419,0.0181,2.7419,0.0901
1:08:57,52700,-0.0513,-0.1001,0.0061,2.8331,0.0016,0.0983,0.0379,0.1142,2.8256,0.0906
1:08:59,52800,-0.0480,-0.0950,0.0201,2.7901,0.0007,0.0964,0.0350,0.0000,2.7760,0.0886
1:09:02,52900,-0.0654,-0.0751,0.0204,2.8006,0.0014,0.0836,0.0370,0.0001,2.7531,0.0954
1:09:05,53000,-0.0681,-0.0471,0.0774,2.7024,0.0036,0.0409,0.0350,0.0244,2.6826,0.0946
1:09:42,53100,-0.0643,-0.0722,0.0022,2.7408,0.0014,0.0724,0.0334,0.0002,2.7190,0.0933
1:09:44,53200,-0.0477,-0.0934,0.0124,2.7273,0.0015,0.0943,0.0314,0.0000,2.7065,0.0891
1:09:47,53300,-0.0660,-0.0666,0.0070,2.7140,0.0008,0.0689,0.0315,0.0003,2.6687,0.0917
1:09:50,53400,-0.0543,-0.0687,0.0021,2.6868,0.0009,0.0741,0.0280,0.0001,2.6794,0.0869
1:09:53,53500,-0.0348,-0.0663,0.0028,2.6643,0.0008,0.0731,0.0296,0.0007,2.6601,0.0915
1:09:55,53600,-0.0300,-0.0800,0.0032,2.7471,0.0012,0.0808,0.0257,0.0006,2.7203,0.0834
1:09:58,53700,-0.0614,-0.0514,0.0046,2.7594,0.0007,0.0480,0.0272,0.0003,2.7238,0.0861
1:10:00,53800,-0.0438,-0.0578,0.0152,2.7531,0.0010,0.0564,0.0231,0.0077,2.7324,0.0791
1:10:04,53900,-0.0425,-0.0561,0.0018,2.7081,0.0017,0.0460,0.0268,0.0010,2.6893,0.0967
1:10:07,54000,-0.0578,-0.0354,0.0056,2.6258,0.0019,0.0483,0.0234,0.0001,2.6851,0.0844
1:10:43,54100,-0.0587,-0.0337,0.0041,2.7687,0.0019,0.0299,0.0269,0.0000,2.8064,0.0952
1:10:45,54200,-0.0620,-0.0298,0.0036,2.7262,0.0012,0.0273,0.0248,0.0003,2.7609,0.0928
1:10:49,54300,-0.0625,-0.0283,0.0019,2.7401,0.0014,0.0093,0.0281,0.0022,2.7090,0.1029
1:10:51,54400,-0.0542,-0.0277,0.0029,2.7518,0.0012,0.0419,0.0250,0.0003,2.6522,0.0937
1:10:54,54500,-0.0624,-0.0137,0.0008,2.7093,0.0015,0.0250,0.0250,0.0001,2.6332,0.0856
1:10:56,54600,-0.0558,-0.0171,0.0012,2.7173,0.0018,0.0194,0.0239,0.0016,2.6815,0.0866
1:10:59,54700,-0.0640,0.0071,0.0116,2.7436,0.0010,-0.0065,0.0214,0.0000,2.7468,0.0840
1:11:02,54800,-0.0674,0.0006,0.0245,2.7573,0.0016,-0.0065,0.0229,0.0003,2.7112,0.0880
1:11:05,54900,-0.0831,0.0046,0.0056,2.7205,0.0014,-0.0118,0.0263,0.0001,2.7149,0.0953
1:11:07,55000,-0.0609,-0.0144,0.0127,2.7599,0.0016,0.0089,0.0209,0.0005,2.7200,0.0878
1:11:44,55100,-0.0939,0.0211,0.0001,2.7088,0.0019,-0.0102,0.0249,0.0000,2.6838,0.0932
1:11:47,55200,-0.0923,0.0007,0.0014,2.7024,0.0010,-0.0009,0.0268,0.0001,2.7196,0.0990
1:11:49,55300,-0.0639,-0.0046,0.0031,2.6829,0.0009,0.0058,0.0220,0.0000,2.7148,0.0896
1:11:52,55400,-0.0718,-0.0040,0.0022,2.7032,0.0012,-0.0013,0.0245,0.0001,2.6728,0.0934
1:11:54,55500,-0.0695,-0.0135,0.0020,2.6896,0.0014,0.0203,0.0218,0.0007,2.7409,0.0936
1:11:57,55600,-0.0820,0.0008,0.0020,2.7600,0.0020,0.0124,0.0252,0.0000,2.7710,0.0913
1:12:00,55700,-0.0602,-0.0152,0.0020,2.6431,0.0017,0.0216,0.0227,0.0002,2.6945,0.0864
1:12:03,55800,-0.0843,0.0027,0.0013,2.6885,0.0013,-0.0109,0.0221,0.0001,2.6967,0.0906
1:12:05,55900,-0.0725,-0.0044,0.0011,2.7151,0.0013,0.0027,0.0255,0.0001,2.6986,0.0964
1:12:08,56000,-0.0618,-0.0068,0.0125,2.7415,0.0010,0.0028,0.0220,0.0000,2.7555,0.0874
1:12:45,56100,-0.0645,-0.0007,0.0031,2.6990,0.0008,-0.0046,0.0208,0.0002,2.6926,0.0879
1:12:47,56200,-0.0739,0.0032,0.0042,2.7320,0.0015,-0.0070,0.0247,0.0001,2.7007,0.0952
1:12:50,56300,-0.0771,-0.0153,0.0014,2.7422,0.0009,0.0116,0.0229,0.0000,2.7260,0.0967
1:12:52,56400,-0.0753,0.0103,0.0048,2.6640,0.0019,-0.0037,0.0236,0.0001,2.6572,0.0883
1:12:55,56500,-0.0828,0.0023,0.0009,2.7294,0.0014,-0.0032,0.0229,0.0005,2.6918,0.0861
1:12:58,56600,-0.0837,-0.0021,0.0011,2.7171,0.0015,0.0109,0.0219,0.0074,2.6823,0.0916
1:13:01,56700,-0.0458,-0.0179,0.0019,2.6730,0.0012,0.0157,0.0211,0.0008,2.6936,0.0900
1:13:03,56800,-0.0601,-0.0129,0.0016,2.7294,0.0010,0.0122,0.0220,0.0085,2.7244,0.0863
1:13:06,56900,-0.0452,-0.0185,0.0005,2.7168,0.0007,0.0113,0.0220,0.0000,2.6947,0.0823
1:13:08,57000,-0.0471,-0.0126,0.0020,2.7300,0.0010,0.0033,0.0201,0.0000,2.7263,0.0863
1:13:46,57100,-0.0616,-0.0178,0.0001,2.6882,0.0011,0.0147,0.0224,0.0002,2.6869,0.0940
1:13:48,57200,-0.0624,-0.0133,0.0284,2.6872,0.0014,0.0075,0.0232,0.0006,2.6807,0.0931
1:13:51,57300,-0.0691,-0.0139,0.0050,2.7423,0.0012,0.0146,0.0215,0.0003,2.7376,0.0860
1:13:54,57400,-0.0546,-0.0005,0.0005,2.6980,0.0015,0.0007,0.0203,0.0000,2.6757,0.0875
1:13:57,57500,-0.0690,-0.0095,0.0012,2.7393,0.0021,0.0156,0.0231,0.0002,2.6752,0.0902
1:13:59,57600,-0.0547,-0.0121,0.0018,2.6655,0.0009,0.0089,0.0219,0.0029,2.6524,0.0850
1:14:02,57700,-0.0622,-0.0188,0.0012,2.7494,0.0014,0.0197,0.0224,0.0083,2.7635,0.0978
1:14:04,57800,-0.0491,-0.0217,0.0014,2.7507,0.0024,0.0061,0.0189,0.0001,2.7603,0.0915
1:14:07,57900,-0.0525,-0.0164,0.0022,2.7459,0.0008,0.0146,0.0219,0.0006,2.7577,0.0903
1:14:10,58000,-0.0364,-0.0325,0.0012,2.6785,0.0017,0.0150,0.0221,0.0002,2.6656,0.0912
1:14:46,58100,-0.0833,0.0139,0.0379,2.6953,0.0020,-0.0013,0.0338,0.0014,2.7064,0.1001
1:14:48,58200,-0.0626,-0.0126,0.0044,2.7293,0.0009,0.0143,0.0233,0.0002,2.7706,0.0919
1:14:51,58300,-0.0614,-0.0158,0.0067,2.7029,0.0018,0.0165,0.0213,0.0001,2.7269,0.0887
1:14:54,58400,-0.0615,-0.0067,0.0002,2.7502,0.0012,0.0004,0.0233,0.0000,2.7549,0.0919
1:14:57,58500,-0.0612,-0.0049,0.0018,2.7175,0.0025,0.0061,0.0210,0.0000,2.7289,0.0871
1:14:59,58600,-0.0482,-0.0058,0.0041,2.6617,0.0018,0.0029,0.0228,0.0197,2.6563,0.0880
1:15:02,58700,-0.0996,0.0569,0.0318,2.6940,0.0066,-0.0524,0.0196,0.0055,2.6888,0.0883
1:15:05,58800,-0.0705,0.0057,0.0107,2.6968,0.0028,-0.0048,0.0207,0.0071,2.6895,0.0884
1:15:08,58900,-0.0641,0.0127,0.0052,2.7930,0.0004,-0.0141,0.0195,0.0001,2.7747,0.0813
1:15:10,59000,-0.0750,0.0078,0.0327,2.6933,0.0013,-0.0079,0.0218,0.0019,2.6857,0.0901
1:15:45,59100,-0.0756,0.0107,0.0006,2.7273,0.0010,-0.0081,0.0217,0.0006,2.7253,0.0940
1:15:48,59200,-0.0640,-0.0080,0.0025,2.7698,0.0009,0.0124,0.0214,0.0001,2.7193,0.0903
1:15:51,59300,-0.0635,-0.0054,0.0027,2.6436,0.0018,0.0096,0.0201,0.0001,2.6574,0.0909
1:15:54,59400,-0.0625,-0.0134,0.0014,2.7128,0.0007,0.0175,0.0242,0.0006,2.6732,0.0897
1:15:56,59500,-0.0581,-0.0128,0.0051,2.7258,0.0011,0.0136,0.0204,0.0001,2.7676,0.0914
1:15:59,59600,-0.0512,-0.0175,0.0055,2.7014,0.0013,0.0094,0.0189,0.0273,2.6626,0.0881
1:16:01,59700,-0.0503,-0.0124,0.0021,2.7586,0.0012,0.0180,0.0229,0.0007,2.7206,0.0927
1:16:05,59800,-0.0509,-0.0200,0.0016,2.7368,0.0011,0.0172,0.0223,0.0001,2.7672,0.0896
1:16:07,59900,-0.0604,-0.0038,0.0002,2.7406,0.0016,0.0048,0.0233,0.0001,2.8131,0.0886
1:16:10,60000,-0.0648,-0.0074,0.0025,2.7598,0.0012,0.0072,0.0221,0.0000,2.7394,0.0977
1:19:57,60100,0.0109,-0.1912,0.0353,2.7123,0.0018,0.1827,0.0512,0.0000,2.7406,0.1030
1:19:59,60200,-0.0290,-0.1035,0.0006,2.7481,0.0015,0.1061,0.0343,0.0000,2.7193,0.0884
1:20:02,60300,-0.0596,-0.0591,0.0036,2.7244,0.0021,0.0534,0.0297,0.0000,2.7274,0.0804
1:20:04,60400,-0.0565,-0.0560,0.0022,2.7537,0.0016,0.0547,0.0288,0.0000,2.7428,0.0836
1:20:07,60500,-0.0821,-0.0296,0.0043,2.7763,0.0013,0.0281,0.0330,0.0476,2.7048,0.0882
1:20:10,60600,-0.0625,-0.0346,0.0018,2.7374,0.0020,0.0304,0.0288,0.0000,2.7783,0.0833
1:20:13,60700,-0.0683,-0.0172,0.0019,2.6893,0.0011,0.0161,0.0239,0.0046,2.6853,0.0795
1:20:15,60800,-0.0666,-0.0230,0.0414,2.7155,0.0016,0.0427,0.0422,0.0282,2.6903,0.0960
1:20:18,60900,-0.0730,-0.0154,0.0009,2.7443,0.0011,0.0148,0.0289,0.0282,2.7302,0.0902
1:20:21,61000,-0.0595,-0.0145,0.0085,2.7610,0.0018,0.0114,0.0219,0.0000,2.7302,0.0818
1:20:56,61100,-0.0683,-0.0247,0.0005,2.7228,0.0014,0.0287,0.0272,0.0004,2.7288,0.0905
1:20:59,61200,-0.0794,-0.0269,0.0009,2.7072,0.0017,0.0171,0.0283,0.0034,2.7576,0.0913
1:21:01,61300,-0.0745,-0.0153,0.0043,2.7503,0.0024,0.0140,0.0238,0.0000,2.7203,0.0928
1:21:05,61400,-0.0737,-0.0047,0.0009,2.7833,0.0020,0.0103,0.0268,0.0000,2.7833,0.0890
1:21:07,61500,-0.0662,-0.0209,0.0008,2.8179,0.0011,0.0206,0.0233,0.0000,2.8032,0.0894
1:21:10,61600,-0.0536,-0.0360,0.0020,2.6592,0.0010,0.0331,0.0277,0.0000,2.6297,0.0882
1:21:12,61700,-0.0692,-0.0175,0.0002,2.7903,0.0012,0.0112,0.0245,0.0000,2.7383,0.0930
1:21:15,61800,-0.0746,-0.0169,0.0029,2.6572,0.0013,0.0171,0.0231,0.0000,2.6371,0.0927
1:21:18,61900,-0.0809,-0.0089,0.0009,2.7539,0.0010,0.0097,0.0235,0.0001,2.7093,0.0937
1:21:21,62000,-0.0791,-0.0038,0.0131,2.7747,0.0015,0.0029,0.0239,0.0001,2.7574,0.0886
1:21:56,62100,-0.0606,-0.0201,0.0016,2.6642,0.0011,0.0274,0.0224,0.0002,2.6858,0.0884
1:21:58,62200,-0.0627,-0.0086,0.0006,2.7386,0.0010,0.0092,0.0214,0.0001,2.7589,0.0861
1:22:01,62300,-0.0763,-0.0165,0.0021,2.7091,0.0017,0.0180,0.0243,0.0003,2.6884,0.0957
1:22:04,62400,-0.0689,-0.0090,0.0005,2.7358,0.0011,0.0071,0.0235,0.0001,2.7090,0.0886
1:22:07,62500,-0.0644,-0.0120,0.0015,2.7088,0.0012,0.0149,0.0214,0.0000,2.7223,0.0905
1:22:09,62600,-0.0974,0.0096,0.0001,2.7157,0.0011,0.0089,0.0278,0.0007,2.6294,0.0955
1:22:12,62700,-0.0644,-0.0119,0.0034,2.7388,0.0014,0.0058,0.0254,0.0001,2.6974,0.0977
1:22:14,62800,-0.0582,-0.0114,0.0012,2.6799,0.0014,0.0117,0.0201,0.0002,2.7323,0.0828
1:22:17,62900,-0.0680,0.0022,0.0005,2.7777,0.0014,0.0048,0.0210,0.0052,2.7163,0.0904
1:22:20,63000,-0.0755,-0.0083,0.0062,2.7074,0.0009,0.0048,0.0233,0.0006,2.7604,0.0938
1:22:55,63100,-0.0947,0.0210,0.0004,2.7697,0.0019,-0.0133,0.0208,0.0002,2.7653,0.0917
1:22:58,63200,-0.0572,-0.0107,0.0002,2.8333,0.0016,0.0147,0.0229,0.0002,2.7837,0.0908
1:23:01,63300,-0.0030,-0.2568,0.0169,2.7091,0.0017,0.2879,0.0982,0.0002,2.6776,0.1473
1:23:03,63400,0.0037,-0.2183,0.0268,2.7240,0.0014,0.2291,0.0548,0.0000,2.7106,0.1044
1:23:06,63500,-0.0089,-0.1708,0.0051,2.6506,0.0020,0.1653,0.0394,0.0001,2.6932,0.0929
1:23:08,63600,-0.0265,-0.1255,0.0043,2.6611,0.0013,0.1279,0.0334,0.0008,2.6516,0.0851
1:23:11,63700,-0.0386,-0.0917,0.0014,2.7283,0.0013,0.0954,0.0313,0.0005,2.7034,0.0840
1:23:14,63800,-0.0620,-0.0522,0.0005,2.7583,0.0020,0.0510,0.0301,0.0010,2.7468,0.0864
1:23:17,63900,-0.0577,-0.0421,0.0021,2.7221,0.0012,0.0430,0.0259,0.0001,2.7117,0.0830
1:23:19,64000,-0.0457,-0.0539,0.0009,2.6971,0.0016,0.0503,0.0268,0.0002,2.7350,0.0830
1:23:56,64100,-0.0603,-0.0267,0.0007,2.7301,0.0014,0.0223,0.0253,0.0000,2.7033,0.0836
1:23:58,64200,-0.0619,-0.0213,0.0064,2.6953,0.0016,0.0126,0.0239,0.0000,2.6776,0.0818
1:24:01,64300,-0.0601,-0.0219,0.0012,2.7322,0.0010,0.0222,0.0251,0.0010,2.7169,0.0828
1:24:03,64400,-0.0685,-0.0162,0.0039,2.7847,0.0012,0.0142,0.0245,0.0005,2.7466,0.0894
1:24:06,64500,-0.0817,-0.0050,0.0002,2.7371,0.0015,0.0123,0.0245,0.0001,2.7165,0.0891
1:24:09,64600,-0.0671,-0.0101,0.0034,2.7437,0.0010,0.0108,0.0216,0.0000,2.6995,0.0774
1:24:12,64700,-0.0975,0.0036,0.0005,2.7409,0.0024,0.0086,0.0249,0.0000,2.7376,0.0959
1:24:14,64800,-0.0722,0.0002,0.0015,2.6805,0.0017,0.0054,0.0217,0.0010,2.6682,0.0879
1:24:17,64900,-0.0360,-0.0427,0.0013,2.6876,0.0013,0.0433,0.0249,0.0013,2.6796,0.0852
1:24:20,65000,-0.0553,-0.0323,0.0007,2.6910,0.0017,0.0255,0.0253,0.0000,2.6818,0.0925
1:24:56,65100,-0.0451,-0.0251,0.0217,2.7156,0.0022,0.0121,0.0243,0.0000,2.7144,0.0857
1:24:59,65200,-0.0737,-0.0137,0.0066,2.7515,0.0017,0.0170,0.0240,0.0002,2.7475,0.0935
1:25:01,65300,-0.0611,-0.0188,0.0010,2.7333,0.0012,0.0154,0.0210,0.0000,2.7172,0.0899
1:25:04,65400,-0.0756,-0.0135,0.0001,2.7175,0.0016,0.0116,0.0245,0.0000,2.6859,0.0956
1:25:07,65500,-0.0546,-0.0126,0.0011,2.7486,0.0015,0.0145,0.0214,0.0000,2.7670,0.0894
1:25:09,65600,-0.0620,-0.0173,0.0003,2.7978,0.0012,0.0080,0.0233,0.0008,2.8120,0.0869
1:25:12,65700,-0.0507,-0.0181,0.0013,2.7792,0.0020,0.0124,0.0229,0.0000,2.7650,0.0843
1:25:15,65800,-0.0778,-0.0005,0.0006,2.7559,0.0018,0.0107,0.0247,0.0037,2.7080,0.0951
1:25:17,65900,-0.0638,-0.0144,0.0020,2.7282,0.0015,0.0174,0.0224,0.0001,2.7285,0.0922
1:25:20,66000,-0.0518,-0.0318,0.0023,2.8165,0.0012,0.0378,0.0250,0.0001,2.7958,0.0916
1:25:56,66100,-0.0940,0.0308,0.0209,2.7461,0.0013,-0.0296,0.0228,0.0000,2.7468,0.0880
1:25:59,66200,-0.0779,-0.0091,0.0010,2.7278,0.0016,-0.0029,0.0224,0.0003,2.6775,0.0930
1:26:01,66300,-0.1025,0.0147,0.0026,2.6700,0.0017,0.0169,0.0244,0.0119,2.6916,0.0968
1:26:04,66400,-0.0598,-0.0063,0.0005,2.6978,0.0010,-0.0032,0.0231,0.0006,2.6823,0.0918
1:26:07,66500,-0.0703,-0.0053,0.0010,2.7734,0.0010,0.0036,0.0222,0.0001,2.7565,0.0967
1:26:09,66600,-0.0504,-0.0222,0.0004,2.7984,0.0017,0.0228,0.0208,0.0001,2.7309,0.0887
1:26:12,66700,-0.0553,-0.0151,0.0006,2.6882,0.0018,0.0207,0.0227,0.0001,2.6521,0.0929
1:26:14,66800,-0.0663,-0.0050,0.0010,2.7287,0.0015,0.0034,0.0216,0.0045,2.6755,0.0895
1:26:17,66900,-0.0487,-0.0225,0.0013,2.7431,0.0007,0.0287,0.0237,0.0000,2.7065,0.0916
1:26:20,67000,-0.0879,0.0223,0.0034,2.7206,0.0018,-0.0204,0.0232,0.0002,2.7101,0.0996
1:26:55,67100,-0.0698,0.0057,0.0056,2.6793,0.0013,-0.0012,0.0242,0.0010,2.6984,0.0947
1:26:58,67200,-0.0559,-0.0114,0.0014,2.6661,0.0014,0.0154,0.0216,0.0001,2.7115,0.0855
1:27:01,67300,-0.0590,-0.0124,0.0009,2.6720,0.0013,0.0119,0.0217,0.0000,2.6571,0.0841
1:27:03,67400,-0.0690,-0.0132,0.0020,2.6751,0.0014,0.0126,0.0229,0.0006,2.7064,0.0958
1:27:06,67500,-0.0877,0.0110,0.0195,2.7624,0.0019,-0.0050,0.0228,0.0003,2.7435,0.0927
1:27:09,67600,-0.0604,-0.0118,0.0019,2.6630,0.0013,0.0140,0.0213,0.0007,2.6735,0.0907
1:27:11,67700,-0.0558,-0.0198,0.0004,2.6597,0.0014,0.0265,0.0215,0.0001,2.6962,0.0917
1:27:14,67800,-0.0525,-0.0291,0.0024,2.7177,0.0014,0.0308,0.0282,0.0000,2.7134,0.0926
1:27:17,67900,-0.0685,-0.0163,0.0008,2.7873,0.0016,0.0240,0.0241,0.0000,2.7305,0.0928
1:27:19,68000,-0.0749,-0.0155,0.0020,2.6713,0.0020,0.0156,0.0234,0.0000,2.6382,0.0957
1:27:55,68100,-0.0536,-0.0122,0.0046,2.7377,0.0024,0.0115,0.0268,0.0001,2.7377,0.0930
1:27:58,68200,-0.0573,-0.0146,0.0027,2.7385,0.0011,0.0143,0.0215,0.0021,2.7103,0.0903
1:28:00,68300,-0.0550,-0.0150,0.0028,2.7091,0.0014,0.0184,0.0227,0.0000,2.6767,0.0939
1:28:03,68400,-0.0556,-0.0085,0.0065,2.6941,0.0021,0.0108,0.0234,0.0002,2.7054,0.0953
1:28:05,68500,-0.0544,-0.0261,0.0111,2.7524,0.0021,0.0228,0.0193,0.0029,2.7326,0.0848
1:28:08,68600,-0.0421,-0.0223,0.0021,2.7247,0.0013,0.0207,0.0180,0.0005,2.7020,0.0815
1:28:11,68700,-0.0463,-0.0281,0.0025,2.7621,0.0014,0.0284,0.0228,0.0000,2.7282,0.0939
1:28:14,68800,-0.0717,-0.0047,0.0003,2.7409,0.0019,0.0008,0.0235,0.0016,2.7104,0.0987
1:28:16,68900,-0.0692,-0.0007,0.0013,2.7017,0.0010,0.0006,0.0219,0.0002,2.7266,0.0937
1:28:19,69000,-0.0356,-0.0171,0.0009,2.7063,0.0007,0.0186,0.0194,0.0004,2.6759,0.0848
1:28:55,69100,-0.0607,-0.0085,0.0004,2.6653,0.0017,0.0157,0.0227,0.0000,2.6841,0.0895
1:28:57,69200,-0.0205,-0.0964,0.0614,2.7733,0.0021,0.0860,0.0369,0.0000,2.7622,0.1095
1:29:00,69300,-0.0416,-0.0472,0.1634,2.7159,0.0025,0.0534,0.0320,0.0626,2.7413,0.0972
1:29:02,69400,-0.0541,-0.0196,0.0198,2.7518,0.0018,0.0177,0.0237,0.0002,2.7711,0.0932
1:29:05,69500,-0.0540,-0.0281,0.0013,2.7379,0.0012,0.0296,0.0251,0.0000,2.7499,0.0942
1:29:08,69600,-0.0748,-0.0163,0.0048,2.7067,0.0014,0.0135,0.0242,0.0000,2.6789,0.0989
1:29:11,69700,-0.0605,-0.0318,0.0181,2.8153,0.0016,0.0256,0.0252,0.0004,2.8155,0.1002
1:29:13,69800,-0.0597,-0.0157,0.0010,2.7344,0.0012,0.0134,0.0233,0.0000,2.7442,0.0909
1:29:16,69900,-0.0605,-0.0088,0.0020,2.7318,0.0015,0.0087,0.0219,0.0001,2.7205,0.0883
1:29:18,70000,-0.0367,-0.0264,0.0031,2.6916,0.0015,0.0310,0.0215,0.0001,2.6722,0.0863
1:33:06,70100,-0.0362,-0.0272,0.0023,2.7233,0.0018,0.0196,0.0203,0.0002,2.7162,0.0890
1:33:08,70200,-0.0548,-0.0227,0.0052,2.6955,0.0008,0.0221,0.0211,0.0006,2.7279,0.0900
1:33:11,70300,-0.0580,-0.0260,0.0011,2.7330,0.0019,0.0187,0.0205,0.0002,2.7105,0.0918
1:33:14,70400,-0.0444,-0.0327,0.0036,2.7670,0.0015,0.0223,0.0223,0.0000,2.7767,0.0947
1:33:17,70500,-0.0380,-0.0262,0.0010,2.7401,0.0008,0.0210,0.0234,0.0016,2.7345,0.0880
1:33:19,70600,-0.0564,-0.0229,0.0004,2.7593,0.0014,0.0308,0.0216,0.0001,2.7495,0.0907
1:33:22,70700,-0.0324,-0.0391,0.0022,2.7438,0.0012,0.0405,0.0221,0.0000,2.7011,0.0865
1:33:25,70800,-0.0471,-0.0353,0.0022,2.6786,0.0016,0.0222,0.0210,0.0006,2.6738,0.0942
1:33:28,70900,-0.0669,-0.0056,0.0010,2.7086,0.0021,0.0096,0.0206,0.0020,2.6862,0.0907
1:33:30,71000,-0.0692,-0.0141,0.0008,2.7692,0.0012,0.0214,0.0218,0.0000,2.7597,0.0937
1:34:05,71100,-0.0104,-0.0764,0.0023,2.6712,0.0013,0.0750,0.0284,0.0063,2.6393,0.0902
1:34:09,71200,-0.0579,-0.0226,0.0016,2.7347,0.0017,0.0318,0.0205,0.0001,2.7397,0.0895
1:34:11,71300,-0.0439,-0.0365,0.0005,2.6834,0.0014,0.0358,0.0213,0.0000,2.7392,0.0894
1:34:14,71400,-0.0447,-0.0283,0.0010,2.7465,0.0018,0.0351,0.0186,0.0125,2.7007,0.0916
1:34:16,71500,-0.0457,-0.0558,0.0187,2.7159,0.0022,0.0532,0.0339,0.0006,2.7431,0.1018
1:34:19,71600,-0.0434,-0.0317,0.0013,2.8105,0.0017,0.0277,0.0218,0.0000,2.7766,0.0909
1:34:22,71700,-0.0485,-0.0277,0.0006,2.7045,0.0015,0.0273,0.0223,0.0008,2.7255,0.0940
1:34:25,71800,-0.0760,-0.0095,0.0018,2.7311,0.0015,0.0076,0.0258,0.0015,2.6741,0.0968
1:34:27,71900,-0.0549,-0.0173,0.0023,2.7752,0.0010,0.0119,0.0192,0.0003,2.8003,0.0891
1:34:30,72000,-0.0586,-0.0104,0.0002,2.7584,0.0022,0.0149,0.0203,0.0000,2.7338,0.0915
1:35:06,72100,-0.0608,-0.0184,0.0002,2.7301,0.0013,0.0225,0.0213,0.0000,2.7455,0.0853
1:35:08,72200,-0.0653,-0.0108,0.0003,2.7015,0.0019,0.0155,0.0213,0.0001,2.7080,0.0933
1:35:11,72300,-0.0463,-0.0381,0.0020,2.7481,0.0011,0.0383,0.0229,0.0025,2.7435,0.0977
1:35:13,72400,-0.0572,-0.0262,0.0019,2.7136,0.0007,0.0227,0.0205,0.0003,2.7070,0.0978
1:35:16,72500,-0.0447,-0.0328,0.0015,2.7230,0.0010,0.0383,0.0203,0.0004,2.7116,0.0899
1:35:19,72600,-0.0601,-0.0130,0.0008,2.7506,0.0015,0.0221,0.0210,0.0001,2.7796,0.0965
1:35:22,72700,-0.0550,-0.0326,0.0001,2.7281,0.0008,0.0287,0.0230,0.0002,2.6929,0.0890
1:35:24,72800,-0.0323,-0.0272,0.0010,2.7071,0.0016,0.0266,0.0180,0.0000,2.6905,0.0826
1:35:27,72900,-0.0660,-0.0083,0.0004,2.7748,0.0030,0.0322,0.0196,0.0000,2.7514,0.0883
1:35:29,73000,-0.0325,-0.0364,0.0087,2.6848,0.0021,0.0345,0.0225,0.0000,2.6963,0.0878
