step,domain,accuracy,f1,loss
20000,15,0.6363636363636364,0.4963924963924964,2.037636271910742
20000,16,0.41304347826086957,0.34928599250206915,1.7863186399141948
20000,17,0.42857142857142855,0.3566839220110838,3.1208399136861167
20000,18,0.5698924731182796,0.4743263123901108,2.3875275552272797
20000,19,0.2717391304347826,0.14276370032430058,2.8519957860310874
20000,20,0.5955056179775281,0.49810124104451314,1.5318633864323299
20000,21,0.5232558139534884,0.48445394286456783,1.5480544368426006
20000,22,0.5108695652173914,0.46309827669619474,1.8417373299598694
20000,23,0.5714285714285714,0.5136515027622106,2.3026370108127594
20000,24,0.5955056179775281,0.4998910092543051,1.7660307884216309
20000,25,0.6129032258064516,0.5300027716186253,1.7905598034461339
20000,26,0.5125,0.4968382352941177,1.588616132736206
20000,27,0.5869565217391305,0.4843911749482402,1.7825032193213701
20000,28,0.7375,0.6862404544607934,2.991515403613448
20000,29,0.5125,0.47377339233565763,2.010842134555181
20000,30,0.5340909090909091,0.4855643948612025,2.28863188624382
20000,31,0.691358024691358,0.5751863966255878,3.0335551269430048
20000,32,0.3,0.18057640626447966,5.255308429400126
20000,33,0.40963855421686746,0.3325801970872108,1.8692915638287861
20000,34,0.5568181818181818,0.465880011631711,1.8124444087346394
20000,35,0.7586206896551724,0.6838294903942234,1.1795923463068902
20000,36,0.6951219512195121,0.6630203557674674,1.1169876009225845
20000,37,0.6666666666666666,0.635013459574863,1.8996499478816986
20000,38,0.7764705882352941,0.7378881987577639,1.5229901586232397
20000,39,0.5978260869565217,0.4535076761897087,2.756398249514556
20000,40,0.6463414634146342,0.555307781649245,2.1497674509882927
20000,41,0.3253012048192771,0.2072192513368984,5.177326401074727
20000,42,0.2823529411764706,0.13158195316961738,3.6296934286753335
20000,43,0.6,0.5373497786211259,2.4889920155207315
20000,44,0.675,0.5832899305555556,2.9922450656692186
20000,45,0.6555555555555556,0.6045269159852493,0.9541434949884812
20000,46,0.7241379310344828,0.6830870279146142,1.1839152164757252
20000,47,0.6829268292682927,0.5979622680842193,2.091968217243751
20000,48,0.6666666666666666,0.5975147999308615,1.4128205558906
20000,49,0.27472527472527475,0.14525117739403454,3.466750919818878
20000,50,0.7125,0.6460744810744811,1.5352886336234708
20000,51,0.6785714285714286,0.5809224628818663,2.227261688793078
20000,52,0.7375,0.7380123551584532,0.5918673997124037
20000,53,0.8488372093023255,0.7819828641370868,0.858678158527861
20000,54,0.8,0.7344568733153639,2.369455171186322
20000,55,0.6206896551724138,0.5369622222295153,1.2356011445323627
20000,56,0.7,0.6014285714285714,1.9257794747439523
20000,57,0.5875,0.5147734843437708,3.267991383870443
20000,58,0.7368421052631579,0.6389560758513932,2.2466651234426536
20000,59,0.7160493827160493,0.7190400739420348,0.7255731324354807
20000,60,0.4,0.3224378411158278,4.284795761108398
20000,61,0.3058823529411765,0.18084523129640204,4.4654126564661665
20000,62,0.4,0.3224378411158278,2.6895944972833
20000,63,0.3125,0.17954357418643135,3.0548182924588523
20000,64,0.43209876543209874,0.3206181831980044,1.092322826385498
20000,65,0.6363636363636364,0.5221643681396003,1.87566786344784
20000,66,0.7125,0.609544649702457,4.403456947222973
20000,67,0.7125,0.6272435897435897,1.9631383255667363
20000,68,0.7777777777777778,0.7251914066728882,0.7657340529064337
20000,69,0.7625,0.7195564516129032,1.1469506705761887
20000,70,0.525,0.4315387968613775,2.5622271398703256
20000,71,0.6951219512195121,0.606677588986074,1.5466572052488725
20000,72,0.7530864197530864,0.6937534549474847,1.3972884971493233
20000,73,0.2911392405063291,0.1312980888557955,5.5599197546641035
20000,74,0.6621621621621622,0.5789075789075789,4.164121200640996
20000,75,0.6875,0.6089539037107259,1.2259478370348613
30000,15,0.5454545454545454,0.5277080164437721,1.0816635290781658
30000,16,0.5434782608695652,0.49647092038396384,2.1974460581938424
30000,17,0.38461538461538464,0.32328032216230973,2.9741236368815103
30000,18,0.7096774193548387,0.644731612473548,1.270800809065501
30000,19,0.5,0.4196428571428572,3.540452698866526
30000,20,0.5617977528089888,0.4735624586913416,2.8345363438129425
30000,21,0.5813953488372093,0.5513645571671664,1.6624819934368134
30000,22,0.5869565217391305,0.5649844228171267,1.631057585279147
30000,23,0.6153846153846154,0.5245123188292926,1.4806555447479088
30000,24,0.6292134831460674,0.5373159116714966,2.332838127079109
30000,25,0.7419354838709677,0.6763729093667593,1.3763512323300044
30000,26,0.7375,0.684530009920635,1.9022735338658094
30000,27,0.7065217391304348,0.702464125080317,1.109171564380328
30000,28,0.475,0.4080965909090909,4.834805741906166
30000,29,0.6125,0.5738356956054733,1.424038549264272
30000,30,0.5340909090909091,0.4925541125541125,1.990039308865865
30000,31,0.691358024691358,0.5799037455534631,3.251940008912546
30000,32,0.6555555555555556,0.5864224664224664,1.6436700473229091
30000,33,0.5180722891566265,0.47307597737890333,1.6575364371140797
30000,34,0.6704545454545454,0.6060552835142999,1.9150982697804768
30000,35,0.5862068965517241,0.49901477832512314,3.138177439570427
30000,36,0.4024390243902439,0.31730665612988973,3.169407904148102
30000,37,0.6172839506172839,0.5736371471665589,2.580392728249232
30000,38,0.7764705882352941,0.7080457538911347,1.3490226723079104
30000,39,0.6304347826086957,0.5599442830610981,1.0393067736683104
30000,40,0.5365853658536586,0.5022102788721632,1.8534902930259705
30000,41,0.46987951807228917,0.39990849473844736,3.7314005494117737
30000,42,0.4470588235294118,0.3217927170868347,3.971985101699829
30000,43,0.575,0.49232600732600734,2.453784426053365
30000,44,0.7,0.6014285714285714,2.9525551041588187
30000,45,0.6777777777777778,0.6281836913330049,1.4243008991082509
30000,46,0.6206896551724138,0.5247217661010763,2.4005986402432122
30000,47,0.7073170731707317,0.6408264619168492,2.1059018820524216
30000,48,0.6436781609195402,0.6144257194710915,1.1469024171431859
30000,49,0.26373626373626374,0.12421987174720127,3.8564842542012534
30000,50,0.6875,0.6321547024079963,1.3279632134363055
30000,51,0.6666666666666666,0.5587002406596442,2.9986692913031825
30000,52,0.825,0.7751302083333333,0.6610550060868263
30000,53,0.8488372093023255,0.7855365834814185,0.8171829894805948
30000,54,0.725,0.6408838987099857,1.5726173998361144
30000,55,0.8275862068965517,0.7837408928686819,0.5267198930184046
30000,56,0.7,0.6014285714285714,3.987787552876398
30000,57,0.6875,0.5733072916666666,2.176247679317991
30000,58,0.8157894736842105,0.7777410559365446,0.9174608367223603
30000,59,0.4444444444444444,0.38401920438957476,1.3803329368432362
30000,60,0.4,0.3224378411158278,4.1540079315503435
30000,61,0.3764705882352941,0.25196287542514556,3.2647384802500405
30000,62,0.49411764705882355,0.43188967894850244,2.9409521520137787
30000,63,0.35,0.24088541666666669,2.7905326982339225
30000,64,0.41975308641975306,0.3499979662013961,1.7734818955262501
30000,65,0.8636363636363636,0.8571127946127945,0.5537165661032001
30000,66,0.7125,0.609544649702457,3.7995946096877256
30000,67,0.7375,0.69178805838558,1.4043739258001249
30000,68,0.7530864197530864,0.6989703637329086,1.4950756977001827
30000,69,0.7,0.6014285714285714,3.2503904974631346
30000,70,0.4,0.3002289377289378,3.0517277121543884
30000,71,0.7317073170731707,0.6820435796269728,1.56032445281744
30000,72,0.8148148148148148,0.7708801919328235,0.8133483772786955
30000,73,0.2911392405063291,0.1312980888557955,4.899135788281758
30000,74,0.32432432432432434,0.1710721710721711,4.998494982719421
30000,75,0.6875,0.5924214517876489,1.9632133382062118
40000,15,0.2840909090909091,0.20447330447330447,2.7898005644480386
40000,16,0.7391304347826086,0.7094297152644845,0.9558641691692173
40000,17,0.3956043956043956,0.3304916136495084,3.081515649954478
40000,18,0.7741935483870968,0.7723908618144472,0.5992834071318308
40000,19,0.6086956521739131,0.5155607978977544,1.90157111423711
40000,20,0.6179775280898876,0.5631216824785605,1.4783702691396077
40000,21,0.872093023255814,0.8560699275599825,0.353936437672625
40000,22,0.6847826086956522,0.6432873716594388,1.1516389412184556
40000,23,0.5934065934065934,0.49607535321821034,2.1218820909659066
40000,24,0.651685393258427,0.5988551511115519,1.3489104877614106
40000,25,0.7096774193548387,0.6418179443646337,1.0760360807180405
40000,26,0.55,0.5172377531268613,1.398778627316157
40000,27,0.7282608695652174,0.6910062527264796,0.9232840449549258
40000,28,0.7125,0.6272435897435897,1.781620000799497
40000,29,0.7,0.6503318812335206,1.3924239178498585
40000,30,0.7954545454545454,0.7838961038961039,0.5448618543644747
40000,31,0.691358024691358,0.5751863966255878,2.3416410339220115
40000,32,0.4111111111111111,0.35429854096520763,4.496005811728537
40000,33,0.6626506024096386,0.6045561064442561,1.844855974117915
40000,34,0.6931818181818182,0.6711574407601394,1.2785766919453938
40000,35,0.7931034482758621,0.7339901477832512,0.49509631112838787
40000,36,0.8048780487804879,0.7652762154504315,0.6715507184465727
40000,37,0.7777777777777778,0.7622248239741795,1.5096998016039531
40000,38,0.6823529411764706,0.5801071859660416,1.7521953838586342
40000,39,0.6956521739130435,0.6533558087266528,1.157315240862469
40000,40,0.7804878048780488,0.7649995042751198,0.8057766109704971
40000,41,0.5060240963855421,0.4046940360193373,4.4626354575157166
40000,42,0.4117647058823529,0.27924394983218515,2.5166381200154624
40000,43,0.5625,0.46256218905472635,3.2783130407333374
40000,44,0.7,0.6014285714285714,2.827596212776067
40000,45,0.8444444444444444,0.8120733993102415,0.43885783199220896
40000,46,0.7586206896551724,0.7060004301383611,1.0573405710359414
40000,47,0.7195121951219512,0.6466566825955039,1.6243755010267098
40000,48,0.7931034482758621,0.7280788177339901,0.8238668323804935
40000,49,0.6593406593406593,0.5948762195526647,1.2464368315413594
40000,50,0.675,0.612424795186892,2.1142291501164436
40000,51,0.6904761904761905,0.6055088702147525,2.499620903904239
40000,52,0.85,0.8,0.8736847219988704
40000,53,0.6627906976744186,0.5559907520739834,1.5713791119827267
40000,54,0.8125,0.7723979591836734,2.6959978729331247
40000,55,0.8390804597701149,0.7867688378033205,0.5308483752111594
40000,56,0.7625,0.6957843137254902,1.3822822446624439
40000,57,0.675,0.5710309617918313,2.211243378619353
40000,58,0.7631578947368421,0.6795796266541261,1.5205743590292211
40000,59,0.9012345679012346,0.8944926629655694,0.32803110134166974
40000,60,0.4,0.3224378411158278,4.212546348571777
40000,61,0.32941176470588235,0.21930627570177003,3.4800073703130088
40000,62,0.8235294117647058,0.7733209494324046,0.769237634104987
40000,63,0.725,0.6828446071082106,1.2710223409036796
40000,64,0.5308641975308642,0.45302777144882406,0.9531213343143463
40000,65,0.7840909090909091,0.7356602510816277,1.2690286865496698
40000,66,0.7375,0.6682691138470893,5.080538354814053
40000,67,0.8,0.7677682232074752,0.5246023683187863
40000,68,0.8148148148148148,0.760788715037081,0.7208696895589431
40000,69,0.7875,0.7293032786885245,0.9439340843042979
40000,70,0.475,0.39242487040582824,2.915954331556956
40000,71,0.6829268292682927,0.6312576171302511,1.042541007200877
40000,72,0.7654320987654321,0.709598192356813,1.0072131546524663
40000,73,0.2911392405063291,0.1312980888557955,4.250595649083455
40000,74,0.5540540540540541,0.47637537964707244,3.977076609929403
40000,75,0.825,0.8055241327300152,0.4214900282677263
50000,15,0.5,0.42525252525252527,4.255788763364156
50000,16,0.6521739130434783,0.575228832951945,1.849801220620672
50000,17,0.4725274725274725,0.40287050475729724,3.8267370462417603
50000,18,0.5806451612903226,0.48032205095608876,2.9702050189177194
50000,19,0.5978260869565217,0.49173147439255344,3.298246438925465
50000,20,0.6404494382022472,0.5854175786760056,1.2486890169481437
50000,21,0.6744186046511628,0.6110668133885698,1.8998512147615354
50000,22,0.6630434782608695,0.6124570358401881,2.387470540978635
50000,23,0.6483516483516484,0.6002275861294579,1.9889975289503734
50000,24,0.6853932584269663,0.6167833274495721,1.8748052039494116
50000,25,0.6021505376344086,0.49511020289008906,3.072033210347096
50000,26,0.525,0.4821458333333334,2.264834006627401
50000,27,0.6739130434782609,0.6210413762398639,1.9938351093248154
50000,28,0.7875,0.7404675716440423,2.2615906074643135
50000,29,0.6875,0.5924214517876489,2.6940235247214637
50000,30,0.5909090909090909,0.48314284100323873,1.1792083084583282
50000,31,0.691358024691358,0.5799037455534631,2.8019609616215653
50000,32,0.6,0.49856876693766944,2.688509311604624
50000,33,0.7349397590361446,0.682572046427468,1.109996351102988
50000,34,0.5909090909090909,0.5043913117869561,2.0081184109052024
50000,35,0.7471264367816092,0.7026647966339411,2.485290914773941
50000,36,0.6829268292682927,0.6324165718328054,3.137769897778829
50000,37,0.8024691358024691,0.7695000083304178,1.4068904165178537
50000,38,0.7764705882352941,0.6990895047705589,0.988244021932284
50000,39,0.5978260869565217,0.4620684702343737,1.934420519003955
50000,40,0.6829268292682927,0.5993136115001453,1.7147414454569418
50000,41,0.3614457831325301,0.2825357156178895,5.186318775018056
50000,42,0.4588235294117647,0.34810328989895556,2.651868383089701
50000,43,0.6625,0.6216666666666667,2.459834098815918
50000,44,0.675,0.5832899305555556,3.7761511697123447
50000,45,0.6777777777777778,0.6080634920634921,1.461533035209868
50000,46,0.6551724137931034,0.5535390199637024,2.541119388304651
50000,47,0.6951219512195121,0.6043302650510514,2.257600514528652
50000,48,0.6896551724137931,0.6140771313185106,1.0762532099615782
50000,49,0.5934065934065934,0.49484042192375527,2.252546009918054
50000,50,0.775,0.7155648885956453,1.3071830065455288
50000,51,0.6904761904761905,0.6027605244996549,1.9449517003959045
50000,52,0.8625,0.8259340659340658,0.47796075500082225
50000,53,0.8488372093023255,0.7941613062840177,1.2571286672415833
50000,54,0.8,0.7431216931216931,3.129734636672462
50000,55,0.6091954022988506,0.5132594417077175,1.8166240379214287
50000,56,0.7,0.5765656565656565,1.9017949054250494
50000,57,0.7,0.59239010989011,2.352746228182999
50000,58,0.7368421052631579,0.6389560758513932,2.5374599120114
50000,59,0.8148148148148148,0.7941052427412189,0.7064252513033958
50000,60,0.4,0.3224378411158278,3.887429118156433
50000,61,0.49411764705882355,0.4351786309271958,1.414355864127477
50000,62,0.6823529411764706,0.5990790836882699,2.3105731913043805
50000,63,0.75,0.707028842598299,1.6739826450745265
50000,64,0.7530864197530864,0.6865316909215066,1.3022229769267142
50000,65,0.8068181818181818,0.7691351456115563,0.9509437630573908
50000,66,0.7125,0.6151675238521169,6.713753389737879
50000,67,0.8625,0.8391911764705883,0.7148523113379875
50000,68,0.7530864197530864,0.7078256106033884,0.9584286312262217
50000,69,0.75,0.6954975579975581,1.5777764509742458
50000,70,0.5,0.4625801165931098,1.1786270439624786
50000,71,0.7439024390243902,0.6780071859302679,1.1459161881357431
50000,72,0.7654320987654321,0.7068253503723213,1.38459333893843
50000,73,0.2911392405063291,0.1312980888557955,5.2103322347005205
50000,74,0.5135135135135135,0.4360676465939624,2.9130861361821494
50000,75,0.7375,0.6689027149321267,1.6916687682193394
60000,15,0.6477272727272727,0.5209351580319321,3.834124826826155
60000,16,0.75,0.6780468000295269,0.9547818147887787
60000,17,0.38461538461538464,0.30607942013777556,2.4983054796854653
60000,18,0.6881720430107527,0.6511815376873775,1.2615086138248444
60000,19,0.5978260869565217,0.5349958283118569,2.2025122766693435
60000,20,0.5955056179775281,0.5095463377544986,1.7008714539309342
60000,21,0.8604651162790697,0.8425712901439646,0.42414343915879726
60000,22,0.782608695652174,0.7440255264353884,0.6994584674636523
60000,23,0.7142857142857143,0.6684185379837554,1.076352169116338
60000,24,0.6404494382022472,0.5653413668640055,1.260429353453219
60000,25,0.8064516129032258,0.7419354838709677,0.46344599810739356
60000,26,0.775,0.7625,0.6318786591291428
60000,27,0.6739130434782609,0.6044020609238,1.8472476210445166
60000,28,0.775,0.7538829787234043,0.9245106478532156
60000,29,0.8375,0.7881686930091185,0.7232224320371946
60000,30,0.75,0.7029403676996289,1.346210780243079
60000,31,0.7283950617283951,0.6719075442239283,2.644752323627472
60000,32,0.4666666666666667,0.4323054784664406,3.71906861414512
60000,33,0.7228915662650602,0.6789002162496139,1.2086142022162676
60000,34,0.5795454545454546,0.5176795504635616,1.5369183619817097
60000,35,0.7586206896551724,0.7106732348111658,1.0678122788667679
60000,36,0.8292682926829268,0.7970531692574949,1.176792415479819
60000,37,0.7160493827160493,0.6542725732268216,1.4127236350129049
60000,38,0.7294117647058823,0.6610928792569659,0.9956199390386852
60000,39,0.5543478260869565,0.43804037193120515,2.322687382965038
60000,40,0.7439024390243902,0.691260395956428,1.3740978849430878
60000,41,0.7469879518072289,0.6916729187813525,1.417544128994147
60000,42,0.3764705882352941,0.27039150108203813,3.042014002799988
60000,43,0.6625,0.6216666666666667,2.444991489251455
60000,44,0.7,0.6196497351949928,1.0133472509526957
60000,45,0.8333333333333334,0.8033342441980316,0.494398418503503
60000,46,0.7241379310344828,0.6736774469907904,0.7599299793752531
60000,47,0.8048780487804879,0.7687685467187799,0.8071682903294762
60000,48,0.8505747126436781,0.8388235854061764,0.46126095950603485
60000,49,0.5164835164835165,0.44933538624930025,1.6392654130856197
60000,50,0.825,0.8060795454545454,0.441632241786768
60000,51,0.75,0.6891307773782953,0.8706807612131039
60000,52,0.8625,0.8362763206755698,0.4628763757646084
60000,53,0.8372093023255814,0.7852787716159809,0.909270099674662
60000,54,0.7625,0.7272283792744151,0.9392274984469017
60000,55,0.9310344827586207,0.925615763546798,0.18141797774781784
60000,56,0.9125,0.9037251364196444,0.23382854193914682
60000,57,0.725,0.6300096852300243,1.290362589682142
60000,58,0.7368421052631579,0.6451355661881978,1.773551114757235
60000,59,0.8395061728395061,0.8270069112174374,0.463508946976314
60000,60,0.4,0.3224378411158278,3.664203723271688
60000,61,0.3058823529411765,0.18084523129640204,4.239555100599925
60000,62,0.6588235294117647,0.5564387917329094,2.03742538827161
60000,63,0.675,0.6140547263681592,2.712633969883124
60000,64,0.8765432098765432,0.8506069094304388,0.6692249706635872
60000,65,0.6363636363636364,0.5331937799043062,1.7704811800116051
60000,66,0.7125,0.6257187036120733,4.381001140922308
60000,67,0.7,0.6069852941176471,2.2950566036161035
60000,68,0.8148148148148148,0.7808987092612824,0.6629581699768702
60000,69,0.85,0.8184873949579832,0.7401817476687332
60000,70,0.45,0.35683035714285716,2.9449966847896576
60000,71,0.8048780487804879,0.769937980012211,0.8054668150531749
60000,72,0.8271604938271605,0.7923998659292777,0.5940950033254921
60000,73,0.2911392405063291,0.1312980888557955,5.706174651781718
60000,74,0.4594594594594595,0.3805790948648092,2.517378886540731
60000,75,0.7875,0.768267960397618,0.6337177778283755
70000,15,0.6704545454545454,0.5638888888888889,2.4334317728256187
70000,16,0.6195652173913043,0.5220108695652174,1.6141196706642706
70000,17,0.5714285714285714,0.5162042951360026,3.3960299491882324
70000,18,0.6021505376344086,0.5223743739095469,1.6016108095645905
70000,19,0.5760869565217391,0.4769090244793569,3.1867985501885414
70000,20,0.6404494382022472,0.5636638824572258,1.8537910816570122
70000,21,0.7790697674418605,0.7675119928087647,0.6608511048058668
70000,22,0.8260869565217391,0.8230400928567975,0.4369365017240246
70000,23,0.5824175824175825,0.5367485226577747,1.4003161589304607
70000,24,0.7415730337078652,0.6989707074564666,0.9707122474598388
70000,25,0.7956989247311828,0.7312098040208639,1.1228994528452556
70000,26,0.7875,0.7644969278033794,0.6823042457302412
70000,27,0.782608695652174,0.7753088619624614,0.7480583439270655
70000,28,0.75,0.6858072916666667,1.8056189610312383
70000,29,0.6875,0.6321547024079963,1.9409032861391704
70000,30,0.7954545454545454,0.7797107438016528,1.011469922028482
70000,31,0.7407407407407407,0.6666527167468786,1.8089313316935052
70000,32,0.6222222222222222,0.5136111111111111,2.1260568246555827
70000,33,0.7349397590361446,0.6793664167158143,0.8108327419807514
70000,34,0.6363636363636364,0.5240238907071082,2.5770943152407804
70000,35,0.7931034482758621,0.7653852499587527,0.6027860327934226
70000,36,0.7804878048780488,0.7260094743965712,2.308310096462568
70000,37,0.8518518518518519,0.84333937667271,0.9054517497618993
70000,38,0.8588235294117647,0.8493290239172592,0.7302036186059316
70000,39,0.8913043478260869,0.886225254719579,0.23154878616333008
70000,40,0.7926829268292683,0.7509843950087852,1.0133093148469925
70000,41,0.6144578313253012,0.5024640497473766,3.6913809527953467
70000,42,0.43529411764705883,0.30770897832817334,2.414218227068583
70000,43,0.7,0.594597886502436,2.000248755017916
70000,44,0.7125,0.6272435897435897,2.6826520394533873
70000,45,0.9,0.8956716350496838,0.3452345214318484
70000,46,0.6666666666666666,0.576551724137931,2.2547373172516623
70000,47,0.6951219512195121,0.6225167068311461,1.3540929956361651
70000,48,0.7701149425287356,0.7103153551429414,0.7192115945120653
70000,49,0.6153846153846154,0.5263891038538926,1.7100553130730987
70000,50,0.8,0.7657670454545455,0.9532237611711025
70000,51,0.7023809523809523,0.6237451041022469,1.7810425925223778
70000,52,0.85,0.8,0.6213713509884352
70000,53,0.6627906976744186,0.5559907520739834,1.4462335143859189
70000,54,0.8375,0.7823400932953828,0.6753426956323286
70000,55,0.8620689655172413,0.8201970443349754,0.3846465830380718
70000,56,0.75,0.6772350230414746,1.6286592024068038
70000,57,0.75,0.6780172413793103,1.378463866810004
70000,58,0.8157894736842105,0.7827227681503629,1.3760877229894202
70000,59,0.9259259259259259,0.923692480359147,0.24454423288504282
70000,60,0.4,0.3224378411158278,3.8945778012275696
70000,61,0.4,0.3067951318458418,2.5225150982538858
70000,62,0.7764705882352941,0.7080707527766352,1.0163648629095405
70000,63,0.7,0.6657670241905139,1.8416033784548442
70000,64,0.7901234567901234,0.774657441324108,1.0878940497835476
70000,65,0.875,0.8614254154148585,0.34537864150479436
70000,66,0.7125,0.6257187036120733,1.6907150348027546
70000,67,0.875,0.8458310306714563,0.4198070995043963
70000,68,0.7901234567901234,0.7525417720434646,0.732951283454895
70000,69,0.8125,0.7640967741935484,0.6481656151202818
70000,70,0.7,0.6367026873887001,1.714177429676056
70000,71,0.7560975609756098,0.7136505760567323,0.7214915690322717
70000,72,0.8024691358024691,0.7893004115226337,0.5467675327090546
70000,73,0.2911392405063291,0.1312980888557955,5.257131656010945
70000,74,0.5945945945945946,0.5330543330543331,3.634932662049929
70000,75,0.8375,0.7801308032424465,1.149923568746696
80000,15,0.6590909090909091,0.5433193017317262,3.0284543681967384
80000,16,0.6847826086956522,0.6142857142857142,1.2219500199425966
80000,17,0.5054945054945055,0.45372960372960375,2.9728291829427085
80000,18,0.5913978494623656,0.5023511516976988,2.6738596434394517
80000,19,0.5978260869565217,0.49173147439255344,3.349162958872815
80000,20,0.6179775280898876,0.5332024721672279,1.8357791354258854
80000,21,0.7674418604651163,0.7511256313795642,0.739200796931982
80000,22,0.7608695652173914,0.7345191040843215,0.8153721923008561
80000,23,0.5824175824175825,0.4881748232791876,1.8211910376946132
80000,24,0.7865168539325843,0.7140758118286208,1.2480850665209193
80000,25,0.7956989247311828,0.7291315136476426,0.6994484315315882
80000,26,0.5875,0.5395512820512821,1.9965856969356537
80000,27,0.5434782608695652,0.46717307839441347,1.3972630103429158
80000,28,0.6125,0.5618661379476086,2.1207671761512756
80000,29,0.7,0.6014285714285714,2.040219202016791
80000,30,0.6363636363636364,0.5703678963248341,2.5191174993912377
80000,31,0.691358024691358,0.584748590398308,2.6451612945335605
80000,32,0.7,0.6935737882109366,0.6296946535197397
80000,33,0.7228915662650602,0.663054026058987,1.1467677801847458
80000,34,0.6590909090909091,0.5666757982318721,1.40920194486777
80000,35,0.7471264367816092,0.7136240703177823,0.7200290141627192
80000,36,0.7926829268292683,0.7779633822863428,0.8671410866081715
80000,37,0.8271604938271605,0.8111626447984583,1.2865192303434014
80000,38,0.7764705882352941,0.7056668145387868,1.51613281032769
80000,39,0.717391304347826,0.6714101057579319,1.8046758954102795
80000,40,0.5853658536585366,0.5470618503653392,1.8434411883354187
80000,41,0.6385542168674698,0.5457053779025878,3.5686493118604026
80000,42,0.5882352941176471,0.5262735914446112,1.295411507288615
80000,43,0.65,0.6085,2.2746323347091675
80000,44,0.6875,0.6089539037107259,2.7190987893069782
80000,45,0.8222222222222222,0.7579613405645946,0.7920107682002708
80000,46,0.6781609195402298,0.5949183303085299,1.2753845810269315
80000,47,0.6829268292682927,0.5891016444101094,1.9490773102346186
80000,48,0.7586206896551724,0.7058675341849246,1.1103916291613132
80000,49,0.5494505494505495,0.4752317615442527,2.5367653717597327
80000,50,0.775,0.7185196965989723,1.3968711085617542
80000,51,0.6785714285714286,0.5850451291627763,2.8277219678275287
80000,52,0.825,0.7809923537234043,1.0928640067577362
80000,53,0.6511627906976745,0.53125,2.828192595867828
80000,54,0.875,0.8433779761904763,1.336412200781827
80000,55,0.8505747126436781,0.7956837907576825,0.8324685688130558
80000,56,0.7,0.6014285714285714,2.8731103967875242
80000,57,0.7125,0.6054531496603308,1.5604178390931338
80000,58,0.7763157894736842,0.704854124748491,1.779314645876487
80000,59,0.7777777777777778,0.7186691776522285,0.9201182603525618
80000,60,0.4,0.3224378411158278,3.8146838943163552
80000,61,0.49411764705882355,0.4621885450664559,2.0321429123481116
80000,62,0.788235294117647,0.735905973419847,0.9300295353556672
80000,63,0.7375,0.7008064516129032,1.1582461819052696
80000,64,0.7407407407407407,0.6719669625727571,1.5202217712067068
80000,65,0.9090909090909091,0.8991735537190084,0.29630074681093294
80000,66,0.675,0.5894345238095238,1.2409803345799446
80000,67,0.7875,0.7569483901515153,1.2836982421965029
80000,68,0.6666666666666666,0.6353504836552348,0.7840513984362284
80000,69,0.7625,0.7013680033416876,1.4037701024208218
80000,70,0.775,0.7373903508771931,2.552814437697331
80000,71,0.7439024390243902,0.6915597397404674,1.129927655061086
80000,72,0.7283950617283951,0.6736994586456952,1.4149721375433728
80000,73,0.2911392405063291,0.1312980888557955,4.894290208816528
80000,74,0.4864864864864865,0.4078489448352462,4.314780831336975
80000,75,0.7125,0.645497557997558,2.6466745093930513
90000,15,0.6704545454545454,0.5638888888888889,3.860641101608053
90000,16,0.7282608695652174,0.6895211380484872,0.8938844464719296
90000,17,0.6153846153846154,0.6038145899119087,0.9764611919720968
90000,18,0.7634408602150538,0.7292208727796657,0.703473687171936
90000,19,0.6304347826086957,0.5972630960543784,0.8834172586599985
90000,20,0.6629213483146067,0.612118863959236,1.2681176662445068
90000,21,0.7906976744186046,0.7835153712212926,0.5111527840296427
90000,22,0.5543478260869565,0.5596874856111945,1.561928669611613
90000,23,0.4175824175824176,0.3687264556829774,2.243039141098658
90000,24,0.6404494382022472,0.5879866631752116,1.3203012918432553
90000,25,0.7849462365591398,0.720524193548387,1.02482753743728
90000,26,0.45,0.32194597069597075,2.1191166241963706
90000,27,0.40217391304347827,0.27276887871853545,3.526119867960612
90000,28,0.6375,0.5550218579234972,3.3323664975663028
90000,29,0.7125,0.6782173515339149,1.0321789036194484
90000,30,0.75,0.6793190593190593,1.5456796536842983
90000,31,0.691358024691358,0.5661145717642893,3.5635710294979313
90000,32,0.34444444444444444,0.23503459503459503,5.17071916659673
90000,33,0.4819277108433735,0.43373952375644603,1.8550286889076233
90000,34,0.6931818181818182,0.6012032085561496,1.7715226622919242
90000,35,0.42528735632183906,0.34290883175264514,3.6751354336738586
90000,36,0.8170731707317073,0.8179599696104372,0.5568298647801081
90000,37,0.7530864197530864,0.7145752890181751,0.9795098155736923
90000,38,0.8941176470588236,0.8968804285639984,0.37411443640788394
90000,39,0.532608695652174,0.4592171569201922,2.3519474542699754
90000,40,0.2804878048780488,0.12406191369606004,5.066579341888428
90000,41,0.43373493975903615,0.41928217069960516,3.1956438521544137
90000,42,0.5411764705882353,0.47068686934233156,2.1471707026163735
90000,43,0.6625,0.6216666666666667,2.539660334587097
90000,44,0.7875,0.7627069199457259,0.9089506560315689
90000,45,0.8666666666666667,0.8664655017114034,0.4114630197485288
90000,46,0.7931034482758621,0.774429311954667,0.6661506067030132
90000,47,0.7317073170731707,0.672013580931264,1.485468113174041
90000,48,0.9195402298850575,0.9156930652209798,0.21880265573660532
90000,49,0.43956043956043955,0.39603633425838974,1.3863206108411152
90000,50,0.3625,0.2733198051948052,1.7162059744199116
90000,51,0.6666666666666666,0.5562363834422658,2.3050471458894513
90000,52,0.5625,0.49558746048472074,0.7969989279905955
90000,53,0.8488372093023255,0.7872276863682324,0.7240175129845738
90000,54,0.7875,0.7593964629120878,2.9895129576325417
90000,55,0.8505747126436781,0.7956837907576825,0.5227825089047352
90000,56,0.775,0.7146173708920188,1.1255702530809988
90000,57,0.7375,0.685522575250836,1.5956950585047405
90000,58,0.7894736842105263,0.7210247445960468,2.448856274597347
90000,59,0.9135802469135802,0.9107421597843054,0.3209639308042824
90000,60,0.4,0.3224378411158278,3.987826108932495
90000,61,0.3058823529411765,0.18084523129640204,4.509493410587311
90000,62,0.7647058823529411,0.7156617647058824,1.0428890989472468
90000,63,0.85,0.83218702301806,0.7790583477665981
90000,64,0.7901234567901234,0.7901734846862282,0.46897772947947186
90000,65,0.6477272727272727,0.5591754136274685,1.872909050822879
90000,66,0.8,0.7440563165905631,0.9956724345684052
90000,67,0.6625,0.5914285714285714,1.6322660495837529
90000,68,0.9135802469135802,0.9146459194768373,0.2574080427487691
90000,69,0.8125,0.7700892857142857,1.4457914590214689
90000,70,0.675,0.6241935483870968,1.4771480560302734
90000,71,0.8902439024390244,0.8815598616547851,0.4582673783103625
90000,72,0.8395061728395061,0.8044306310972977,0.6896219225600362
90000,73,0.3670886075949367,0.26803391755923406,4.0560211936632795
90000,74,0.4864864864864865,0.4015219864276468,5.578788260618846
90000,75,0.8625,0.8579675716440424,0.49828709041078884
100000,15,0.6363636363636364,0.5042424242424243,3.3782380911676833
100000,16,0.7065217391304348,0.6500199808184143,1.055244199776401
100000,17,0.5494505494505495,0.4903718158510728,3.579210231701533
100000,18,0.7419354838709677,0.6738586967825128,0.6958861897389094
100000,19,0.6521739130434783,0.575228832951945,1.6826062904049952
100000,20,0.6404494382022472,0.5702708262399274,1.599384384850661
100000,21,0.8023255813953488,0.7815643698723089,0.9013553146893779
100000,22,0.8152173913043478,0.8080591218038624,0.6610541927317778
100000,23,0.6263736263736264,0.6058673842379683,1.1659960349400837
100000,24,0.7752808988764045,0.7054253963705385,1.4362185484108825
100000,25,0.7956989247311828,0.7796100673520028,0.5816464188198248
100000,26,0.5625,0.4881937984496124,2.483759641647339
100000,27,0.2826086956521739,0.16171713250517597,5.0472328662872314
100000,28,0.7125,0.6362628998968008,2.6017962532738843
100000,29,0.675,0.6288931888544892,1.4784384469191234
100000,30,0.7159090909090909,0.6652493243402334,1.418944351375103
100000,31,0.7407407407407407,0.6801506591337099,2.6226346978607276
100000,32,0.4222222222222222,0.3774538059241223,3.7882229878256717
100000,33,0.8313253012048193,0.8078982597054887,0.6629875510310134
100000,34,0.625,0.49971567603848166,1.8340218948821227
100000,35,0.8505747126436781,0.8406772900420812,0.4200752979765336
100000,36,0.7560975609756098,0.7295586527293845,1.0704038093487422
100000,37,0.8518518518518519,0.8398909732243065,0.9284129462515315
100000,38,0.7176470588235294,0.6681772478261992,1.0463203013253708
100000,39,0.5978260869565217,0.5020747953450632,1.172665294415007
100000,40,0.7926829268292683,0.7600174216027874,1.0105376997962594
100000,41,0.6144578313253012,0.5326426097510435,3.3303865691026053
100000,42,0.4235294117647059,0.28620571035431713,3.9981593688329062
100000,43,0.6875,0.6420721891313848,2.3637096881866455
100000,44,0.7375,0.6638291855203621,2.193500562532184
100000,45,0.7666666666666667,0.7388304093567252,0.7184253932597736
100000,46,0.7816091954022989,0.7504105090311985,0.5560419958783314
100000,47,0.6829268292682927,0.5964570693461746,1.7275827073026448
100000,48,0.6436781609195402,0.6100074962518741,0.9016293336947759
100000,49,0.6153846153846154,0.5650276621336934,1.1307429894804955
100000,50,0.875,0.8464565826330531,0.7758313260662059
100000,51,0.8095238095238095,0.7844917028596334,1.0167340248202283
100000,52,0.85,0.8,0.6637491791819533
100000,53,0.7325581395348837,0.6673090323142584,1.2101386379023704
100000,54,0.8125,0.7649171737660583,3.0841903030717126
100000,55,0.8505747126436781,0.7956837907576825,1.3082262572521965
100000,56,0.8125,0.751250690989497,1.2697004847771798
100000,57,0.725,0.63474672257567,1.2056680439660947
100000,58,0.7368421052631579,0.6389560758513932,1.6304556879525383
100000,59,0.8024691358024691,0.7665586652514758,0.7518279058858752
100000,60,0.4823529411764706,0.41234909650134566,3.4756142695744834
100000,61,0.5411764705882353,0.5109057406094969,1.3997723857561748
100000,62,0.788235294117647,0.7208460195672473,1.4165346277877688
100000,63,0.85,0.8363309859154929,1.0086493942265709
100000,64,0.8395061728395061,0.8102292768959435,0.5821447231185933
100000,65,0.8409090909090909,0.83937662591595,0.43519138793150586
100000,66,0.6875,0.5976808785529716,3.386039361357689
100000,67,0.825,0.7854074074074074,0.7238764180025706
100000,68,0.7407407407407407,0.6910566040107338,1.0226082305113475
100000,69,0.8625,0.8179748822605966,0.5382710862904787
100000,70,0.5875,0.531538178107817,2.6416645844777427
100000,71,0.7560975609756098,0.6970770710905403,1.5122175564368565
100000,72,0.7407407407407407,0.6942974720752498,1.0984254149952903
100000,73,0.35443037974683544,0.24799274710330574,4.286964237689972
100000,74,0.7297297297297297,0.6764072343019711,1.7599907914797466
100000,75,0.775,0.7136740986717267,1.936999644249833
110000,15,0.6818181818181818,0.6217043314500942,2.8375649073471627
110000,16,0.6521739130434783,0.5760992315812732,1.9377719772358735
110000,17,0.5384615384615384,0.5125925287650355,3.232102334499359
110000,18,0.5698924731182796,0.4743263123901108,3.0866590092579522
110000,19,0.6086956521739131,0.4989395546129375,3.3809179475841424
110000,20,0.7078651685393258,0.663272666859071,1.508465542147557
110000,21,0.8255813953488372,0.7829588132525708,0.5148393091124793
110000,22,0.717391304347826,0.6867646845907714,1.1657410313685734
110000,23,0.6153846153846154,0.5153000845308537,1.8681731944282849
110000,24,0.797752808988764,0.7439474145700201,0.6823141081258655
110000,25,0.44086021505376344,0.3798143286771204,2.351510852575302
110000,26,0.75,0.7032805429864254,1.555914469063282
110000,27,0.45652173913043476,0.36081883431663603,1.5153687993685405
110000,28,0.65,0.5646033129904098,1.8234564984838169
110000,29,0.7,0.6313950892857143,1.3987041314442952
110000,30,0.7954545454545454,0.7839069380039337,0.9290256748596827
110000,31,0.691358024691358,0.5661145717642893,2.24845673890862
110000,32,0.8555555555555555,0.8286957531335342,1.0769899698595207
110000,33,0.8313253012048193,0.813854130501525,0.4344838857650757
110000,34,0.5909090909090909,0.46972128994600904,3.3967439383268356
110000,35,0.6551724137931034,0.5490716180371353,2.9534162176617733
110000,36,0.8170731707317073,0.8089685358195811,0.5612848475575447
110000,37,0.8024691358024691,0.7818395596173373,1.1639778564373653
110000,38,0.6823529411764706,0.5808327541542933,2.9550375146209262
110000,39,0.6630434782608695,0.6439537374170058,1.068621963262558
110000,40,0.7439024390243902,0.7117207229662248,1.2484315931797028
110000,41,0.27710843373493976,0.14651710289433598,5.0126867691675825
110000,42,0.8,0.7490269960021239,0.6971167127291361
110000,43,0.625,0.5725409836065574,2.356718043486277
110000,44,0.6875,0.5924214517876489,2.8137249927967787
110000,45,0.7666666666666667,0.7299857979960637,0.8371644873792926
110000,46,0.7011494252873564,0.6584987740963177,1.3230099348972242
110000,47,0.6829268292682927,0.5988780714304589,2.4678452434018254
110000,48,0.8045977011494253,0.7832473071640281,0.6386870058486238
110000,49,0.5934065934065934,0.5202738059880917,2.1147156407435737
110000,50,0.8125,0.7598909145580898,1.7031377600505948
110000,51,0.7380952380952381,0.6868655952189896,1.756419679770867
110000,52,0.8375,0.8301270417422868,0.5173607735584179
110000,53,0.8488372093023255,0.7941613062840177,1.0635844874195755
110000,54,0.85,0.8281571722717913,1.2867152864734333
110000,55,0.8390804597701149,0.7846050379065785,0.5516795262228698
110000,56,0.7,0.6014285714285714,2.6575085691098743
110000,57,0.7125,0.6041329284750337,1.4771295270572107
110000,58,0.7368421052631579,0.6424087178731143,1.6488934991260369
110000,59,0.7777777777777778,0.7263361962083813,1.1099683191860095
110000,60,0.4,0.3224378411158278,3.890054623285929
110000,61,0.6235294117647059,0.6164049514478174,1.1007628788550694
110000,62,0.8,0.7245237191650853,2.0184906839082637
110000,63,0.525,0.4802655677655678,2.3322512159744897
110000,64,0.6790123456790124,0.632932932932933,2.593504955371221
110000,65,0.8977272727272727,0.8883368469765529,0.4885078202156971
110000,66,0.7,0.5810697674418605,4.2538810617600875
110000,67,0.8375,0.8219494047619047,0.5329773686826229
110000,68,0.7901234567901234,0.7398687732021064,1.1244654854138691
110000,69,0.8,0.7557376373626373,0.8003800745937042
110000,70,0.775,0.7320622171945702,2.4576497046897807
110000,71,0.6585365853658537,0.5824365216599927,2.2073540886243186
110000,72,0.7160493827160493,0.6444444444444445,1.3779884380055591
110000,73,0.4050632911392405,0.3230278636566918,4.209496815999349
110000,74,0.6891891891891891,0.6281525015854814,2.08873342971007
110000,75,0.825,0.8005735930735931,1.0038574047309037
120000,15,0.6590909090909091,0.5948211624441132,2.158873600574831
120000,16,0.5869565217391305,0.48604062991094815,1.98347203930219
120000,17,0.5274725274725275,0.4825076427332067,2.325333297252655
120000,18,0.2903225806451613,0.16974376974376976,4.1601875225702925
120000,19,0.5978260869565217,0.493421159964108,3.381212001045545
120000,20,0.6629213483146067,0.6023212742313866,1.524493760118882
120000,21,0.8023255813953488,0.764637234626261,0.792004331946373
120000,22,0.75,0.7173788861617578,1.8118408421675365
120000,23,0.6703296703296703,0.6044418739155581,1.3728305008262396
120000,24,0.7752808988764045,0.7442228956518161,0.763160607467095
120000,25,0.6989247311827957,0.6620765256249127,1.0971157401800156
120000,26,0.6375,0.6294358781248348,1.0176288783550262
120000,27,0.6847826086956522,0.6575172351001386,1.0725569675366085
120000,28,0.7,0.5948529411764707,2.4655455445560315
120000,29,0.6375,0.5550218579234972,3.100553701321284
120000,30,0.6590909090909091,0.6166484655905721,1.8650239904721577
120000,31,0.7407407407407407,0.6726340035181626,2.63791288928284
120000,32,0.6111111111111112,0.5682941573085956,3.1452560431013503
120000,33,0.7469879518072289,0.7138792540826727,1.101840501030286
120000,34,0.5454545454545454,0.4299465240641712,2.1934008399645486
120000,35,0.41379310344827586,0.32,5.260921875635783
120000,36,0.7073170731707317,0.6776265876138023,0.6907512843608856
120000,37,0.8024691358024691,0.7936863242346701,1.1467520892620087
120000,38,0.7764705882352941,0.7039215686274511,1.4039779692733039
120000,39,0.8260869565217391,0.790796713942494,0.3818574169029792
120000,40,0.7317073170731707,0.7367475766103816,0.78921972711881
120000,41,0.40963855421686746,0.38257355440571056,3.268636484940847
120000,42,0.43529411764705883,0.3089653120612873,1.8885642687479656
120000,43,0.625,0.516015625,2.9214999278386435
120000,44,0.725,0.6498424369747899,3.224986552920503
120000,45,0.9,0.8975792786250303,0.22437422334526977
120000,46,0.632183908045977,0.535069292885203,2.759927903612455
120000,47,0.6951219512195121,0.6195926025194318,2.968574274564162
120000,48,0.8045977011494253,0.7664905405480845,0.6306669427237163
120000,49,0.5054945054945055,0.4680566009333133,3.4541660249233246
120000,50,0.8,0.7514285714285714,0.6688060232748588
120000,51,0.7380952380952381,0.686917520044455,1.5077933790162206
120000,52,0.85,0.8,0.5168958958238363
120000,53,0.6744186046511628,0.5784786062137035,1.4907730961761747
120000,54,0.8125,0.7701034482758621,2.1057906492302814
120000,55,0.8505747126436781,0.7956837907576825,0.9427682912598053
120000,56,0.75,0.6814368739368739,1.3523801101837307
120000,57,0.7,0.59239010989011,1.7038122943292062
120000,58,0.8421052631578947,0.8055493210638537,0.9289287847156326
120000,59,0.7901234567901234,0.7388414055080722,1.3925269208072375
120000,60,0.4235294117647059,0.350459011980078,3.91323322057724
120000,61,0.5176470588235295,0.4335828877005347,1.5125172237555187
120000,62,0.8,0.7202107961828799,1.615305943414569
120000,63,0.8,0.7778773812394503,1.7840149042507012
120000,64,0.9259259259259259,0.9243697478991596,0.3998156916350126
120000,65,0.9090909090909091,0.9071212121212121,0.5434398353099823
120000,66,0.725,0.6515697674418603,1.340904305378596
120000,67,0.7875,0.771817285750507,0.7848688223554442
120000,68,0.8765432098765432,0.863940329218107,0.319748821357886
120000,69,0.7875,0.729429945054945,0.9312341840704903
120000,70,0.7,0.6485604469060351,3.0103641897439957
120000,71,0.7317073170731707,0.6912328863548376,1.9485002756118774
120000,72,0.7777777777777778,0.7319223985890653,1.8974098414182663
120000,73,0.34177215189873417,0.2269753607909123,4.358310341835022
120000,74,0.7297297297297297,0.6577231777231777,2.523383075992266
120000,75,0.85,0.7905172413793103,1.2366531871569653
130000,15,0.6363636363636364,0.5208369408369408,3.451495694501015
130000,16,0.5978260869565217,0.548414852885499,1.8270794848601024
130000,17,0.3076923076923077,0.20633563739153804,2.7590333620707193
130000,18,0.8064516129032258,0.8029702603607274,0.5518868739406267
130000,19,0.6086956521739131,0.4989395546129375,2.371152701166769
130000,20,0.25842696629213485,0.10709585990484866,3.95318071047465
130000,21,0.6976744186046512,0.6642160070974592,0.7342477440834045
130000,22,0.7717391304347826,0.7687568809580173,0.5900686383247375
130000,23,0.4945054945054945,0.45017999242137174,1.8822646737098694
130000,24,0.7528089887640449,0.7003748218327555,0.9475222875674566
130000,25,0.7634408602150538,0.7010700992555831,1.0141708875695865
130000,26,0.525,0.48531250000000004,1.6570786237716675
130000,27,0.40217391304347827,0.30747662167099504,2.0106513102849326
130000,28,0.4375,0.36532967032967034,7.492283344268799
130000,29,0.4,0.4088032581453634,1.5372978548208873
130000,30,0.7727272727272727,0.7496069656881137,0.8003049244483312
130000,31,0.691358024691358,0.5661145717642893,2.9118753346653343
130000,32,0.35555555555555557,0.24636752136752138,2.397243936856588
130000,33,0.7710843373493976,0.7553335875547631,0.6720968609054884
130000,34,0.6704545454545454,0.6060552835142999,1.8345079620679219
130000,35,0.4367816091954023,0.3645590120790877,3.6523884435494742
130000,36,0.7073170731707317,0.6881991564276545,0.8978334801892439
130000,37,0.8148148148148148,0.7618840697422569,1.0919032922635477
130000,38,0.6,0.6093257302921168,1.7732058266798656
130000,39,0.8369565217391305,0.8286072623029144,0.3440927650469045
130000,40,0.3902439024390244,0.32404147723413274,2.908618211746216
130000,41,0.6024096385542169,0.5223203926818384,3.6351889073848724
130000,42,0.4588235294117647,0.2986472108223134,2.883353590965271
130000,43,0.6375,0.5307539682539683,2.8470403601725898
130000,44,0.725,0.6558410514392324,1.9473085636273026
130000,45,0.4444444444444444,0.36281601439496175,1.635627547899882
130000,46,0.45977011494252873,0.3870958183636431,2.5259759972492852
130000,47,0.7439024390243902,0.6860825845100557,1.0603706372591357
130000,48,0.9310344827586207,0.9272120946997795,0.20485899543079236
130000,49,0.37362637362637363,0.306427664476445,2.2044206460316977
130000,50,0.5125,0.4349873645110218,1.7964151899019878
130000,51,0.6785714285714286,0.5944399152695905,3.0211069251721105
130000,52,0.525,0.4280555555555555,1.6804916858673096
130000,53,0.7209302325581395,0.6501162790697674,1.5157624749311556
130000,54,0.875,0.8433779761904763,1.3720774633499484
130000,55,0.5747126436781609,0.5012370005473453,1.0549725492795308
130000,56,0.75,0.6864461358313816,1.5211133813718334
130000,57,0.7375,0.6748029556650247,0.9580405838787556
130000,58,0.7763157894736842,0.7125461996736614,2.131098587065935
130000,59,0.5679012345679012,0.5091358024691358,1.4360832870006561
130000,60,0.4235294117647059,0.350459011980078,3.3693712254365287
130000,61,0.3058823529411765,0.18084523129640204,5.0381239255269366
130000,62,0.5764705882352941,0.5081984556778006,2.1546049416065216
130000,63,0.3625,0.26889999138599363,3.158901631832123
130000,64,0.5802469135802469,0.486876301369055,0.8350128183762232
130000,65,0.7840909090909091,0.7437801656938601,0.6406528210888306
130000,66,0.8375,0.7903115375503436,2.527088552713394
130000,67,0.9,0.8875,0.30194940018312383
130000,68,0.654320987654321,0.6547455571620885,0.9179976383845011
130000,69,0.725,0.6721604215456674,1.4759695124036323
130000,70,0.4125,0.3316062569606156,3.979005455970764
130000,71,0.8170731707317073,0.7924243476973205,0.6414109282195568
130000,72,0.8395061728395061,0.7877124183006536,0.9218721530633047
130000,73,0.2911392405063291,0.1312980888557955,5.010796030362447
130000,74,0.5405405405405406,0.4737160228685652,2.8263687590758004
130000,75,0.725,0.6900686813186814,1.1996814931432407
140000,15,0.75,0.693835252797517,2.3321229363791645
140000,16,0.7608695652173914,0.719100947361817,0.7910182224586606
140000,17,0.4065934065934066,0.2771446240833996,2.815157651901245
140000,18,0.7956989247311828,0.7847903888414687,0.6388111164172491
140000,19,0.6739130434782609,0.6379313621161448,1.215004454056422
140000,20,0.5955056179775281,0.5157273757482052,1.6401998897393544
140000,21,0.6744186046511628,0.6368991364442191,0.6072414567073187
140000,22,0.8152173913043478,0.8107869651483782,0.7442115048567454
140000,23,0.34065934065934067,0.2436622146991732,2.514143407344818
140000,24,0.6179775280898876,0.5351649849543109,1.8678976815814774
140000,25,0.7634408602150538,0.7209212158808933,0.8733127228915691
140000,26,0.8875,0.8808701582105837,0.5532741914503276
140000,27,0.5978260869565217,0.5750763010356583,1.4677641987800598
140000,28,0.8375,0.7909511434511434,1.5470834722121556
140000,29,0.5875,0.573890137450329,0.9248825212319692
140000,30,0.48863636363636365,0.4625535439636199,2.7261543571949005
140000,31,0.691358024691358,0.5799037455534631,2.375871627785576
140000,32,0.5,0.4697616393268567,3.2952610651652017
140000,33,0.6626506024096386,0.6164459436294012,1.524222493171692
140000,34,0.7272727272727273,0.6785548866552856,0.9657647411028544
140000,35,0.8620689655172413,0.8103448275862069,0.6594681990488122
140000,36,0.7560975609756098,0.7099496709252807,1.2181371326247852
140000,37,0.7160493827160493,0.6731385629936354,2.2927046294013658
140000,38,0.7294117647058823,0.6619478338290942,1.7814100949714582
140000,39,0.7934782608695652,0.7169237841254769,1.0267261875172455
140000,40,0.6097560975609756,0.5907968796287153,1.7738448878129323
140000,41,0.2891566265060241,0.1596547480243555,4.06435759862264
140000,42,0.47058823529411764,0.30740234078127376,2.7908339500427246
140000,43,0.7375,0.6851438492063492,1.9888375401496887
140000,44,0.7875,0.7308064516129031,1.3969399459892884
140000,45,0.8555555555555555,0.8448872902687504,0.4377543280522029
140000,46,0.6436781609195402,0.6321905548466461,0.8381036023298899
140000,47,0.8780487804878049,0.8690370555084858,0.5778830715765556
140000,48,0.7471264367816092,0.7348290124291954,0.5952924688657125
140000,49,0.6593406593406593,0.6011979092336235,1.584127962589264
140000,50,0.6,0.6014650658714462,1.3220526824394863
140000,51,0.6785714285714286,0.5850451291627763,1.8628904735669494
140000,52,0.85,0.8,0.7584357025722662
140000,53,0.8488372093023255,0.7941613062840177,1.0623508393764496
140000,54,0.825,0.7798776223776224,1.1798902713538457
140000,55,0.8275862068965517,0.8098594521588655,0.5613377640644709
140000,56,0.9375,0.9361528998951361,0.17692868621088564
140000,57,0.825,0.8195025354969575,0.4445131669441859
140000,58,0.7368421052631579,0.6418998126775033,2.479815233964473
140000,59,0.6419753086419753,0.6135428357650581,1.3672933131456375
140000,60,0.4235294117647059,0.350459011980078,4.103512525558472
140000,61,0.3058823529411765,0.17539068584185658,4.616005142529805
140000,62,0.6588235294117647,0.5744895555693299,1.609758898615837
140000,63,0.3375,0.21930014430014427,2.9717937111854553
140000,64,0.8395061728395061,0.8086076181314277,0.7805796141425768
140000,65,0.6363636363636364,0.5331937799043062,3.096099899460872
140000,66,0.7125,0.6405380214101145,3.953110252817472
140000,67,0.6375,0.5550218579234972,2.3666459222634635
140000,68,0.6049382716049383,0.5550900663028809,0.9266603787740072
140000,69,0.8625,0.8140417771883289,0.7619603328251591
140000,70,0.35,0.24455100125156443,3.2135048111279807
140000,71,0.8414634146341463,0.8286407549494553,0.7333639947076639
140000,72,0.8518518518518519,0.8024691358024691,0.6547036152333021
140000,73,0.34177215189873417,0.2269753607909123,4.178924600283305
140000,74,0.43243243243243246,0.3487237237237237,2.3301600416501365
140000,75,0.7625,0.7182189542483661,0.7722429673497876
150000,15,0.6590909090909091,0.5433193017317262,3.279609138611704
150000,16,0.5869565217391305,0.4843911749482402,3.859636500477791
150000,17,0.4175824175824176,0.34650787356972923,3.6096567114194236
150000,18,0.6129032258064516,0.5912104057244135,1.7291550636291504
150000,19,0.6086956521739131,0.4989395546129375,4.202592960481222
150000,20,0.5168539325842697,0.4381436326582142,4.314883848031362
150000,21,0.686046511627907,0.6397724893010369,2.209895628194014
150000,22,0.4891304347826087,0.4670476716418816,4.135206778844197
150000,23,0.4835164835164835,0.4535024330823061,2.9579984545707703
150000,24,0.6741573033707865,0.6121961615420135,1.5464039829870064
150000,25,0.6236559139784946,0.5519766598395631,2.0778229410449662
150000,26,0.5625,0.5181502525252526,2.2478990579644837
150000,27,0.43478260869565216,0.3047135523147517,2.92727530002594
150000,28,0.5,0.43427906976744185,5.002393911282222
150000,29,0.3375,0.22277504777504778,2.9432713389396667
150000,30,0.48863636363636365,0.4428419799109454,2.523109257221222
150000,31,0.691358024691358,0.5661145717642893,3.4553441058960743
150000,32,0.7,0.645167080330024,1.8310206457972527
150000,33,0.6144578313253012,0.5464025593901028,2.4877371986707053
150000,34,0.6136363636363636,0.5291667728589512,2.012436548868815
150000,35,0.41379310344827586,0.32,5.143404761950175
150000,36,0.5365853658536586,0.4690073360223059,4.867374166846275
150000,37,0.8024691358024691,0.7762316396092487,0.9251000260313352
150000,38,0.8588235294117647,0.8439775910364146,1.2736495392940317
150000,39,0.6086956521739131,0.531832298136646,2.5959975358564407
150000,40,0.8902439024390244,0.8844795195812392,0.29858660108099383
150000,41,0.27710843373493976,0.13706438657857237,3.7284865379333496
150000,42,0.4,0.2718954248366013,3.074342886606852
150000,43,0.675,0.5569298245614035,3.3678333262602487
150000,44,0.6875,0.5924214517876489,3.292656109435484
150000,45,0.5555555555555556,0.4666925064599483,3.661646284162998
150000,46,0.6436781609195402,0.5410871973944867,3.5875082093601427
150000,47,0.6585365853658537,0.5642200889914305,3.390894869963328
150000,48,0.7126436781609196,0.6404951370468612,1.725946621891732
150000,49,0.5494505494505495,0.46001010483769106,4.171150291959445
150000,50,0.5625,0.5225961538461539,2.581363889078299
150000,51,0.6666666666666666,0.5619274658453763,4.009192190909137
150000,52,0.3125,0.17379773691654882,2.9681508541107178
150000,53,0.8837209302325582,0.8527386780905754,0.3136444101110101
150000,54,0.475,0.39676759410801965,4.191630760828654
150000,55,0.6551724137931034,0.5658216553823545,2.0109720366696515
150000,56,0.7,0.6014285714285714,3.747716664103791
150000,57,0.625,0.5452631578947369,2.632326230406761
150000,58,0.8157894736842105,0.7694217939214232,1.7651338316500187
150000,59,0.7530864197530864,0.7078256106033884,1.4460747527579467
150000,60,0.4,0.3224378411158278,4.130821704864502
150000,61,0.36470588235294116,0.2760662348816507,2.3317110538482666
150000,62,0.6588235294117647,0.5541960784313725,3.1011720042054853
150000,63,0.3375,0.2245487082098585,5.747734944025676
150000,64,0.5925925925925926,0.5529523490307804,2.844313641389211
150000,65,0.875,0.8435246782488549,0.6465253903297707
150000,66,0.7125,0.6752253878255358,2.0593749483426413
150000,67,0.7125,0.7122173913043478,0.9654377337234715
150000,68,0.7407407407407407,0.6791527071096963,1.969771054883798
150000,69,0.7,0.6014285714285714,5.026704722084105
150000,70,0.6125,0.5557477678571429,1.6560728351275127
150000,71,0.6707317073170732,0.6027039282134504,3.004396731654803
150000,72,0.7530864197530864,0.690631808278867,1.3407606609010447
150000,73,0.46835443037974683,0.40104179418749847,4.53900424639384
150000,74,0.6081081081081081,0.5656167445641129,1.7240220109621684
150000,75,0.7,0.6014285714285714,3.0671787336468697
160000,15,0.7159090909090909,0.6329365079365079,2.772025933722034
160000,16,0.782608695652174,0.7695826994927445,0.7889359034597874
160000,17,0.5604395604395604,0.5226187346488098,2.0782296458880105
160000,18,0.6344086021505376,0.5624841772151898,2.8747048998872438
160000,19,0.6086956521739131,0.4989395546129375,2.0148278513612845
160000,20,0.7865168539325843,0.7662048859380322,0.8403141858677069
160000,21,0.7674418604651163,0.7160041241837551,0.7463923444350561
160000,22,0.8804347826086957,0.8742930122240467,0.4143998386959235
160000,23,0.7252747252747253,0.6667192604692604,1.019465945661068
160000,24,0.7865168539325843,0.7408245030650419,0.8161296961673846
160000,25,0.8064516129032258,0.7419354838709677,0.8256672763576111
160000,26,0.9,0.9011419382504288,0.2920212894678116
160000,27,0.41304347826086957,0.28108948938903405,2.168719530105591
160000,28,0.8625,0.8362394957983194,0.42282962550719577
160000,29,0.725,0.6606391402714932,2.516536667943001
160000,30,0.7272727272727273,0.6991011638070462,1.7657829175392787
160000,31,0.691358024691358,0.5661145717642893,3.363161165829903
160000,32,0.4666666666666667,0.4330578981741772,2.0089801847934723
160000,33,0.8433734939759037,0.8082461595714607,0.6453712893029054
160000,34,0.6477272727272727,0.5199823643190352,2.930312441661954
160000,35,0.42528735632183906,0.34290883175264514,2.5838269193967185
160000,36,0.7682926829268293,0.7523065214350811,0.7161918977896372
160000,37,0.7283950617283951,0.7371259588364851,1.4179800848166149
160000,38,0.5058823529411764,0.480209371884347,2.926910474896431
160000,39,0.5,0.48316744730679156,1.6808203359444935
160000,40,0.7073170731707317,0.67492142233771,0.8969223002592722
160000,41,0.3373493975903614,0.22642424903232838,3.9941408038139343
160000,42,0.5058823529411764,0.4323897980244729,1.741886576016744
160000,43,0.6625,0.5468032786885246,3.3166098594665527
160000,44,0.7,0.6204649827784157,2.6928255604580045
160000,45,0.8555555555555555,0.8305112721417071,0.3318097766799231
160000,46,0.9425287356321839,0.9416769842733332,0.14978398743551224
160000,47,0.8780487804878049,0.8665961891817062,0.36357518021638197
160000,48,0.8505747126436781,0.8343747964074643,0.42270252108573914
160000,49,0.6373626373626373,0.5953242293323265,0.93056687215964
160000,50,0.8875,0.8821555030114812,0.3374228850007057
160000,51,0.8333333333333334,0.818475492963984,0.7478880456571156
160000,52,0.85,0.8,0.46968185901641846
160000,53,0.6511627906976745,0.53125,2.4340539559101066
160000,54,0.8,0.7752425876010782,1.025861623386542
160000,55,0.8390804597701149,0.7867688378033205,1.1200087169806163
160000,56,0.725,0.6665039978678038,1.160143453705435
160000,57,0.6875,0.5856965174129354,2.0364661601682505
160000,58,0.7368421052631579,0.6300438596491228,2.374570087219278
160000,59,0.8641975308641975,0.8376974745769072,0.7057085248331229
160000,60,0.49411764705882355,0.4235650007626213,3.245311682422956
160000,61,0.4588235294117647,0.3824224764490654,1.666111131509145
160000,62,0.8235294117647058,0.7733209494324046,1.0025502753754456
160000,63,0.725,0.6625122512622512,1.8394339840548735
160000,64,0.654320987654321,0.6445606862273529,0.7617829044659933
160000,65,0.8409090909090909,0.8255328355118272,0.47017453083147603
160000,66,0.725,0.6478197674418604,3.9216009428103766
160000,67,0.925,0.9154615384615384,0.32420198634887737
160000,68,0.8024691358024691,0.7665586652514758,0.7559064645320177
160000,69,0.775,0.7806442646023927,0.7946761399507523
160000,70,0.7,0.6272077584577584,1.402393748362859
160000,71,0.7317073170731707,0.6566114691247247,1.3155642996231716
160000,72,0.8395061728395061,0.7907785336356765,1.2757035685547937
160000,73,0.35443037974683544,0.24799274710330574,4.378921250502269
160000,74,0.7162162162162162,0.6628470099058335,1.5590765873591106
160000,75,0.85,0.8189565826330533,0.5783039968616018
170000,15,0.29545454545454547,0.2174242424242424,6.93594487508138
170000,16,0.6847826086956522,0.6318717759764185,0.9718390018679202
170000,17,0.6043956043956044,0.5625229973646264,1.6852259238560994
170000,18,0.6559139784946236,0.5890002780867631,1.6969786981741588
170000,19,0.6304347826086957,0.5415760869565218,1.7087134129057329
170000,20,0.6741573033707865,0.6241318525148521,1.1073745495329301
170000,21,0.8372093023255814,0.7969065975733063,0.6988347247242928
170000,22,0.7282608695652174,0.6896079005010952,1.917042536040147
170000,23,0.7802197802197802,0.7615004450169286,0.8163085744405786
170000,24,0.8202247191011236,0.7973879841613759,0.6646429827281585
170000,25,0.6666666666666666,0.5967194096226354,1.1702156104147434
170000,26,0.8,0.7977550547924063,0.5315022170543671
170000,27,0.43478260869565216,0.4150131051495529,2.1372654835383096
170000,28,0.85,0.8,1.6746302533429116
170000,29,0.725,0.6597919058553388,1.8452358258267243
170000,30,0.7386363636363636,0.6939416792357969,0.7699536134799322
170000,31,0.691358024691358,0.5661145717642893,2.7971388157554125
170000,32,0.4666666666666667,0.4314693580651027,5.046392450109124
170000,33,0.8433734939759037,0.8301457578566013,0.5619054002066454
170000,34,0.6477272727272727,0.5199823643190352,5.286062966217287
170000,35,0.41379310344827586,0.32,3.4165433049201965
170000,36,0.8414634146341463,0.8245262833088207,1.2994404435157776
170000,37,0.8024691358024691,0.7794592596524964,1.5796995436151822
170000,38,0.611764705882353,0.5800404068397614,2.0379681984583535
170000,39,0.5,0.4801849075462269,3.3596849789222083
170000,40,0.7195121951219512,0.6654005352223119,1.4723036612073581
170000,41,0.6626506024096386,0.5604809962418809,2.5055475682020187
170000,42,0.4470588235294118,0.3217927170868347,3.953161040941874
170000,43,0.675,0.5569298245614035,2.602733055750529
170000,44,0.775,0.7162639185027245,1.740369119681418
170000,45,0.8555555555555555,0.8229252208535522,0.3888277253136039
170000,46,0.7701149425287356,0.7103448275862069,0.970727046020329
170000,47,0.7560975609756098,0.724150649184203,1.0366462974343449
170000,48,0.8620689655172413,0.8595353049437308,0.3366046976298094
170000,49,0.6373626373626373,0.6529034690799398,0.9322580695152283
170000,50,0.8,0.7539777171980562,0.8714795090879003
170000,51,0.8452380952380952,0.8450404427415922,0.8079652382681767
170000,52,0.7875,0.7561885245901638,0.6626641924182574
170000,53,0.813953488372093,0.7673089700996678,1.5595476528008778
170000,54,0.5,0.48743956043956044,2.46689635515213
170000,55,0.8505747126436781,0.7956837907576825,1.0921542141586542
170000,56,0.7875,0.7377019230769231,0.7850426967876653
170000,57,0.725,0.6330983709273184,0.9246618898274998
170000,58,0.7631578947368421,0.7022505073547929,1.0451625175774097
170000,59,0.9382716049382716,0.9351275440692531,0.16042681876569986
170000,60,0.4,0.3224378411158278,4.035601039727529
170000,61,0.5411764705882353,0.4683151654786762,1.710481882095337
170000,62,0.8588235294117647,0.8399159663865545,0.5624093633765975
170000,63,0.7375,0.6863719818913481,1.6243137866258621
170000,64,0.8518518518518519,0.8024691358024691,1.1962502549091976
170000,65,0.9204545454545454,0.9172328022117938,0.3497257906710729
170000,66,0.7375,0.6726808785529717,5.0656323581933975
170000,67,0.8375,0.8291636904761905,0.6250239969231188
170000,68,0.7901234567901234,0.7366906366703486,1.0603715653220813
170000,69,0.8375,0.7752645502645503,0.9806075192367038
170000,70,0.65,0.5793549342814049,3.169004658857981
170000,71,0.7439024390243902,0.678286406025825,1.6289868087818224
170000,72,0.7283950617283951,0.6890188434048083,0.9364237540091077
170000,73,0.46835443037974683,0.40104179418749847,4.19515194495519
170000,74,0.7432432432432432,0.6773944997629209,2.302100827296575
170000,75,0.8125,0.7654074074074074,0.7730407267032812
180000,15,0.6931818181818182,0.6303530024901615,2.9600005098618567
180000,16,0.7282608695652174,0.6707900363881906,1.1001945204722385
180000,17,0.5054945054945055,0.4715928533760526,2.190296173095703
180000,18,0.5376344086021505,0.4806242144951822,3.7379771570364633
180000,19,0.6086956521739131,0.5291776286055462,2.194208775802205
180000,20,0.6292134831460674,0.5594792224005708,1.3526838657756646
180000,21,0.8488372093023255,0.8496878718625973,0.5509103822211424
180000,22,0.8478260869565217,0.8298976982097186,0.5398791382710139
180000,23,0.7802197802197802,0.7455687169972883,0.7181838477651278
180000,24,0.8089887640449438,0.7869520010376312,0.7469294468561808
180000,25,0.7956989247311828,0.7370663420572124,0.886275619889299
180000,26,0.6625,0.6611031955757757,0.7763005693753561
180000,27,0.75,0.7384963768115943,1.3672610099116962
180000,28,0.7125,0.6272435897435897,2.817766524851322
180000,29,0.5625,0.5268524317121919,1.7021070222059886
180000,30,0.7727272727272727,0.7495293680910742,1.927374907458822
180000,31,0.691358024691358,0.5661145717642893,3.101031063046927
180000,32,0.6111111111111112,0.5769791684021703,3.527921278650562
180000,33,0.7951807228915663,0.759609868043603,0.898168046027422
180000,34,0.6931818181818182,0.6459236252469336,2.8032930369178453
180000,35,0.47126436781609193,0.4316119452235605,1.6850798924763997
180000,36,0.7926829268292683,0.773251450761377,1.002669551409781
180000,37,0.8148148148148148,0.7667213444991222,1.782271648446719
180000,38,0.8,0.741731265126861,1.3708006425101
180000,39,0.6086956521739131,0.6002469322829874,2.406549951682488
180000,40,0.7560975609756098,0.7060206786850478,0.7979418461521467
180000,41,0.5421686746987951,0.4895912151019537,4.499576191107432
180000,42,0.4235294117647059,0.28620571035431713,3.1312795877456665
180000,43,0.6625,0.5468032786885246,3.216338778535525
180000,44,0.725,0.6640384615384616,1.5049140850702922
180000,45,0.7444444444444445,0.7388412698412699,0.639110138018926
180000,46,0.9195402298850575,0.9173151392218329,0.14977013568083444
180000,47,0.8292682926829268,0.7897710618472409,1.0222916627923648
180000,48,0.896551724137931,0.8900389495688861,0.32462719455361366
180000,49,0.5714285714285714,0.5700010773540186,1.3661870459715526
180000,50,0.9,0.8792840375586854,0.22672054020222276
180000,51,0.9166666666666666,0.9154450370353613,0.665068773397555
180000,52,0.8125,0.7726648351648352,1.238780568043391
180000,53,0.8372093023255814,0.7852787716159809,1.084520445515712
180000,54,0.8,0.7627142857142857,3.7745152519394956
180000,55,0.8045977011494253,0.8027719988673335,0.568543283889691
180000,56,0.825,0.7595771499238964,1.1385049098171294
180000,57,0.825,0.7989052496798975,0.9778230916708708
180000,58,0.7368421052631579,0.6389560758513932,2.1385814857979617
180000,59,0.8518518518518519,0.8011695906432749,0.5416203774511814
180000,60,0.5294117647058824,0.4553214774281806,3.1333902130524316
180000,61,0.6823529411764706,0.668997668997669,0.7217704902092615
180000,62,0.8588235294117647,0.8317300346712112,0.5736017109981427
180000,63,0.7875,0.7439565826330532,1.268283118493855
180000,64,0.8271604938271605,0.8090845562543677,0.5883825020864606
180000,65,0.8863636363636364,0.8633966672068276,0.4686877328203991
180000,66,0.7375,0.6682691138470893,3.9744909778237343
180000,67,0.85,0.8317677070828331,0.6899774316698313
180000,68,0.8518518518518519,0.8011695906432749,0.6208395945529143
180000,69,0.725,0.7320812807881774,0.9730582858125368
180000,70,0.75,0.6959518754033914,2.883877751107017
180000,71,0.8170731707317073,0.8140999583072753,0.6826207786798477
180000,72,0.8518518518518519,0.8024691358024691,1.8725474611079942
180000,73,0.46835443037974683,0.40104179418749847,4.210809091726939
180000,74,0.8108108108108109,0.7498558675029262,1.895053155720234
180000,75,0.825,0.7898498822605966,0.5503695756973078
190000,15,0.7045454545454546,0.6182121971595655,2.5922460324751833
190000,16,0.6630434782608695,0.6030338639034291,1.2026119789419074
190000,17,0.5054945054945055,0.45635149405223996,1.8779208660125732
190000,18,0.5698924731182796,0.5179615705931495,3.0892845491568246
190000,19,0.6304347826086957,0.5611089633533536,1.8635628297924995
190000,20,0.6629213483146067,0.636696372585335,1.529044073075056
190000,21,0.8604651162790697,0.8088978766430738,1.0000643879175186
190000,22,0.75,0.6826458540100012,1.0677190975596507
190000,23,0.7692307692307693,0.7543694400837258,1.0724377781152725
190000,24,0.7303370786516854,0.6780466724286949,0.9813960194587708
190000,25,0.7741935483870968,0.7113706028317033,1.1617698532839615
190000,26,0.575,0.5477934123120458,1.2714687983194988
190000,27,0.8043478260869565,0.7643113941740944,1.2333448585122824
190000,28,0.85,0.8,1.6968574915081263
190000,29,0.575,0.5452265708915144,1.8331567744414012
190000,30,0.6363636363636364,0.5858216941082653,1.6262207974990208
190000,31,0.691358024691358,0.5661145717642893,1.9755045603766728
190000,32,0.6777777777777778,0.6103639291465379,2.023624380429586
190000,33,0.7831325301204819,0.7479372033588901,0.8853755698849758
190000,34,0.6477272727272727,0.5199823643190352,3.769748550839722
190000,35,0.5517241379310345,0.5307060755336618,2.2489937941233316
190000,36,0.6219512195121951,0.638670768774557,0.9129596998294195
190000,37,0.6419753086419753,0.6020906578510085,1.9198353191216786
190000,38,0.611764705882353,0.6223689475790315,1.253012664616108
190000,39,0.4891304347826087,0.36953345245185626,4.179979414058228
190000,40,0.8780487804878049,0.8668399892790136,0.40374669680992764
190000,41,0.27710843373493976,0.2360553324408746,5.497548659642537
190000,42,0.47058823529411764,0.3231809797089567,3.6816049019495645
190000,43,0.6,0.49502164502164503,3.458253542582194
190000,44,0.725,0.6465884861407251,1.7239948061372463
190000,45,0.9555555555555556,0.9560176166426166,0.15239469707012177
190000,46,0.8045977011494253,0.7717220115338809,0.45543676738937694
190000,47,0.7073170731707317,0.6471282454760031,2.3434078904489675
190000,48,0.8390804597701149,0.7960776673809988,0.5890458623180166
190000,49,0.6153846153846154,0.5410014445512338,1.680523914595445
190000,50,0.825,0.759393033075299,0.6773608175572008
190000,51,0.8095238095238095,0.7767273576097106,0.597327147765706
190000,52,0.8375,0.7909511434511434,1.2212236958245437
190000,53,0.6511627906976745,0.53125,4.25887347847068
190000,54,0.5625,0.5425114806834159,2.3555140296618142
190000,55,0.8390804597701149,0.7867688378033205,0.28998053322235745
190000,56,0.85,0.785625,0.9129652960691601
190000,57,0.7125,0.6447821625497614,1.1786113822211821
190000,58,0.7368421052631579,0.6451355661881978,2.9180503516690806
190000,59,0.8518518518518519,0.8151044297616402,0.6984376525118327
190000,60,0.6235294117647059,0.5293255763843999,2.689476117491722
190000,61,0.7058823529411765,0.696220132297487,0.7552537222703298
190000,62,0.8235294117647058,0.7716243980608781,0.9126319779704014
190000,63,0.8375,0.7812951824108494,1.2424827851355076
190000,64,0.8395061728395061,0.7907785336356765,0.8763829047481219
190000,65,0.8295454545454546,0.8071901476069033,0.5672392357761661
190000,66,0.7375,0.6682691138470893,3.7702856361865997
190000,67,0.85,0.8344494047619048,0.7738652012000481
190000,68,0.5555555555555556,0.5143262653300442,1.405755877494812
190000,69,0.85,0.8184873949579832,0.8481848923644671
190000,70,0.725,0.6736056575010083,2.355498010913531
190000,71,0.7682926829268293,0.7276489867175306,0.8616197071969509
190000,72,0.8148148148148148,0.7845117845117845,0.9343577073110888
190000,73,0.6455696202531646,0.5644604970191192,3.411279325683912
190000,74,0.6891891891891891,0.6495990495990497,2.4418169061342874
190000,75,0.7875,0.7597206095791001,0.675907904553848
200000,15,0.6818181818181818,0.5910140957598585,2.9008259444187083
200000,16,0.5978260869565217,0.49173147439255344,2.1553212155898414
200000,17,0.32967032967032966,0.2436490219077529,3.883803367614746
200000,18,0.7419354838709677,0.6874138108050986,0.6166197384397188
200000,19,0.6304347826086957,0.5415760869565218,2.523480803395311
200000,20,0.6067415730337079,0.5219502407704654,2.5463876078526178
200000,21,0.7674418604651163,0.7228924418604652,1.1153197859724362
200000,22,0.6086956521739131,0.5910798621668186,1.27355561653773
200000,23,0.6593406593406593,0.6054534476512499,1.489147533973058
200000,24,0.7865168539325843,0.7203195780233792,1.4633308459694188
200000,25,0.8064516129032258,0.7419354838709677,1.3714006325850885
200000,26,0.8125,0.8087413594470046,0.7648619717607895
200000,27,0.4673913043478261,0.35046879308759993,2.559433341026306
200000,28,0.55,0.4821138211382114,4.44689313819011
200000,29,0.375,0.29564183766430957,2.482619603474935
200000,30,0.7159090909090909,0.7012413785422007,0.7796475614110628
200000,31,0.691358024691358,0.5661145717642893,3.692289167219618
200000,32,0.6555555555555556,0.630112317831616,1.2416352430979412
200000,33,0.7710843373493976,0.7202092973833998,1.0494461357593536
200000,34,0.6363636363636364,0.509812767877284,4.498561273018519
200000,35,0.6551724137931034,0.5490716180371353,2.785067748899261
200000,36,0.8170731707317073,0.774859287054409,0.7097621783614159
200000,37,0.7530864197530864,0.7317256452561112,1.7102835575739543
200000,38,0.6588235294117647,0.6670365741263186,1.3027245650688808
200000,39,0.6521739130434783,0.6470773619371678,1.3621825675169628
200000,40,0.7439024390243902,0.7162090907836073,1.0491104225317638
200000,41,0.30120481927710846,0.26489594742606787,4.00158045689265
200000,42,0.4235294117647059,0.28620571035431713,2.2309337059656777
200000,43,0.6375,0.5263589910850184,2.4225081304709115
200000,44,0.65,0.5646033129904098,2.7921523998181024
200000,45,0.4888888888888889,0.4143671143671144,2.4766655762990317
200000,46,0.6551724137931034,0.5490716180371353,1.4417153062531725
200000,47,0.6707317073170732,0.5779721480855111,2.5785069838166237
200000,48,0.8505747126436781,0.8389400171709017,0.34225364386414486
200000,49,0.5714285714285714,0.4845710740872031,1.7922079215447109
200000,50,0.8375,0.8319972114905283,1.0427322233250986
200000,51,0.7380952380952381,0.6943254250290498,1.6065516223510106
200000,52,0.825,0.7844066722972973,0.9853082057088614
200000,53,0.813953488372093,0.7486238160975339,0.7096356055699289
200000,54,0.7875,0.73325,1.7175699962923925
200000,55,0.7126436781609196,0.6965464589064005,0.4857212007045746
200000,56,0.7625,0.703808773194019,0.6377864494764557
200000,57,0.7375,0.6569513073133764,1.163032831934591
200000,58,0.75,0.6725057941323811,2.8182159365775683
200000,59,0.7654320987654321,0.7097215974408958,1.0907719576110442
200000,60,0.49411764705882355,0.4235650007626213,3.3084305822849274
200000,61,0.4588235294117647,0.3854426975995603,2.180031677087148
200000,62,0.6588235294117647,0.5564387917329094,1.7335765914370616
200000,63,0.7375,0.6889016897081414,1.4445373018582661
200000,64,0.7407407407407407,0.6727858293075685,1.1649384177289903
200000,65,0.42045454545454547,0.28559322033898304,3.090879042943319
200000,66,0.6875,0.5747330327479829,1.6053181439638138
200000,67,0.925,0.9199999999999999,0.24652204177497575
200000,68,0.4691358024691358,0.40635274754291195,1.9170578122138977
200000,69,0.7,0.6014285714285714,2.5229156428637602
200000,70,0.75,0.7180865504358656,2.3645380785067878
200000,71,0.6341463414634146,0.5920619246678297,1.5055917998154957
200000,72,0.8024691358024691,0.7549857549857549,0.8940032669343054
200000,73,0.2911392405063291,0.1312980888557955,5.012558023134868
200000,74,0.6351351351351351,0.5683760907641504,2.7961038450400033
200000,75,0.65,0.6289301443334933,1.252822031577428
210000,15,0.6590909090909091,0.5433193017317262,1.450074828074624
210000,16,0.6086956521739131,0.4989395546129375,1.789837135002017
210000,17,0.5714285714285714,0.5232967908665951,2.0181771616141
210000,18,0.6236559139784946,0.5373314598343747,2.1126309049626193
210000,19,0.6086956521739131,0.4989395546129375,2.858851670908431
210000,20,0.6292134831460674,0.5303585070900181,2.0851666343708835
210000,21,0.7209302325581395,0.6596194503171248,1.2270493392522137
210000,22,0.6086956521739131,0.4989395546129375,2.77929017568628
210000,23,0.4725274725274725,0.4086687306501548,2.9419420063495636
210000,24,0.7865168539325843,0.7203195780233792,1.209638613120963
210000,25,0.7204301075268817,0.650319829424307,0.8134445160006484
210000,26,0.3625,0.2714338514826392,2.6534536480903625
210000,27,0.7391304347826086,0.7173857515686602,0.6828165594488382
210000,28,0.8125,0.7905172413793103,0.8228102313199391
210000,29,0.6375,0.5706602564102564,2.2976549938321114
210000,30,0.8522727272727273,0.8439047467366317,0.3888274909307559
210000,31,0.691358024691358,0.5661145717642893,2.789522895240225
210000,32,0.7333333333333333,0.6752712308267864,1.3368365963300068
210000,33,0.7108433734939759,0.6686303596941149,2.1804601500431695
210000,34,0.6477272727272727,0.5199823643190352,8.569941592247536
210000,35,0.7701149425287356,0.7768093974990526,0.6199256082375845
210000,36,0.4024390243902439,0.294761849190604,2.9090962409973145
210000,37,0.8271604938271605,0.8131564028504447,1.94912455479304
210000,38,0.6588235294117647,0.5287658592848904,3.4008385889270962
210000,39,0.4891304347826087,0.41111537335581105,3.521374360503008
210000,40,0.7439024390243902,0.6966392765531934,1.7671515736728907
210000,41,0.3253012048192771,0.3028763221587794,5.46622508764267
210000,42,0.4235294117647059,0.28620571035431713,3.7028653224309287
210000,43,0.6875,0.5670096852300242,2.9678792133927345
210000,44,0.7125,0.6272435897435897,3.2888388093560934
210000,45,0.6888888888888889,0.6246713712467137,1.5615445340129857
210000,46,0.6781609195402298,0.6068167766897349,1.8573511056602001
210000,47,0.6829268292682927,0.6112879603060736,2.252104519555966
210000,48,0.6551724137931034,0.5490716180371353,3.495975681541798
210000,49,0.7252747252747253,0.6636508086595425,0.7719066912929217
210000,50,0.775,0.7250892857142857,1.1238023453236867
210000,51,0.6904761904761905,0.609457671957672,2.798819914460182
210000,52,0.875,0.8660319974143503,0.32093257224187255
210000,53,0.6744186046511628,0.5784786062137035,1.0921109367045574
210000,54,0.7625,0.7289028103044497,2.6242357095082602
210000,55,0.8735632183908046,0.8380268199233718,0.3752755727618933
210000,56,0.7,0.6014285714285714,5.080679882473002
210000,57,0.725,0.6311792149292149,1.6319812443107367
210000,58,0.8421052631578947,0.803868047779022,0.9275218273202578
210000,59,0.8148148148148148,0.7656840513983372,0.9356797495080779
210000,60,0.43529411764705883,0.3637046307884856,3.321301837762197
210000,61,0.5294117647058824,0.480318295339816,1.9079614877700806
210000,62,0.6823529411764706,0.5990790836882699,1.854219911697631
210000,63,0.4,0.31673611111111105,2.357133597135544
210000,64,0.7777777777777778,0.7178130511463844,0.7398414152363936
210000,65,0.875,0.8491864831038799,0.618284629289216
210000,66,0.725,0.6515697674418603,3.6020948893080154
210000,67,0.8,0.7960171966255678,0.5469173269035915
210000,68,0.6419753086419753,0.5837448559670781,1.8407161384820938
210000,69,0.725,0.6527452025586354,1.6733759427443147
210000,70,0.675,0.6749534012897855,1.700472116470337
210000,71,0.7073170731707317,0.6309134911000048,2.059527605151137
210000,72,0.7037037037037037,0.616557734204793,2.5063985567733957
210000,73,0.34177215189873417,0.2269753607909123,4.21490756670634
210000,74,0.7972972972972973,0.732530850177909,1.2353183614710967
210000,75,0.85,0.8357026143790851,0.8735966460468868
