Elapsed Time,Iteration,Total Iterations,D/latent_real,D/latent_fake,D/latent_reg,D/ref_real,D/ref_fake,D/ref_reg,G/latent_adv,G/latent_dom,G/latent_cyc,G/latent_id,G/latent_sty,G/latent_ds,G/ref_adv,G/ref_dom,G/ref_cyc,G/ref_id,G/ref_sty,G/ref_ds,G/lambda_ds
0:00:58,100,100000,0.071591,0.061985,0.012407,0.041627,0.202431,0.015585,0.844928,110.268524,0.286331,0.288890,0.687986,0.716549,1.241666,43.104828,0.279077,0.211158,1.792210,0.016493,0.999000
0:01:30,200,100000,0.367113,0.022773,0.032718,0.005250,0.495980,0.023850,0.465563,88.570831,0.157310,0.135907,0.517831,0.662811,1.054665,21.009022,0.152517,0.111644,0.313890,0.008909,0.998000
0:02:01,300,100000,0.177723,0.012020,0.054601,0.025273,0.205620,0.044646,1.054747,85.793625,0.103843,0.088672,0.562427,0.598005,0.449155,11.477431,0.087952,0.073681,0.245018,0.004663,0.997000
0:02:32,400,100000,0.257224,0.008308,0.054644,0.042500,0.241718,0.038521,1.307911,90.877426,0.102245,0.093997,0.520640,0.630732,0.502709,16.633108,0.093006,0.081268,0.133360,0.002776,0.996000
0:03:05,500,100000,0.287443,0.018084,0.112278,0.055101,0.402145,0.041719,0.994005,44.511322,0.072251,0.066688,0.582496,0.464834,0.950988,12.909841,0.061876,0.056244,0.462528,0.004340,0.995000
0:03:36,600,100000,0.230216,0.005543,0.019103,0.087324,0.230421,0.020250,1.042520,115.813995,0.057508,0.052677,0.533926,0.554263,0.737571,8.692224,0.053192,0.048913,0.270125,0.006746,0.994000
0:04:07,700,100000,0.197978,0.012343,0.031897,0.067333,0.299920,0.030295,0.960481,53.568726,0.070208,0.059942,0.528196,0.407993,0.413160,14.987058,0.057755,0.053637,0.192479,0.001626,0.993000
0:04:39,800,100000,0.143340,0.023830,0.032220,0.034721,0.302517,0.025805,0.851092,62.386688,0.084060,0.079411,0.524370,0.382159,0.414708,18.746616,0.057326,0.054492,0.243099,0.000708,0.992000
0:05:11,900,100000,0.211204,0.001733,0.054035,0.053512,0.319706,0.030757,0.933833,35.728947,0.066809,0.062179,0.487708,0.340713,0.340234,8.382298,0.057067,0.052624,0.623875,0.004939,0.991000
0:06:07,1000,100000,0.160672,0.004323,0.036572,0.053247,0.456346,0.031401,1.067498,61.848515,0.063869,0.058675,0.517522,0.315054,0.329154,7.438355,0.056445,0.052462,0.136697,0.001195,0.990000
0:06:40,1100,100000,0.156649,0.029041,0.048707,0.060096,0.292093,0.034791,0.990372,27.032463,0.073065,0.069471,0.496393,0.281827,0.377457,16.116604,0.059795,0.057474,0.559525,0.004506,0.989000
0:07:11,1200,100000,0.105210,0.002400,0.052500,0.028664,0.392705,0.038864,0.882045,47.275414,0.069084,0.062050,0.485847,0.417951,0.431644,13.356256,0.059531,0.056576,0.397156,0.005488,0.988000
0:07:43,1300,100000,0.085524,0.001801,0.039550,0.025045,0.260694,0.035486,1.025767,61.028664,0.082572,0.078276,0.500007,0.314356,0.431415,11.983590,0.072312,0.068493,0.894603,0.001722,0.987000
0:08:15,1400,100000,0.182739,0.001296,0.043917,0.063576,0.366088,0.029847,1.025892,65.232971,0.045580,0.039281,0.460172,0.405333,0.374747,8.634260,0.040537,0.036695,0.617905,0.003876,0.986000
0:08:47,1500,100000,0.196722,0.001462,0.044394,0.072619,0.234547,0.028510,0.992075,58.382984,0.058315,0.051969,0.447492,0.298650,0.728372,12.837037,0.050308,0.044942,1.516109,0.022911,0.985000
0:09:18,1600,100000,0.077492,0.002329,0.055002,0.033375,0.214575,0.038119,1.032961,74.365479,0.078333,0.073632,0.497298,0.362689,0.565121,13.433821,0.072678,0.069081,1.380891,0.013479,0.984000
0:09:49,1700,100000,0.128555,0.000256,0.058415,0.043928,0.320289,0.041242,1.007962,53.621101,0.059337,0.052290,0.467984,0.265582,0.656295,9.736096,0.052412,0.047688,0.856908,0.034921,0.983000
0:10:21,1800,100000,0.102052,0.002684,0.053947,0.031082,0.397375,0.041560,1.056120,59.236473,0.045008,0.038244,0.431202,0.532613,0.315299,7.913907,0.038085,0.034346,0.714804,0.018641,0.982000
0:10:54,1900,100000,0.129979,0.004588,0.035872,0.064290,0.279993,0.027320,1.072005,63.711697,0.065077,0.057967,0.510110,0.341655,0.522929,7.253323,0.057219,0.052474,0.678500,0.012712,0.981000
0:11:48,2000,100000,0.089759,0.004553,0.066335,0.017827,0.229633,0.044224,0.911521,65.908997,0.068204,0.063711,0.394388,0.759523,0.506353,16.326746,0.064175,0.058256,1.170131,0.012911,0.980000
0:15:21,2100,100000,0.134748,0.003432,0.046036,0.046692,0.295054,0.039217,1.096336,158.997635,0.060065,0.054685,0.466990,1.216438,0.385965,7.647827,0.050341,0.046361,0.461171,0.014224,0.979000
0:15:52,2200,100000,0.183797,0.007016,0.081297,0.060961,0.176030,0.035202,1.409489,85.377533,0.056877,0.050856,0.450097,0.957836,0.615463,12.144388,0.052477,0.048124,0.754456,0.020277,0.978000
0:16:24,2300,100000,0.186314,0.004875,0.075230,0.045219,0.238039,0.035202,1.018483,175.300171,0.066146,0.061956,0.465641,2.354799,0.510669,14.469913,0.058859,0.054472,0.733495,0.020740,0.977000
0:16:57,2400,100000,0.110710,0.012860,0.083123,0.033365,0.232458,0.051607,1.044860,177.975647,0.068537,0.059766,0.574276,2.085323,0.447215,12.576939,0.064841,0.060545,0.426422,0.016887,0.976000
0:17:29,2500,100000,0.156367,0.003656,0.060660,0.055874,0.216191,0.031935,0.984810,274.471893,0.058375,0.050679,0.450875,1.641739,0.545322,11.667064,0.050213,0.046724,0.263648,0.018178,0.975000
0:18:01,2600,100000,0.102097,0.045305,0.043145,0.046710,0.295961,0.036140,0.743883,121.299599,0.056333,0.051628,0.410719,2.737857,0.344061,9.782331,0.051333,0.046276,0.314918,0.021709,0.974000
0:18:32,2700,100000,0.116431,0.000684,0.056055,0.059974,0.268394,0.037999,1.093715,367.640808,0.055974,0.049692,0.488800,3.094150,0.467373,12.265709,0.051835,0.046187,0.499770,0.036978,0.973000
0:19:05,2800,100000,0.185338,0.000552,0.069609,0.074299,0.236034,0.042481,1.009670,545.451111,0.055310,0.050304,0.431560,3.336306,0.352839,7.344596,0.047366,0.042738,0.482547,0.017441,0.972000
0:19:36,2900,100000,0.126136,0.000798,0.037519,0.060027,0.328583,0.030471,1.026877,524.777832,0.054873,0.050868,0.454363,4.363414,0.518673,13.183620,0.050094,0.046347,0.511862,0.031147,0.971000
0:20:30,3000,100000,0.168406,0.006052,0.055958,0.059116,0.279927,0.035395,0.975373,559.603760,0.058049,0.054703,0.473939,3.537738,0.380685,10.461302,0.055452,0.049093,0.309913,0.012529,0.970000
0:21:02,3100,100000,0.129782,0.001759,0.059773,0.039936,0.193596,0.041094,0.963351,282.264648,0.073571,0.069357,0.495415,5.348566,0.605755,11.167511,0.066345,0.061750,0.514095,0.015937,0.969000
0:21:34,3200,100000,0.124581,0.001770,0.060660,0.047731,0.263219,0.043557,0.965022,431.768738,0.053960,0.048365,0.385155,5.322104,0.421488,10.546283,0.049622,0.044906,0.553301,0.021827,0.968000
0:22:07,3300,100000,0.123565,0.002931,0.069549,0.040307,0.239303,0.040458,0.931153,423.979370,0.059720,0.052052,0.450329,5.188854,0.522290,8.716796,0.053192,0.049225,0.402781,0.037261,0.967000
0:22:38,3400,100000,0.147920,0.002368,0.048890,0.047519,0.321788,0.032797,1.173511,457.540924,0.046233,0.042706,0.484073,5.427157,0.436776,10.818156,0.041872,0.037657,0.925932,0.029922,0.966000
0:23:11,3500,100000,0.175721,0.000567,0.057790,0.060534,0.363271,0.034816,0.944483,407.324982,0.054827,0.052265,0.425907,5.239076,0.385318,9.620019,0.049490,0.046122,0.691878,0.011924,0.965000
0:23:44,3600,100000,0.145093,0.001101,0.042162,0.059367,0.278755,0.040724,0.974229,520.769043,0.039169,0.036297,0.395627,4.444234,0.528864,9.249512,0.038197,0.033231,0.845985,0.032121,0.964000
0:24:16,3700,100000,0.147624,0.001591,0.050340,0.056407,0.283949,0.034517,0.917992,534.394714,0.047280,0.042978,0.393609,5.408659,0.392444,10.873353,0.048945,0.041579,2.133024,0.030372,0.963000
0:24:48,3800,100000,0.095507,0.000884,0.073867,0.030072,0.312009,0.053238,1.030400,764.912842,0.047146,0.044514,0.382006,4.889018,0.367490,5.636011,0.046073,0.041480,0.776401,0.016622,0.962000
0:25:21,3900,100000,0.134905,0.001393,0.056695,0.052154,0.191953,0.032788,0.958107,265.749023,0.054916,0.051110,0.437494,5.165975,0.559812,10.455942,0.052283,0.046750,1.590016,0.030942,0.961000
0:26:17,4000,100000,0.113754,0.000715,0.028824,0.034823,0.206494,0.027308,0.970703,581.253784,0.043400,0.039068,0.479884,5.272650,0.586987,9.625724,0.043808,0.038940,2.238913,0.020187,0.960000
0:29:46,4100,100000,0.076453,0.001138,0.046662,0.019430,0.210366,0.042045,1.006644,537.695862,0.060820,0.056673,0.393946,6.030200,0.589327,17.470093,0.060449,0.053388,3.212374,0.026227,0.959000
0:30:17,4200,100000,0.115859,0.000239,0.064592,0.043757,0.252071,0.043190,0.988246,804.958801,0.051152,0.048492,0.401600,6.165060,0.593748,9.762632,0.049174,0.045971,1.110124,0.035671,0.958000
0:30:50,4300,100000,0.125921,0.000261,0.061819,0.049861,0.228185,0.036608,1.010928,583.698608,0.052836,0.047968,0.436516,5.354984,0.540255,14.761717,0.050345,0.044446,0.996978,0.033720,0.957000
0:31:22,4400,100000,0.123572,0.001058,0.064550,0.047698,0.354889,0.039074,1.031822,410.999329,0.049044,0.043531,0.458774,5.080726,0.333459,10.108236,0.046194,0.040711,1.487554,0.028757,0.956000
0:31:55,4500,100000,0.072134,0.001020,0.067591,0.024819,0.265897,0.051860,0.948912,761.636719,0.052652,0.048857,0.418695,6.683270,0.428797,10.142208,0.048972,0.046009,0.970479,0.025452,0.955000
0:32:26,4600,100000,0.143950,0.000650,0.041039,0.058005,0.221455,0.028930,1.039037,780.732544,0.058995,0.055149,0.458183,6.693671,0.604179,10.518965,0.051650,0.046543,1.781430,0.031920,0.954000
0:32:58,4700,100000,0.122455,0.000734,0.046296,0.046922,0.285857,0.033341,1.046295,732.185303,0.048139,0.045205,0.377953,6.279697,0.398032,13.519596,0.048497,0.042837,1.383264,0.032219,0.953000
0:33:31,4800,100000,0.093395,0.002428,0.043479,0.025676,0.282626,0.032952,1.088506,490.185120,0.057976,0.056173,0.432880,5.918602,0.449905,17.776335,0.056701,0.054481,0.874488,0.020813,0.952000
0:34:27,4900,100000,0.089493,0.000699,0.060566,0.039162,0.288606,0.042595,1.005639,941.376343,0.048783,0.046534,0.377893,6.187231,0.446012,16.352755,0.045753,0.041980,1.198873,0.029837,0.951000
0:34:58,5000,100000,0.097037,0.000417,0.055976,0.036468,0.322739,0.041338,1.002575,641.001282,0.054056,0.050080,0.418281,6.223474,0.354269,4.990252,0.049334,0.046751,1.522063,0.023669,0.950000
0:35:30,5100,100000,0.154440,0.001840,0.044862,0.050835,0.265301,0.031807,0.928343,576.702148,0.043449,0.041449,0.502892,6.582855,0.429729,13.110788,0.047080,0.042068,1.749776,0.014576,0.949000
0:36:03,5200,100000,0.159029,0.000940,0.074638,0.057511,0.289327,0.034393,0.966852,549.976196,0.046357,0.043578,0.419186,4.964684,0.344695,12.427586,0.043588,0.040360,0.818194,0.027794,0.948000
0:36:36,5300,100000,0.097989,0.001031,0.043153,0.051992,0.241001,0.041847,1.071067,825.192017,0.061807,0.059400,0.415721,5.431797,0.411636,16.107624,0.056505,0.054325,2.417867,0.023564,0.947000
0:37:07,5400,100000,0.068101,0.002772,0.069867,0.025178,0.167132,0.053144,0.886260,575.709045,0.055125,0.052734,0.377530,5.699569,0.809553,9.963967,0.058635,0.051200,0.826702,0.040868,0.946000
0:37:39,5500,100000,0.092294,0.000365,0.078915,0.032711,0.214897,0.052354,0.982060,743.807129,0.055432,0.052027,0.385777,5.508055,0.492753,16.582468,0.054154,0.049162,1.325317,0.020955,0.945000
0:38:12,5600,100000,0.097278,0.000960,0.045149,0.028867,0.203019,0.042236,0.931083,670.748657,0.057025,0.053303,0.416136,6.297156,0.504559,19.721951,0.056059,0.051207,2.447801,0.019813,0.944000
0:38:44,5700,100000,0.110542,0.000977,0.038338,0.036422,0.240218,0.028235,0.976573,456.729431,0.059396,0.055166,0.401401,6.408408,0.468307,9.835969,0.060998,0.053355,3.384452,0.019364,0.943000
0:39:16,5800,100000,0.156321,0.000843,0.104379,0.043621,0.288549,0.034393,0.990229,745.989685,0.054325,0.051071,0.470714,6.439047,0.431618,11.911972,0.054209,0.048954,3.129807,0.018786,0.942000
0:40:11,5900,100000,0.115756,0.000587,0.053967,0.048510,0.253487,0.044434,1.020356,727.313660,0.054953,0.053028,0.448395,6.427357,0.449746,8.997353,0.054771,0.050566,1.335609,0.034722,0.941000
0:40:44,6000,100000,0.123721,0.000309,0.075544,0.047276,0.260209,0.043232,0.994224,621.012024,0.048641,0.045504,0.377216,5.100046,0.607693,12.756617,0.049379,0.043771,1.592064,0.038788,0.940000
0:44:10,6100,100000,0.121504,0.000816,0.044212,0.049722,0.243909,0.037081,1.050166,660.591309,0.054690,0.052421,0.409560,5.787762,0.505503,10.004913,0.053935,0.049762,1.259647,0.021731,0.939000
0:44:42,6200,100000,0.080769,0.000973,0.060971,0.024792,0.233142,0.040886,1.059854,634.387695,0.052498,0.051244,0.407676,5.569887,0.682561,20.012411,0.052179,0.047885,2.100793,0.047015,0.938000
0:45:15,6300,100000,0.106454,0.000643,0.067122,0.033483,0.274079,0.036912,1.004611,652.516357,0.055651,0.052760,0.377667,5.751678,0.419416,16.317564,0.052957,0.050020,2.368685,0.032005,0.937000
0:45:47,6400,100000,0.090650,0.000763,0.067859,0.038725,0.240304,0.046804,1.038485,691.738037,0.059350,0.056704,0.378264,5.880182,0.456171,13.287875,0.058143,0.053419,2.901725,0.019250,0.936000
0:46:18,6500,100000,0.105197,0.000373,0.065585,0.043910,0.208789,0.039795,1.004956,429.759186,0.055034,0.053163,0.405448,5.720325,0.471555,14.129737,0.054282,0.050299,3.098334,0.022398,0.935000
0:46:51,6600,100000,0.126553,0.001388,0.076279,0.040326,0.234340,0.050601,0.954295,606.720947,0.054261,0.051640,0.399051,5.424684,0.443783,9.265568,0.054110,0.048980,5.906148,0.010569,0.934000
0:47:23,6700,100000,0.086128,0.000221,0.077750,0.038785,0.238158,0.052077,1.011079,733.860352,0.049935,0.048353,0.363420,5.975563,0.431347,12.893571,0.050892,0.046280,1.577734,0.018402,0.933000
0:47:55,6800,100000,0.118419,0.000465,0.082548,0.036964,0.259159,0.044491,0.954108,729.291626,0.043089,0.040683,0.413643,6.845705,0.449904,5.292324,0.043643,0.039515,1.942941,0.047206,0.932000
0:48:49,6900,100000,0.087212,0.000448,0.068847,0.028204,0.319333,0.044715,0.960747,486.625732,0.055299,0.051877,0.372171,5.738224,0.378793,12.760291,0.057218,0.049026,2.495387,0.019590,0.931000
0:49:22,7000,100000,0.094791,0.000423,0.054504,0.037333,0.255979,0.042140,0.990998,560.711365,0.048331,0.045775,0.327033,5.382116,0.452879,15.183535,0.045261,0.042925,2.041451,0.024297,0.930000
0:49:54,7100,100000,0.105691,0.000278,0.061842,0.048379,0.272441,0.043737,0.987151,907.228943,0.048392,0.046423,0.384445,6.792063,0.445819,11.369612,0.046902,0.044356,4.079636,0.033984,0.929000
0:50:25,7200,100000,0.042841,0.000791,0.048736,0.020147,0.225092,0.039403,0.962507,583.802612,0.047563,0.046036,0.415754,6.949148,0.540218,15.711756,0.050925,0.044491,1.952990,0.035139,0.928000
0:50:57,7300,100000,0.056511,0.000169,0.070099,0.023534,0.157993,0.046604,0.996567,650.931946,0.063422,0.061697,0.402687,7.110065,0.569526,14.958909,0.064320,0.059312,2.133936,0.017149,0.927000
0:51:30,7400,100000,0.095091,0.000167,0.085928,0.024445,0.272943,0.047546,0.998399,485.896118,0.054308,0.052251,0.383669,6.417964,0.405595,9.207154,0.051176,0.047595,4.772179,0.014721,0.926000
0:52:02,7500,100000,0.077939,0.000294,0.071606,0.028936,0.177625,0.054747,0.994825,758.924316,0.049681,0.048576,0.407084,5.302562,0.572688,19.076183,0.053554,0.049151,4.184218,0.022663,0.925000
0:52:33,7600,100000,0.126260,0.000059,0.070459,0.039856,0.262586,0.035098,0.985995,867.288452,0.050271,0.047746,0.365754,6.729703,0.446808,11.160967,0.050946,0.046831,2.663237,0.022464,0.924000
0:53:05,7700,100000,0.081148,0.000344,0.073901,0.020964,0.179974,0.051067,0.991798,506.777222,0.060344,0.056520,0.386557,6.619205,0.654469,14.789878,0.060961,0.054054,3.015868,0.025164,0.923000
0:53:37,7800,100000,0.099185,0.000466,0.079765,0.043134,0.207896,0.052679,1.005948,504.008636,0.057359,0.054429,0.346161,6.260340,0.521212,10.170610,0.050790,0.048001,5.162208,0.018323,0.922000
0:54:32,7900,100000,0.092987,0.000223,0.075719,0.037292,0.172653,0.052701,0.990988,747.291138,0.056146,0.054103,0.434542,6.377633,0.533679,8.025972,0.057653,0.050754,1.978283,0.027433,0.921000
0:55:05,8000,100000,0.089675,0.000452,0.095995,0.025692,0.178557,0.061612,1.034639,655.242554,0.054860,0.053124,0.358018,5.893044,0.672622,14.378277,0.053318,0.049952,3.995828,0.036262,0.920000
0:58:21,8100,100000,0.077097,0.001057,0.074765,0.032823,0.252143,0.046936,0.951970,588.365906,0.059158,0.057342,0.396873,6.755033,0.469372,12.873802,0.057941,0.055198,3.904046,0.023907,0.919000
0:58:53,8200,100000,0.076881,0.000297,0.068371,0.028067,0.214412,0.048181,0.998650,779.648682,0.054990,0.053726,0.427529,7.182760,0.637739,13.872861,0.058049,0.050234,5.118826,0.055748,0.918000
0:59:24,8300,100000,0.084953,0.000168,0.061572,0.022420,0.231753,0.038261,0.977219,695.936340,0.070237,0.067888,0.448447,5.865020,0.570714,14.396046,0.070350,0.064097,5.077457,0.034390,0.917000
0:59:57,8400,100000,0.140284,0.000281,0.092720,0.039790,0.131019,0.037055,1.012535,448.235718,0.055983,0.054020,0.402815,6.630596,0.716298,12.486762,0.055882,0.051690,10.073790,0.020104,0.916000
1:00:29,8500,100000,0.076144,0.000840,0.057574,0.026658,0.097255,0.040129,0.967894,880.073303,0.048469,0.046699,0.334814,6.740705,0.834767,15.575138,0.048944,0.044812,4.800930,0.028169,0.915000
1:01:02,8600,100000,0.094334,0.000338,0.073576,0.020282,0.211454,0.034489,0.998500,717.351562,0.050303,0.049141,0.373523,6.890064,0.517674,16.869860,0.052498,0.047940,8.325428,0.021744,0.914000
1:01:34,8700,100000,0.044158,0.000070,0.093565,0.007336,0.108984,0.047589,1.023412,620.500000,0.069052,0.067361,0.459610,7.948021,0.840260,9.648065,0.071147,0.063013,6.415420,0.026899,0.913000
1:02:06,8800,100000,0.088169,0.000647,0.099735,0.023981,0.225359,0.054481,1.031382,830.645142,0.056904,0.053273,0.348770,6.478372,0.578071,12.437798,0.053825,0.050413,9.989243,0.029264,0.912000
1:03:01,8900,100000,0.033543,0.000373,0.070519,0.008432,0.146413,0.047433,1.013064,737.680420,0.073790,0.071243,0.388024,7.162537,0.757523,11.941317,0.078954,0.067689,12.399340,0.015230,0.911000
1:03:34,9000,100000,0.135148,0.000355,0.063277,0.043694,0.088407,0.036919,0.992784,1048.362061,0.057136,0.054218,0.395157,6.300424,0.915599,21.512363,0.063657,0.053736,5.064301,0.061061,0.910000
1:04:06,9100,100000,0.073796,0.000672,0.071984,0.022920,0.184771,0.045347,0.945037,879.650146,0.071013,0.069555,0.324570,6.602647,0.763846,13.004308,0.067016,0.061285,6.167528,0.020517,0.909000
1:04:38,9200,100000,0.100548,0.000330,0.096493,0.026896,0.161428,0.049686,0.981383,765.672119,0.053072,0.051962,0.410488,6.748505,0.675910,17.358339,0.052993,0.050528,8.663310,0.019256,0.908000
1:05:10,9300,100000,0.129163,0.000418,0.106994,0.020773,0.142181,0.033880,0.972728,702.728638,0.053034,0.050862,0.373379,6.225690,0.657533,13.834867,0.052428,0.049397,6.175192,0.015716,0.907000
1:05:42,9400,100000,0.074723,0.000221,0.087337,0.027796,0.151167,0.051123,1.005870,482.490845,0.049684,0.048947,0.366259,6.537317,0.614416,7.970465,0.049210,0.046189,7.553538,0.013397,0.906000
1:06:15,9500,100000,0.054867,0.000066,0.056739,0.028915,0.197455,0.049841,1.034869,856.737488,0.072804,0.067356,0.335343,6.944345,0.643422,16.217190,0.072237,0.064638,5.196231,0.030850,0.905000
1:06:46,9600,100000,0.043219,0.000268,0.066799,0.012866,0.148150,0.041041,1.003734,643.215332,0.049309,0.048604,0.406767,6.147897,0.637260,8.510806,0.051130,0.048453,7.065140,0.031037,0.904000
1:07:18,9700,100000,0.029659,0.000269,0.060572,0.005689,0.106512,0.045250,1.025576,656.310364,0.057117,0.055978,0.368352,7.552397,0.879488,10.940681,0.057251,0.053067,6.048802,0.031246,0.903000
1:08:13,9800,100000,0.067089,0.000245,0.063764,0.021077,0.144048,0.038269,0.977248,709.699585,0.061284,0.061352,0.369622,6.087646,0.700672,12.513465,0.060360,0.057760,6.846861,0.019921,0.902000
1:08:45,9900,100000,0.051067,0.000892,0.044136,0.019205,0.282200,0.035580,1.042352,498.695190,0.054990,0.052971,0.394177,6.696224,0.589033,15.171663,0.056225,0.050596,3.571902,0.031492,0.901000
1:09:18,10000,100000,0.064035,0.000801,0.082778,0.019984,0.142655,0.049519,0.956488,717.357666,0.054674,0.052609,0.416669,6.929638,0.662668,14.571716,0.053668,0.050038,4.576613,0.040190,0.900000
1:12:47,10100,100000,0.055400,0.000380,0.062749,0.014812,0.144766,0.044246,0.998271,923.160889,0.064469,0.063180,0.418328,7.761873,0.675335,13.336918,0.065665,0.060948,5.566310,0.024771,0.899000
1:13:19,10200,100000,0.039683,0.000505,0.048257,0.014428,0.093565,0.037000,1.036889,520.886475,0.058812,0.058085,0.386867,5.617013,0.697736,9.056404,0.059022,0.055857,4.518833,0.023103,0.898000
1:13:52,10300,100000,0.086076,0.000262,0.095898,0.022325,0.111769,0.051234,0.997908,502.527588,0.049648,0.049032,0.349572,7.323816,0.637244,7.233233,0.052164,0.047048,3.937784,0.020336,0.897000
1:14:24,10400,100000,0.057822,0.000787,0.069372,0.018253,0.206359,0.047679,0.978692,812.215515,0.057012,0.055795,0.411105,5.410894,0.653441,16.638142,0.057721,0.054604,2.514983,0.043727,0.896000
1:14:56,10500,100000,0.112014,0.000217,0.086699,0.027624,0.147879,0.034459,0.969210,884.024231,0.051613,0.050705,0.441241,6.473183,0.704247,14.651373,0.051981,0.050187,3.875258,0.022555,0.895000
1:15:28,10600,100000,0.062150,0.000330,0.083215,0.013899,0.184158,0.035912,1.018299,856.628784,0.067325,0.064932,0.383315,7.627275,0.770188,19.954544,0.072870,0.069327,8.976456,0.031966,0.894000
1:16:01,10700,100000,0.114746,0.000065,0.081234,0.042170,0.148996,0.052438,0.976405,399.517731,0.053518,0.052864,0.381465,7.190282,0.711511,11.333191,0.053676,0.050026,6.656063,0.020647,0.893000
1:16:55,10800,100000,0.125407,0.000426,0.088147,0.040759,0.197109,0.048917,1.023359,515.177551,0.057282,0.056322,0.348763,8.086482,0.777551,9.151675,0.061338,0.053624,14.175457,0.012435,0.892000
1:17:28,10900,100000,0.050754,0.000394,0.081191,0.010407,0.248143,0.041020,1.037697,1183.080078,0.057246,0.056060,0.384772,6.929023,0.604478,14.423521,0.057325,0.054326,7.957850,0.009338,0.891000
1:17:59,11000,100000,0.046894,0.000324,0.056869,0.013842,0.207062,0.037038,0.995017,944.875854,0.057416,0.056564,0.427437,6.525193,0.601246,16.075684,0.057633,0.055266,10.697116,0.021863,0.890000
1:18:32,11100,100000,0.067191,0.000505,0.082366,0.018356,0.154887,0.051974,0.998324,521.795715,0.054918,0.053668,0.362391,6.969804,0.589539,8.797314,0.052830,0.049308,7.031088,0.019015,0.889000
1:19:04,11200,100000,0.133199,0.000631,0.109479,0.026533,0.183032,0.048056,0.998953,653.547913,0.058523,0.054738,0.420229,7.884475,0.590026,11.052558,0.054763,0.049835,6.514866,0.022503,0.888000
1:19:37,11300,100000,0.099581,0.000392,0.093675,0.026202,0.181667,0.044813,0.956259,704.055481,0.065986,0.062832,0.410690,7.339029,0.687330,17.592409,0.065951,0.059834,8.325552,0.012351,0.887000
1:20:08,11400,100000,0.073947,0.000407,0.088226,0.027228,0.153242,0.059584,1.008182,822.129761,0.052305,0.051231,0.374181,6.270401,0.766087,11.959192,0.053715,0.050054,3.156602,0.028654,0.886000
1:20:40,11500,100000,0.078496,0.000172,0.055959,0.017544,0.203523,0.036208,0.995874,757.561829,0.052223,0.049743,0.397297,6.510227,0.739737,8.227579,0.051534,0.047531,3.602129,0.021429,0.885000
1:21:13,11600,100000,0.070086,0.000216,0.072949,0.025069,0.132305,0.049567,1.026148,848.384644,0.061756,0.054563,0.454759,6.030880,0.668165,15.462690,0.056311,0.052985,4.969817,0.041504,0.884000
1:21:45,11700,100000,0.050090,0.000487,0.084361,0.015400,0.208783,0.051660,1.025813,409.329376,0.059732,0.054413,0.367881,6.709436,0.612625,9.768726,0.059551,0.053309,5.237545,0.026575,0.883000
1:22:39,11800,100000,0.077363,0.000133,0.069790,0.033811,0.091677,0.048263,0.985212,433.582336,0.058654,0.055692,0.320220,6.897333,0.711055,17.055744,0.055895,0.052698,12.907095,0.015075,0.882000
1:23:11,11900,100000,0.049904,0.000139,0.071121,0.015985,0.215219,0.048421,1.009156,836.754395,0.060771,0.058338,0.328102,8.147914,0.610754,16.168980,0.061992,0.055733,2.164357,0.017753,0.881000
1:23:44,12000,100000,0.099543,0.000145,0.096585,0.032245,0.186085,0.053080,0.993842,315.272217,0.050525,0.050395,0.389212,5.946462,0.655306,11.284297,0.050971,0.047663,7.375111,0.015816,0.880000
1:27:08,12100,100000,0.124962,0.000274,0.101469,0.040419,0.132383,0.050875,0.997374,689.735352,0.048102,0.047278,0.363484,6.614440,0.662909,9.849438,0.049312,0.045404,3.534130,0.021258,0.879000
1:27:41,12200,100000,0.080358,0.000160,0.079508,0.034324,0.193105,0.058117,1.027386,917.682495,0.056346,0.055599,0.379656,6.314310,0.614680,21.619564,0.055979,0.053294,7.262868,0.041034,0.878000
1:28:13,12300,100000,0.099131,0.000612,0.081743,0.036316,0.107868,0.056387,0.937891,783.203308,0.059747,0.055892,0.410811,6.164904,0.785276,19.669136,0.052819,0.048844,2.577435,0.027230,0.877000
1:28:45,12400,100000,0.126835,0.000364,0.071957,0.027377,0.220396,0.036250,0.975911,679.092773,0.048784,0.047562,0.367236,6.185520,0.483301,14.952732,0.047464,0.044632,3.143027,0.030218,0.876000
1:29:16,12500,100000,0.069239,0.000616,0.081584,0.028048,0.068463,0.050235,1.064006,429.340698,0.062032,0.059698,0.365780,6.588244,0.736881,9.959975,0.057963,0.056356,4.124202,0.016208,0.875000
1:29:49,12600,100000,0.054454,0.000072,0.058764,0.022020,0.163527,0.041895,0.991469,1253.333984,0.055816,0.053283,0.392888,7.010047,0.538250,15.627510,0.056426,0.051295,2.613016,0.037460,0.874000
1:30:21,12700,100000,0.070728,0.000118,0.076965,0.026944,0.217498,0.052521,0.991579,483.382050,0.051052,0.049375,0.367397,6.268825,0.494129,10.238407,0.053831,0.047429,5.928410,0.011222,0.873000
1:31:15,12800,100000,0.055772,0.000468,0.048028,0.019939,0.215207,0.046410,0.993080,735.033752,0.055043,0.053459,0.334300,6.555530,0.586316,13.035858,0.054378,0.051492,2.467445,0.020650,0.872000
1:31:47,12900,100000,0.059237,0.000120,0.071923,0.013483,0.189220,0.040253,1.001687,594.760193,0.060267,0.056866,0.335876,5.569197,0.576758,20.592720,0.055960,0.054177,3.994985,0.012156,0.871000
1:32:19,13000,100000,0.090162,0.000250,0.088081,0.032523,0.171961,0.055900,1.031445,586.707886,0.054148,0.053391,0.381678,6.810268,0.655359,10.167180,0.053424,0.050725,7.267257,0.037446,0.870000
1:32:51,13100,100000,0.082679,0.000057,0.059863,0.022996,0.204968,0.036545,1.001263,777.904724,0.050034,0.047545,0.402865,7.716659,0.539089,9.497236,0.048201,0.045992,6.479405,0.023678,0.869000
1:33:23,13200,100000,0.080507,0.000135,0.095849,0.023338,0.241958,0.055608,1.000353,926.071167,0.058380,0.054688,0.333401,6.953723,0.539765,15.661556,0.054981,0.051864,6.744000,0.025299,0.868000
1:33:54,13300,100000,0.074388,0.001058,0.057062,0.020467,0.234156,0.037121,0.948814,1084.321655,0.059483,0.056368,0.378352,6.197289,0.485776,20.509933,0.056700,0.052970,4.053058,0.021223,0.867000
1:34:26,13400,100000,0.044908,0.000418,0.066981,0.007685,0.162751,0.033301,1.033408,699.496887,0.058552,0.057973,0.329642,7.633621,0.765184,19.636566,0.059332,0.054914,4.558453,0.032013,0.866000
1:34:59,13500,100000,0.066341,0.000062,0.066969,0.023110,0.238973,0.044873,0.984537,480.643494,0.046725,0.045626,0.336394,6.180037,0.461366,8.338535,0.047001,0.043194,2.589467,0.015952,0.865000
1:35:30,13600,100000,0.101105,0.000108,0.074287,0.027508,0.143852,0.043968,1.021562,493.798309,0.061832,0.056675,0.367018,7.340462,0.614054,12.252406,0.060971,0.054023,3.351064,0.052680,0.864000
1:36:24,13700,100000,0.065697,0.000190,0.093046,0.015165,0.198595,0.051576,1.012763,586.705200,0.061268,0.058280,0.400793,6.987842,0.672597,11.687626,0.063814,0.056951,6.047088,0.019985,0.863000
1:36:56,13800,100000,0.071946,0.000443,0.071998,0.029541,0.155457,0.050454,0.977960,367.556396,0.051724,0.049557,0.412356,7.298652,0.776182,11.705652,0.049719,0.047056,5.317074,0.021538,0.862000
1:37:28,13900,100000,0.083287,0.000200,0.050177,0.027685,0.218839,0.035422,1.025736,532.985291,0.053945,0.049722,0.379342,6.442485,0.465121,16.272152,0.050408,0.049135,4.668691,0.033331,0.861000
1:38:00,14000,100000,0.118120,0.000465,0.077408,0.036060,0.162137,0.045776,0.967945,607.144775,0.059051,0.057171,0.411199,7.432785,0.592439,8.876070,0.056303,0.053367,8.290566,0.030222,0.860000
1:41:20,14100,100000,0.067603,0.000131,0.078608,0.024213,0.211047,0.049630,0.987943,883.044678,0.057476,0.056825,0.304892,6.997203,0.590968,12.713581,0.059456,0.053224,3.307557,0.026048,0.859000
1:41:52,14200,100000,0.111982,0.000269,0.093347,0.032669,0.167029,0.054546,0.986808,448.808167,0.051541,0.048111,0.393832,7.810741,0.531779,13.637956,0.051435,0.046290,3.091316,0.030006,0.858000
1:42:24,14300,100000,0.088587,0.000372,0.073462,0.036626,0.182964,0.048257,1.027674,718.750122,0.053690,0.051938,0.342618,6.561230,0.538120,16.361488,0.053147,0.049175,4.771311,0.038142,0.857000
1:42:56,14400,100000,0.120167,0.000059,0.104405,0.028967,0.218244,0.038176,0.989496,863.641479,0.046024,0.044373,0.372488,6.833034,0.474407,10.765638,0.045167,0.042432,4.109450,0.031818,0.856000
1:43:29,14500,100000,0.120312,0.000478,0.068669,0.050088,0.241109,0.047744,1.043473,456.643921,0.053521,0.049584,0.376562,6.276098,0.462516,12.116740,0.055174,0.047075,8.478841,0.025318,0.855000
1:44:02,14600,100000,0.079254,0.000485,0.049452,0.040097,0.166715,0.037403,0.974370,1181.183472,0.056063,0.054934,0.352210,8.005461,0.591023,15.951132,0.056669,0.052485,4.177453,0.032909,0.854000
1:44:56,14700,100000,0.053877,0.000233,0.050791,0.025629,0.236257,0.040719,1.030483,700.235474,0.057469,0.053826,0.308318,6.987459,0.564926,14.334131,0.058480,0.051648,3.442830,0.034780,0.853000
1:45:28,14800,100000,0.066014,0.000166,0.077114,0.022495,0.130675,0.051996,1.013453,903.166687,0.047485,0.044970,0.353644,8.353580,0.699326,10.546515,0.048644,0.043328,4.803785,0.043490,0.852000
1:46:01,14900,100000,0.084333,0.000278,0.078859,0.024670,0.157046,0.041091,0.985267,761.743408,0.056055,0.055084,0.361039,8.005926,0.571571,12.845825,0.055375,0.052895,4.649103,0.025627,0.851000
1:46:34,15000,100000,0.081001,0.000245,0.087737,0.023609,0.206540,0.047736,0.970472,550.323669,0.053752,0.052667,0.350121,7.723855,0.525103,12.762339,0.053717,0.049845,3.247645,0.009479,0.850000
1:47:06,15100,100000,0.096168,0.000181,0.090182,0.039685,0.175689,0.054212,0.985215,966.699463,0.050981,0.048382,0.373955,7.878914,0.673310,11.711209,0.049116,0.047011,6.447570,0.033138,0.849000
1:47:38,15200,100000,0.066827,0.001088,0.057738,0.026261,0.102895,0.042758,0.958703,977.973694,0.065848,0.064033,0.371706,6.763899,0.713309,15.401587,0.066326,0.060535,7.646358,0.015894,0.848000
1:48:10,15300,100000,0.092537,0.000401,0.086191,0.026481,0.132033,0.049777,1.029465,601.423218,0.054852,0.051366,0.384881,7.776797,0.661332,10.415340,0.054747,0.049421,7.780240,0.012899,0.847000
1:48:43,15400,100000,0.044255,0.000620,0.056056,0.018684,0.143262,0.041353,1.025631,842.764038,0.057143,0.055869,0.324948,7.205964,0.629401,13.382302,0.062069,0.052834,7.164761,0.011414,0.846000
1:49:16,15500,100000,0.122771,0.000135,0.069403,0.045676,0.159506,0.045680,1.009990,876.873718,0.055096,0.053763,0.341980,6.653348,0.644776,9.859691,0.054976,0.050581,4.838140,0.032995,0.845000
1:49:47,15600,100000,0.084938,0.000299,0.066484,0.030172,0.206655,0.040120,0.976316,548.920898,0.052192,0.048683,0.321134,6.267404,0.549560,10.829936,0.049974,0.047358,7.042789,0.012708,0.844000
1:50:42,15700,100000,0.054790,0.000100,0.061085,0.013673,0.211027,0.032951,1.013972,1063.536133,0.054207,0.053703,0.314246,7.848590,0.585979,14.681793,0.054620,0.051917,3.717332,0.051455,0.843000
1:51:15,15800,100000,0.085917,0.000071,0.067837,0.034526,0.239606,0.046849,1.000011,667.375305,0.053660,0.052782,0.333550,8.108418,0.498884,15.969787,0.056138,0.050671,4.393898,0.026486,0.842000
1:51:48,15900,100000,0.078156,0.000138,0.054308,0.025446,0.210109,0.040923,1.013190,1194.057739,0.071845,0.067003,0.343439,6.919386,0.537478,23.149748,0.071215,0.062952,4.718834,0.030789,0.841000
1:52:20,16000,100000,0.081103,0.000137,0.070657,0.032048,0.161278,0.045018,0.990685,630.059631,0.048193,0.047340,0.299214,6.928865,0.561776,5.333258,0.050040,0.045802,3.040322,0.026592,0.840000
1:55:38,16100,100000,0.093701,0.000327,0.052258,0.040168,0.122335,0.043825,0.981109,802.525269,0.068542,0.064505,0.342653,8.080051,0.607104,9.111034,0.067875,0.061950,5.037258,0.029575,0.839000
1:56:10,16200,100000,0.073214,0.000276,0.089466,0.010412,0.328002,0.025120,0.995054,771.104492,0.044133,0.042950,0.329446,7.265876,0.476747,13.191914,0.045815,0.043767,3.147141,0.010812,0.838000
1:56:42,16300,100000,0.079992,0.001149,0.084390,0.023381,0.181023,0.043435,1.046091,1116.206299,0.054406,0.053597,0.354836,6.527113,0.613866,9.751609,0.052870,0.050194,4.780313,0.022026,0.837000
1:57:14,16400,100000,0.080357,0.000180,0.081592,0.029523,0.208908,0.049393,0.985256,664.054199,0.047939,0.047272,0.294644,7.374679,0.497502,12.973184,0.050202,0.045956,3.124942,0.029947,0.836000
1:57:46,16500,100000,0.082592,0.000172,0.096397,0.027378,0.191536,0.057956,1.001002,786.655701,0.050715,0.048729,0.335105,7.195787,0.591807,15.440024,0.051979,0.045549,5.422766,0.034743,0.835000
1:58:17,16600,100000,0.077040,0.000110,0.055094,0.026699,0.286765,0.041523,1.011681,684.531677,0.065222,0.063403,0.320269,7.232124,0.750345,15.917200,0.066037,0.061278,2.487359,0.059751,0.834000
1:59:12,16700,100000,0.122955,0.000224,0.066229,0.031840,0.274485,0.036661,1.003824,1009.923645,0.060209,0.056686,0.383425,5.914224,0.442917,7.753917,0.056234,0.053206,7.145556,0.028391,0.833000
1:59:44,16800,100000,0.089920,0.000113,0.093326,0.024515,0.184428,0.047367,0.971961,983.366882,0.054083,0.053787,0.316454,5.542029,0.513125,5.192197,0.054081,0.050203,5.847681,0.006926,0.832000
2:00:16,16900,100000,0.058979,0.000634,0.051781,0.032200,0.162976,0.041813,1.006590,829.499756,0.056311,0.055905,0.316526,5.554810,0.523689,13.841606,0.057816,0.054147,4.310380,0.030602,0.831000
2:00:48,17000,100000,0.051441,0.000265,0.054530,0.024338,0.130308,0.041289,1.022110,884.635071,0.062305,0.057475,0.338055,7.147137,0.617700,21.697065,0.060257,0.055644,2.915847,0.016813,0.830000
2:01:20,17100,100000,0.062906,0.000309,0.047560,0.030705,0.162354,0.039609,0.975793,832.451477,0.065043,0.060226,0.321811,6.766846,0.525652,11.942376,0.067682,0.058754,5.073888,0.044501,0.829000
2:01:53,17200,100000,0.102438,0.000198,0.056278,0.039661,0.199559,0.042612,0.981128,626.270264,0.050577,0.048969,0.395036,8.118061,0.534191,12.790921,0.051134,0.047344,3.769554,0.025081,0.828000
2:02:24,17300,100000,0.104637,0.000193,0.088130,0.044532,0.281829,0.048981,0.964825,1108.888794,0.046978,0.045484,0.407387,7.014932,0.431211,12.135371,0.046041,0.043786,4.234385,0.013737,0.827000
2:02:56,17400,100000,0.052423,0.000651,0.059491,0.020031,0.241532,0.049669,1.046425,1043.314697,0.054864,0.053493,0.338960,6.345112,0.562020,10.495052,0.059543,0.051184,5.213451,0.041842,0.826000
2:03:29,17500,100000,0.080810,0.000163,0.079016,0.033017,0.171367,0.044445,1.017979,913.729248,0.050520,0.049916,0.311196,7.295663,0.573942,16.693207,0.051103,0.048178,5.582349,0.034224,0.825000
2:04:01,17600,100000,0.035371,0.000217,0.068182,0.012899,0.196222,0.053137,1.001373,1094.023682,0.057532,0.053287,0.371799,7.858638,0.596389,6.554467,0.057301,0.050965,4.372063,0.014022,0.824000
2:04:56,17700,100000,0.080630,0.000222,0.062676,0.030498,0.192476,0.044177,0.994841,795.074219,0.048188,0.046405,0.346791,7.622057,0.620046,16.005100,0.053903,0.043818,4.718259,0.041585,0.823000
2:05:28,17800,100000,0.099486,0.000428,0.071560,0.035152,0.130127,0.050589,0.973393,1042.402466,0.047316,0.046604,0.426969,6.987187,0.703576,15.751237,0.048929,0.044185,4.538412,0.044809,0.822000
2:06:00,17900,100000,0.103444,0.000245,0.088474,0.028989,0.211493,0.038548,0.979549,1119.837158,0.054859,0.054406,0.318181,8.812150,0.511616,11.491934,0.055807,0.050969,9.622491,0.018067,0.821000
2:06:32,18000,100000,0.060277,0.000062,0.065346,0.017730,0.142168,0.045801,1.014305,695.795959,0.065635,0.063499,0.422783,8.763297,0.624046,8.418089,0.069780,0.062732,6.976241,0.011573,0.820000
2:10:07,18100,100000,0.096582,0.000324,0.096283,0.023125,0.226046,0.052715,0.984459,948.221313,0.055267,0.053713,0.343246,6.999794,0.466410,15.336664,0.054080,0.052232,6.123907,0.025791,0.819000
2:10:39,18200,100000,0.067276,0.000031,0.041952,0.033828,0.242799,0.039295,1.008289,751.803711,0.060745,0.056504,0.406702,6.641782,0.640079,12.644820,0.062264,0.054977,13.462486,0.019047,0.818000
2:11:11,18300,100000,0.065552,0.000191,0.070155,0.023888,0.139068,0.047506,1.020535,817.817261,0.056924,0.055206,0.349045,7.795438,0.623266,7.502655,0.055441,0.052009,5.916750,0.033472,0.817000
2:11:44,18400,100000,0.037308,0.000148,0.056551,0.008213,0.143206,0.035735,0.961122,881.477112,0.059064,0.058262,0.360371,7.641065,0.643858,12.301785,0.061094,0.055251,7.913240,0.028067,0.816000
2:12:17,18500,100000,0.080444,0.000286,0.060485,0.029065,0.144224,0.041715,0.993824,752.910278,0.058163,0.054735,0.321671,7.751534,0.690867,15.322395,0.067995,0.056920,5.644855,0.029186,0.815000
2:13:14,18600,100000,0.063669,0.001020,0.059596,0.021345,0.111909,0.041682,0.919344,573.319336,0.059038,0.059116,0.349784,8.631248,0.890572,14.807598,0.058766,0.056157,8.266656,0.017600,0.814000
2:13:46,18700,100000,0.095462,0.000183,0.072344,0.032992,0.126434,0.046019,0.999240,532.187439,0.055913,0.054810,0.321044,9.114929,0.680041,11.855599,0.063168,0.052264,7.022760,0.012843,0.813000
2:14:19,18800,100000,0.067908,0.000181,0.074597,0.020106,0.197026,0.043252,1.009973,1040.284546,0.061685,0.059853,0.366544,7.214303,0.562989,16.454193,0.064061,0.057416,7.874084,0.041236,0.812000
2:14:52,18900,100000,0.033039,0.000425,0.048395,0.008904,0.152243,0.037583,0.986096,952.532715,0.061113,0.058521,0.349365,5.906954,0.696983,16.072126,0.063557,0.056831,7.234171,0.035512,0.811000
2:15:25,19000,100000,0.061871,0.000092,0.072374,0.022228,0.161133,0.047711,0.997139,1311.274414,0.059235,0.057922,0.286368,6.941522,0.621891,13.451718,0.056386,0.054869,5.989823,0.021521,0.810000
2:15:57,19100,100000,0.059905,0.000039,0.067350,0.022516,0.088117,0.047461,0.994316,770.855713,0.060752,0.059577,0.398837,7.498817,0.703140,12.893192,0.064797,0.056147,8.918337,0.033969,0.809000
2:16:29,19200,100000,0.105518,0.000303,0.079229,0.017989,0.185459,0.033948,0.996206,911.095520,0.049673,0.048917,0.346633,7.987288,0.688128,11.554790,0.051807,0.049425,6.108926,0.033567,0.808000
2:17:02,19300,100000,0.035900,0.000186,0.070037,0.010150,0.085082,0.046893,1.020644,795.699463,0.060622,0.058038,0.362910,8.941837,1.110250,9.868059,0.061967,0.055839,12.458052,0.006311,0.807000
2:17:34,19400,100000,0.112301,0.000107,0.088456,0.034787,0.100687,0.052705,0.999493,1150.064941,0.052689,0.048545,0.386776,8.944500,0.847396,11.619364,0.058173,0.050461,12.222483,0.027693,0.806000
2:18:06,19500,100000,0.062343,0.000522,0.111440,0.013658,0.107539,0.040035,1.024518,771.767639,0.061960,0.060622,0.375087,8.312035,0.763721,9.840407,0.066862,0.057663,5.938626,0.018475,0.805000
2:19:01,19600,100000,0.060380,0.000137,0.053932,0.024864,0.180818,0.037757,0.985986,1026.257935,0.056654,0.053859,0.375355,7.030697,0.535762,7.717153,0.055441,0.051244,7.511355,0.019585,0.804000
2:19:34,19700,100000,0.046297,0.000351,0.072113,0.016849,0.236895,0.047285,0.950037,1041.635254,0.061626,0.057876,0.338756,8.927968,0.527787,6.535563,0.063209,0.056138,3.479344,0.029984,0.803000
2:20:06,19800,100000,0.057271,0.000449,0.099311,0.011703,0.144007,0.040379,0.980792,977.894348,0.058256,0.056675,0.336230,7.305280,0.727472,12.735662,0.057947,0.055324,13.446896,0.020160,0.802000
2:20:38,19900,100000,0.034428,0.000124,0.073927,0.008712,0.269009,0.046876,1.007273,712.311279,0.051531,0.050053,0.351965,7.848380,0.561474,16.142340,0.051842,0.048688,5.120380,0.049543,0.801000
2:21:11,20000,100000,0.081494,0.000132,0.053757,0.018018,0.162096,0.033820,1.017830,666.889221,0.064814,0.060075,0.339495,7.614408,0.692975,7.731480,0.063259,0.056952,6.915912,0.043906,0.800000
2:24:31,20100,100000,0.092665,0.000141,0.073808,0.035146,0.088178,0.049273,0.994940,746.362549,0.058263,0.055896,0.389641,8.839689,0.788955,13.979146,0.059341,0.054358,7.111971,0.049702,0.799000
2:25:03,20200,100000,0.044312,0.000353,0.060386,0.010891,0.129152,0.038434,0.971589,626.651978,0.060328,0.059070,0.342791,8.294778,0.915368,9.938091,0.067398,0.057043,10.158962,0.023520,0.798000
2:25:35,20300,100000,0.077519,0.000231,0.104870,0.031136,0.139579,0.061462,1.002240,1074.083740,0.048861,0.048887,0.309464,7.743145,0.740534,9.757865,0.049567,0.045696,17.229759,0.021592,0.797000
2:26:08,20400,100000,0.079091,0.000161,0.077378,0.019204,0.201899,0.053111,0.999116,778.951355,0.056658,0.054312,0.338742,8.303601,0.583489,6.403141,0.054174,0.050467,5.835099,0.022536,0.796000
2:26:40,20500,100000,0.039174,0.000280,0.102944,0.010838,0.101934,0.049752,0.982664,606.902466,0.064835,0.062375,0.338593,7.879847,0.774647,12.609919,0.065095,0.059452,8.136932,0.020252,0.795000
2:27:36,20600,100000,0.015592,0.000305,0.058940,0.003009,0.125077,0.035917,0.995030,882.012695,0.055139,0.054944,0.326580,7.687061,0.809897,19.080837,0.055998,0.053827,8.040266,0.019091,0.794000
2:28:07,20700,100000,0.036187,0.000250,0.058749,0.008892,0.068546,0.037951,0.985985,857.120789,0.057508,0.057350,0.366703,7.718407,0.824848,17.010925,0.063144,0.055863,17.639492,0.027252,0.793000
2:28:40,20800,100000,0.044434,0.000110,0.097967,0.012811,0.142542,0.050489,0.995850,854.528198,0.061921,0.061436,0.313017,7.685735,0.675754,10.512184,0.062617,0.058968,19.567713,0.034876,0.792000
2:29:13,20900,100000,0.043858,0.000026,0.042456,0.015395,0.030797,0.030958,0.990929,950.624023,0.067279,0.065559,0.321631,7.886400,0.851606,8.589598,0.068453,0.062501,19.283260,0.024215,0.791000
2:29:45,21000,100000,0.031472,0.000199,0.045913,0.006678,0.052199,0.035319,0.973621,1241.142212,0.073474,0.072422,0.325275,8.024230,0.751576,10.081350,0.075921,0.069839,35.239025,0.022596,0.790000
2:30:17,21100,100000,0.102093,0.000233,0.085315,0.016521,0.173906,0.038032,0.978320,1203.054199,0.069324,0.067654,0.366933,6.602551,0.685163,13.412200,0.071695,0.066053,18.730497,0.028223,0.789000
2:30:50,21200,100000,0.021703,0.000179,0.062387,0.003685,0.327247,0.040639,0.998391,1186.577271,0.066575,0.063525,0.326112,7.023742,0.643860,17.135866,0.067048,0.061508,12.683079,0.080265,0.788000
2:31:22,21300,100000,0.096639,0.000440,0.141298,0.001224,0.149663,0.017346,0.971666,1025.755615,0.062271,0.063414,0.301143,7.259141,0.953260,12.190500,0.062786,0.061153,14.860741,0.029240,0.787000
2:31:54,21400,100000,0.049056,0.000088,0.095338,0.010010,0.274279,0.027901,1.004107,943.411804,0.055859,0.053578,0.285098,7.258451,0.604393,14.074425,0.054815,0.052405,11.058512,0.043590,0.786000
2:32:26,21500,100000,0.036284,0.000487,0.097423,0.009426,0.152893,0.043763,1.013379,1023.333008,0.057759,0.055776,0.346719,8.204649,0.786426,11.695477,0.061686,0.053244,13.577349,0.015640,0.785000
2:33:23,21600,100000,0.075419,0.000142,0.086886,0.014843,0.246890,0.052274,1.015301,1063.533936,0.056275,0.055351,0.376697,7.760988,0.660479,12.505509,0.058275,0.052469,12.852240,0.032876,0.784000
2:33:56,21700,100000,0.032131,0.000174,0.081220,0.009797,0.114858,0.045376,1.005765,1058.678955,0.060237,0.060004,0.337775,6.962120,0.784753,16.186798,0.062149,0.058486,16.640839,0.035310,0.783000
2:34:29,21800,100000,0.043930,0.000065,0.070349,0.007218,0.100949,0.038998,1.002087,1007.885132,0.061334,0.061156,0.304466,7.090744,0.895273,12.375893,0.060500,0.058631,21.206448,0.020209,0.782000
2:35:02,21900,100000,0.046979,0.000117,0.080604,0.015052,0.130906,0.049667,0.996548,799.937134,0.065354,0.064728,0.298434,8.957118,0.695144,9.052262,0.069855,0.062126,42.491093,0.039460,0.781000
2:35:34,22000,100000,0.038997,0.000199,0.077779,0.007801,0.169751,0.048949,1.027082,1495.340454,0.057769,0.057032,0.310377,8.918586,0.763838,15.089931,0.064496,0.054902,28.787182,0.027751,0.780000
2:39:03,22100,100000,0.027001,0.000135,0.066112,0.009300,0.119466,0.033005,0.993208,922.944031,0.062028,0.061813,0.310110,6.819534,0.703024,14.099837,0.066712,0.059936,21.991880,0.032113,0.779000
2:39:35,22200,100000,0.112095,0.000112,0.054038,0.029569,0.146264,0.026832,1.018906,629.568115,0.062427,0.059902,0.319313,7.621980,0.762195,15.848740,0.062624,0.057958,5.896296,0.036680,0.778000
2:40:07,22300,100000,0.068115,0.000420,0.094779,0.015586,0.161597,0.036312,1.082582,908.910828,0.055162,0.053355,0.304177,7.659158,1.085327,18.800795,0.056069,0.051739,10.239088,0.014047,0.777000
2:40:40,22400,100000,0.060821,0.000161,0.083939,0.008251,0.155602,0.027361,0.957485,880.809448,0.050843,0.049858,0.373269,8.401857,0.533116,10.966026,0.050512,0.048986,7.168892,0.022651,0.776000
2:41:36,22500,100000,0.043749,0.000134,0.059808,0.013445,0.072861,0.030575,1.001172,753.082397,0.060730,0.058718,0.375881,7.974789,1.010356,11.160913,0.061900,0.055873,21.659821,0.012653,0.775000
2:42:08,22600,100000,0.059596,0.000249,0.085360,0.005917,0.095431,0.026546,1.011754,1187.951782,0.058784,0.057362,0.342673,6.902141,1.039164,10.666642,0.061748,0.055960,19.396544,0.033681,0.774000
2:42:39,22700,100000,0.061637,0.000099,0.095515,0.012535,0.131942,0.049188,0.993589,1066.592529,0.055348,0.052587,0.345855,7.246871,0.764780,7.751393,0.059265,0.051260,7.858852,0.010812,0.773000
2:43:11,22800,100000,0.026247,0.000136,0.040964,0.006551,0.134197,0.028588,1.000901,574.480957,0.070473,0.068530,0.329366,8.792365,0.772236,15.470861,0.072340,0.066564,28.322670,0.018266,0.772000
2:43:44,22900,100000,0.038249,0.000606,0.037851,0.015445,0.157865,0.027906,0.974011,1309.687256,0.060418,0.060683,0.276047,7.874229,0.682686,11.205095,0.068371,0.058343,11.592013,0.028503,0.771000
2:44:18,23000,100000,0.028998,0.000057,0.073223,0.005649,0.095822,0.039311,1.002718,1318.380859,0.055703,0.053699,0.292548,7.228767,0.762840,17.958445,0.056635,0.052123,5.031757,0.030545,0.770000
2:44:51,23100,100000,0.081916,0.000084,0.035135,0.037762,0.044765,0.028299,1.007975,975.738586,0.069847,0.068967,0.337868,7.671973,0.929163,15.116199,0.073491,0.065831,24.017525,0.019824,0.769000
2:45:24,23200,100000,0.037461,0.000096,0.056799,0.009269,0.072699,0.031079,0.993870,656.165222,0.050497,0.049530,0.322573,7.550081,0.963750,14.889807,0.051907,0.048660,8.172951,0.014684,0.768000
2:45:58,23300,100000,0.058576,0.000803,0.064366,0.019971,0.102012,0.041077,0.973396,740.535278,0.068090,0.062244,0.367257,9.291811,0.725780,16.581562,0.069472,0.058773,41.385979,0.022812,0.767000
2:46:32,23400,100000,0.057329,0.000172,0.071247,0.017583,0.234671,0.028526,1.032604,889.754089,0.060038,0.058920,0.384151,7.401371,0.562315,18.677105,0.061675,0.058108,14.478243,0.018083,0.766000
2:47:29,23500,100000,0.062623,0.000270,0.059164,0.016038,0.135696,0.041186,0.968747,788.557861,0.061399,0.057573,0.317734,9.416045,0.805191,8.734252,0.063157,0.055167,13.772037,0.021025,0.765000
2:48:02,23600,100000,0.069346,0.001458,0.098216,0.019211,0.151152,0.050394,1.047122,856.501709,0.059138,0.057438,0.345332,7.639451,0.744528,12.195446,0.062401,0.055545,15.938576,0.020827,0.764000
2:48:35,23700,100000,0.025841,0.000262,0.061924,0.007287,0.199905,0.041113,1.028828,952.248291,0.064419,0.062082,0.364993,7.404087,0.643899,13.435883,0.063583,0.060149,4.364058,0.042902,0.763000
2:49:08,23800,100000,0.093254,0.000153,0.092663,0.036044,0.197007,0.048612,0.994316,850.033447,0.050354,0.048395,0.315079,7.378767,0.774197,10.553329,0.050132,0.047053,4.294353,0.021393,0.762000
2:49:41,23900,100000,0.053179,0.000501,0.084061,0.014221,0.196158,0.038766,0.981142,800.993408,0.052379,0.051096,0.358507,5.000412,0.730512,11.818578,0.052157,0.049984,2.169113,0.053107,0.761000
2:50:15,24000,100000,0.057835,0.000239,0.086264,0.018131,0.084277,0.049639,1.005524,975.396851,0.055066,0.053675,0.327821,8.342477,0.799496,9.133178,0.053862,0.051569,3.239182,0.037359,0.760000
2:53:44,24100,100000,0.107360,0.000386,0.094347,0.025396,0.132646,0.045315,0.959706,953.019409,0.051745,0.050690,0.350902,7.112329,0.708979,7.121023,0.052951,0.049762,6.482357,0.028846,0.759000
2:54:17,24200,100000,0.141794,0.000404,0.118713,0.022425,0.140504,0.045528,1.010348,1236.421265,0.052226,0.051732,0.330926,7.386879,0.649124,13.215458,0.054973,0.050055,4.192906,0.014963,0.758000
2:54:50,24300,100000,0.038603,0.000139,0.070407,0.010310,0.126051,0.043551,1.003805,720.627075,0.057390,0.056955,0.352621,8.404708,0.780346,13.016096,0.059087,0.055388,15.661945,0.022330,0.757000
2:55:22,24400,100000,0.039610,0.000416,0.083739,0.012318,0.067726,0.052666,1.023065,1020.409851,0.060844,0.059665,0.393263,8.487971,0.897373,12.242148,0.061233,0.058115,34.925880,0.021479,0.756000
2:56:19,24500,100000,0.027469,0.000203,0.071434,0.008759,0.109622,0.047196,1.012081,848.349976,0.058486,0.056775,0.308157,7.853107,0.765706,15.977016,0.066516,0.056784,30.411390,0.037376,0.755000
2:56:52,24600,100000,0.047881,0.000393,0.073818,0.004212,0.115791,0.030593,1.051516,852.290405,0.060387,0.059499,0.312411,7.723897,0.821186,8.698175,0.060409,0.058319,33.771473,0.030306,0.754000
2:57:25,24700,100000,0.047865,0.000210,0.093410,0.005845,0.122343,0.040807,1.006808,886.164185,0.047706,0.047956,0.336188,6.987679,1.012923,12.877636,0.049263,0.047268,20.542284,0.038971,0.753000
2:57:57,24800,100000,0.083323,0.000213,0.088472,0.023740,0.062223,0.051397,1.016725,632.157593,0.072830,0.067618,0.371984,6.955615,0.850066,14.933879,0.072766,0.063606,46.783627,0.024322,0.752000
2:58:28,24900,100000,0.075510,0.000087,0.094163,0.015833,0.200147,0.050011,1.010368,1129.345093,0.052732,0.052633,0.321747,9.043560,0.599607,16.264750,0.053886,0.051343,11.810934,0.019845,0.751000
2:59:01,25000,100000,0.042153,0.000341,0.054705,0.009924,0.105794,0.036553,0.996959,591.258301,0.060958,0.059049,0.351901,8.252714,0.794584,13.959740,0.064612,0.057521,19.073200,0.024638,0.750000
2:59:33,25100,100000,0.056287,0.000174,0.224898,0.008782,0.170628,0.024268,1.015230,752.324463,0.058613,0.058519,0.348157,8.990797,0.663278,16.905153,0.056603,0.055324,34.553619,0.032492,0.749000
3:00:05,25200,100000,0.061176,0.000044,0.081269,0.008910,0.102536,0.049045,1.000015,1204.928711,0.078886,0.076077,0.325606,7.341389,0.863903,18.058064,0.078428,0.071669,113.871468,0.007302,0.748000
3:00:37,25300,100000,0.040144,0.000269,0.068649,0.007811,0.113144,0.042067,1.016784,881.044617,0.057827,0.057853,0.374727,8.245689,0.887200,14.582185,0.057366,0.056386,54.590652,0.041009,0.747000
3:01:10,25400,100000,0.044053,0.000539,0.048417,0.014254,0.019725,0.027376,1.003636,978.905579,0.074004,0.074788,0.347523,9.334495,0.878694,17.960875,0.076751,0.071698,78.915863,0.018821,0.746000
3:02:06,25500,100000,0.055614,0.000194,0.049515,0.009988,0.116550,0.036171,0.996215,902.064941,0.060969,0.060511,0.358994,7.946751,0.848407,12.193233,0.064567,0.059646,38.346928,0.024710,0.745000
3:02:39,25600,100000,0.025009,0.000127,0.051625,0.008486,0.013776,0.029777,1.002000,553.399292,0.067732,0.065917,0.314051,7.596508,0.912997,8.887832,0.072081,0.067630,59.338509,0.020375,0.744000
3:03:12,25700,100000,0.009184,0.000222,0.042965,0.000996,0.064528,0.025768,1.008133,1031.756348,0.068695,0.067600,0.323266,7.239341,1.184963,8.829123,0.072309,0.066709,106.822411,0.022249,0.743000
3:03:44,25800,100000,0.036323,0.001139,0.054173,0.004693,0.009619,0.023510,0.945008,1011.004700,0.076486,0.077811,0.286649,8.631621,1.039081,12.152210,0.091963,0.074699,49.615158,0.046662,0.742000
3:04:18,25900,100000,0.022051,0.000563,0.087123,0.002865,0.084930,0.052874,1.019050,1130.133911,0.058829,0.058776,0.292461,6.842943,0.875246,12.630806,0.066019,0.057818,38.960651,0.027254,0.741000
