Elapsed Time,Iteration,Total Iterations,D/latent_real,D/latent_fake,D/latent_reg,D/ref_real,D/ref_fake,D/ref_reg,G/latent_adv,G/latent_dom,G/latent_trts,G/latent_cyc,G/latent_id,G/latent_sty,G/latent_ds,G/ref_adv,G/ref_dom,G/ref_trts,G/ref_cyc,G/ref_id,G/ref_sty,G/ref_ds,G/lambda_ds
0:01:12,100,100000,0.050947,0.070677,0.015397,0.008502,0.067599,0.011160,0.286253,97.233109,28.405462,0.383267,0.380250,0.572720,0.698680,0.623936,59.976730,17.067492,0.359177,0.289655,1.618458,0.027983,0.000000
0:01:49,200,100000,0.145800,0.006096,0.066599,0.019130,0.142771,0.030636,0.709457,82.660912,9.725453,0.186732,0.189510,0.541721,0.528454,0.460531,28.842003,2.531255,0.199881,0.164948,0.266526,0.021705,0.000000
0:02:26,300,100000,0.086316,0.012134,0.043300,0.004880,0.104755,0.027740,0.209920,79.348038,16.591221,0.154502,0.156455,0.493366,0.539695,0.101969,22.160507,7.089580,0.150417,0.134933,0.441703,0.008402,0.000000
0:03:02,400,100000,0.021205,0.029026,0.044668,0.002550,0.176374,0.030313,0.683562,57.704681,20.209887,0.130987,0.118238,0.529815,0.496171,0.410305,11.484230,3.252142,0.116006,0.098328,0.075144,0.017678,0.000000
0:03:37,500,100000,0.074685,0.009095,0.025055,0.018962,0.124060,0.021875,0.562099,61.925186,37.250423,0.095690,0.089587,0.500151,0.457620,0.284191,14.563850,0.930902,0.087303,0.075158,0.226100,0.003283,0.000000
0:04:36,600,100000,0.114086,0.003907,0.059528,0.031504,0.159480,0.024352,0.510316,59.569218,14.374681,0.085242,0.073492,0.517306,0.365242,0.268445,16.432062,4.979147,0.074546,0.068535,0.386886,0.020266,0.000000
0:05:14,700,100000,0.047668,0.004596,0.032165,0.004813,0.141984,0.019633,0.424929,54.620804,10.757844,0.078075,0.068593,0.528763,0.291461,0.496627,21.398260,5.788456,0.069310,0.062357,0.394123,0.060455,0.000000
0:05:51,800,100000,0.086636,0.007413,0.073320,0.007697,0.098632,0.029395,0.750221,9.838193,4.197556,0.125181,0.116173,0.475998,0.145310,0.556241,12.396193,1.241410,0.102787,0.095389,0.080727,0.018210,0.000000
0:06:28,900,100000,0.123471,0.001959,0.085004,0.013808,0.047696,0.024189,0.378936,20.717026,5.271171,0.102929,0.097176,0.445424,0.110588,0.112464,13.252030,2.730509,0.082353,0.077097,0.044278,0.005346,0.000000
0:07:35,1000,100000,0.108469,0.052254,0.032489,0.044271,0.120094,0.029787,0.399505,9.526516,4.570464,0.079865,0.073416,0.559303,0.081332,0.326752,8.886299,3.534681,0.077241,0.072883,0.058640,0.004144,0.000000
0:08:37,1100,100000,0.140280,0.111662,0.028586,0.090655,0.091888,0.026659,0.216402,15.485910,0.215709,0.072079,0.066432,0.510633,0.067344,0.144060,16.117298,2.328659,0.061229,0.057238,0.082919,0.007228,0.000000
0:09:16,1200,100000,0.119877,0.084319,0.054779,0.063959,0.127489,0.024685,0.267369,15.659770,1.000545,0.081004,0.071141,0.511558,0.060385,0.260123,10.854581,0.273845,0.080585,0.076971,0.134053,0.015613,0.000000
0:09:54,1300,100000,0.164200,0.066488,0.021503,0.066878,0.144764,0.019977,0.210416,14.708161,1.205544,0.063390,0.059232,0.474872,0.059724,0.174561,11.646913,0.617557,0.059634,0.056164,0.092981,0.013045,0.000000
0:10:32,1400,100000,0.197294,0.062518,0.019754,0.092379,0.103969,0.013338,0.218563,8.722267,0.921149,0.062476,0.058017,0.428176,0.048973,0.189094,11.418180,0.091241,0.058295,0.053373,0.131782,0.018834,0.000000
0:11:09,1500,100000,0.110599,0.115634,0.027398,0.095301,0.062945,0.018657,0.241683,14.224560,0.852858,0.061677,0.057099,0.373097,0.050661,0.208451,14.059164,0.404194,0.066029,0.061317,0.123025,0.014332,0.000000
0:12:08,1600,100000,0.209293,0.114549,0.015003,0.096498,0.129809,0.008836,0.181046,10.806818,0.234031,0.058271,0.051389,0.406844,0.041371,0.143600,12.417854,1.846682,0.058750,0.052508,0.130294,0.015575,0.000000
0:12:46,1700,100000,0.126651,0.082615,0.024984,0.042785,0.087235,0.014689,0.366007,6.409902,0.316437,0.053555,0.047750,0.381344,0.049562,0.322791,8.214547,0.430267,0.053982,0.048215,0.166265,0.027503,0.000000
0:13:25,1800,100000,0.106872,0.084745,0.020314,0.086468,0.086695,0.020846,0.195537,13.104986,2.491713,0.065355,0.059183,0.419091,0.046199,0.142604,11.964764,0.063702,0.059524,0.055613,0.090122,0.031532,0.000000
0:14:03,1900,100000,0.112708,0.100220,0.018427,0.086322,0.116453,0.017335,0.209382,10.866393,0.990155,0.071221,0.062282,0.406202,0.048351,0.169469,5.702265,0.570065,0.066485,0.059363,0.087932,0.022957,0.000000
0:15:10,2000,100000,0.125503,0.086892,0.021782,0.090366,0.092286,0.021791,0.199516,8.207730,1.364328,0.055638,0.045472,0.377711,0.045020,0.167990,10.995789,0.681269,0.053554,0.045781,0.070355,0.041281,0.000000
0:19:56,2100,100000,0.078221,0.093682,0.021686,0.079462,0.076316,0.029032,0.222005,12.093578,0.020812,0.066043,0.058906,0.302476,0.040485,0.157913,11.147569,0.331149,0.059808,0.054384,0.065678,0.027926,0.000000
0:20:33,2200,100000,0.066492,0.121987,0.025665,0.103569,0.076626,0.028961,0.162251,10.360875,0.327854,0.074553,0.065085,0.376274,0.052562,0.132746,7.729056,0.360670,0.069238,0.062706,0.108465,0.036628,0.000000
0:21:10,2300,100000,0.122629,0.082072,0.013052,0.065738,0.099047,0.011579,0.252927,8.923376,0.323075,0.045761,0.040406,0.381118,0.056050,0.213107,7.897382,0.216319,0.040723,0.035376,0.146451,0.032387,0.000000
0:21:47,2400,100000,0.099906,0.099113,0.013730,0.059357,0.082862,0.012993,0.261707,8.863203,1.826690,0.067426,0.056630,0.322809,0.040789,0.262266,8.374784,0.799686,0.066626,0.054465,0.075132,0.023633,0.000000
0:22:23,2500,100000,0.203180,0.082827,0.014760,0.075300,0.103748,0.007106,0.235845,7.677572,0.005161,0.049966,0.044227,0.361702,0.044923,0.184477,6.865661,0.007571,0.041194,0.036994,0.107169,0.036389,0.000000
0:23:24,2600,100000,0.134005,0.115083,0.016004,0.104613,0.077897,0.016441,0.197148,18.119377,0.184596,0.062118,0.054463,0.355017,0.036675,0.147736,7.188620,0.024662,0.059590,0.052774,0.128097,0.016438,0.000000
0:24:01,2700,100000,0.163401,0.243493,0.015463,0.149106,0.069827,0.010481,0.197465,10.456047,0.338173,0.048507,0.043825,0.373858,0.043394,0.170148,14.270939,0.537645,0.046707,0.042619,0.057832,0.037468,0.000000
0:24:39,2800,100000,0.156069,0.105762,0.013849,0.083496,0.108627,0.009419,0.171888,7.700361,0.406795,0.078114,0.065179,0.333227,0.034524,0.155965,17.475374,0.252446,0.072168,0.061133,0.130742,0.035212,0.000000
0:25:15,2900,100000,0.084910,0.077311,0.020775,0.033093,0.091380,0.016013,0.406855,12.107929,2.422295,0.065837,0.059082,0.378215,0.036302,0.372354,11.591717,0.393309,0.073197,0.059885,0.139590,0.027163,0.000000
0:26:23,3000,100000,0.161355,0.112100,0.013364,0.085878,0.121025,0.014185,0.160687,9.859987,0.084110,0.058595,0.050198,0.289524,0.038352,0.144587,10.467356,0.142416,0.058111,0.046960,0.086273,0.026339,0.000000
0:27:18,3100,100000,0.115606,0.107301,0.015910,0.097378,0.104851,0.017305,0.169595,11.143929,0.438090,0.047789,0.044357,0.282883,0.033778,0.123638,5.885938,0.914848,0.047396,0.045037,0.112470,0.022146,0.000000
0:27:56,3200,100000,0.084338,0.096164,0.012104,0.083381,0.086750,0.015238,0.226729,10.017823,0.173366,0.053104,0.044680,0.269953,0.046244,0.171941,9.502320,0.019124,0.048727,0.041789,0.071124,0.032002,0.000000
0:28:34,3300,100000,0.092347,0.142085,0.016096,0.101332,0.113000,0.014207,0.186437,16.089144,2.046127,0.057069,0.051597,0.321033,0.037336,0.165147,10.176632,0.535677,0.056933,0.050614,0.111798,0.026472,0.000000
0:29:12,3400,100000,0.092560,0.095259,0.015042,0.074557,0.090712,0.015203,0.234706,14.505165,0.354482,0.065185,0.059424,0.291483,0.038694,0.197390,13.546382,0.274501,0.063051,0.055785,0.093178,0.031514,0.000000
0:29:50,3500,100000,0.135325,0.111244,0.014103,0.115781,0.092458,0.010870,0.168821,10.611229,0.049736,0.051235,0.043278,0.271318,0.049406,0.146470,13.701868,0.009742,0.049736,0.041909,0.118187,0.044622,0.000000
0:30:48,3600,100000,0.092837,0.132638,0.014893,0.097922,0.089963,0.014722,0.165199,15.472362,0.517016,0.057347,0.048315,0.263472,0.034021,0.159909,13.424163,0.806284,0.064789,0.052554,0.070282,0.024588,0.000000
0:31:26,3700,100000,0.127400,0.120233,0.013462,0.106794,0.113419,0.012467,0.167448,7.050472,0.116353,0.050942,0.045230,0.275933,0.034226,0.145281,9.319327,0.399449,0.045085,0.040877,0.057294,0.023909,0.000000
0:32:04,3800,100000,0.116719,0.110453,0.012783,0.105095,0.084346,0.011018,0.189546,7.308917,1.380471,0.049597,0.042934,0.275317,0.051153,0.163419,11.393666,0.503031,0.047938,0.042191,0.105067,0.033892,0.000000
0:32:41,3900,100000,0.119066,0.116195,0.014097,0.087573,0.102833,0.009616,0.212152,11.850949,1.134761,0.045602,0.040320,0.314516,0.043672,0.182338,16.487907,0.036392,0.042586,0.037753,0.072562,0.046796,0.000000
0:33:51,4000,100000,0.109028,0.110699,0.012858,0.086997,0.102871,0.009639,0.195384,7.398046,0.021349,0.047290,0.041337,0.242623,0.038440,0.176705,8.726467,0.012425,0.044611,0.038541,0.070675,0.032953,0.000000
0:38:27,4100,100000,0.064101,0.153706,0.012935,0.111263,0.075393,0.017597,0.207457,14.732645,0.088663,0.048631,0.042726,0.251387,0.041330,0.179944,7.293720,0.073272,0.048955,0.042685,0.113453,0.027307,0.000000
0:39:03,4200,100000,0.079136,0.134925,0.011874,0.093879,0.093384,0.009944,0.181463,9.583878,0.061923,0.050567,0.044181,0.265403,0.039902,0.157132,17.252914,0.016217,0.045352,0.040535,0.087445,0.025695,0.000000
0:39:40,4300,100000,0.129660,0.079601,0.008672,0.084074,0.076958,0.006565,0.256620,10.709647,0.550877,0.059202,0.049644,0.254524,0.035160,0.243462,7.275713,0.649971,0.054480,0.045715,0.085328,0.024332,0.000000
0:40:17,4400,100000,0.107875,0.105244,0.010083,0.089000,0.115900,0.011167,0.187372,13.459416,0.391874,0.044880,0.038426,0.268304,0.036974,0.148285,10.353674,0.296047,0.042366,0.036933,0.073076,0.034546,0.000000
0:40:54,4500,100000,0.116200,0.132460,0.010599,0.110128,0.113431,0.010800,0.152354,8.743217,0.011453,0.041415,0.036112,0.251822,0.037762,0.136666,11.907290,0.267492,0.038296,0.034281,0.069212,0.025674,0.000000
0:41:55,4600,100000,0.110926,0.123774,0.009408,0.097618,0.102994,0.006679,0.183686,7.432479,0.312481,0.035895,0.030592,0.250907,0.036267,0.169292,6.075421,0.026407,0.034045,0.029745,0.054264,0.025748,0.000000
0:42:33,4700,100000,0.135776,0.089537,0.012809,0.091293,0.093471,0.012863,0.204120,11.339837,2.487270,0.055572,0.048910,0.261560,0.032906,0.175878,11.069269,1.104762,0.046575,0.042354,0.104083,0.021430,0.000000
0:43:10,4800,100000,0.132074,0.092572,0.009418,0.099268,0.112532,0.010072,0.172864,10.729654,0.430814,0.046727,0.038941,0.231417,0.039729,0.152739,10.826010,0.002416,0.042939,0.036117,0.052142,0.040876,0.000000
0:44:13,4900,100000,0.105973,0.095915,0.011258,0.080071,0.101229,0.009653,0.206545,9.606276,0.432569,0.054312,0.047906,0.267526,0.035296,0.172199,8.484829,0.635250,0.051876,0.045062,0.060022,0.038990,0.000000
0:44:51,5000,100000,0.070150,0.116883,0.012160,0.098208,0.103522,0.017997,0.166091,18.540554,2.041727,0.047266,0.042130,0.245421,0.035695,0.156253,12.356533,0.325396,0.045374,0.039742,0.142219,0.037382,0.000000
0:45:49,5100,100000,0.112327,0.097951,0.011221,0.087982,0.106793,0.010224,0.175913,13.303646,0.048067,0.048279,0.040504,0.242200,0.036761,0.167297,15.089762,0.332398,0.045568,0.039269,0.062018,0.028924,0.000000
0:46:26,5200,100000,0.105007,0.105567,0.013431,0.079560,0.063143,0.011687,0.219560,12.525711,0.005537,0.055770,0.044704,0.245933,0.044870,0.199017,4.832367,0.009973,0.060437,0.047147,0.071110,0.038808,0.000000
0:47:02,5300,100000,0.130276,0.085918,0.011397,0.077795,0.109137,0.009499,0.219063,17.328508,1.818301,0.042144,0.034204,0.204514,0.042950,0.201524,16.696316,0.045285,0.040175,0.032933,0.057115,0.040794,0.000000
0:47:40,5400,100000,0.114735,0.127780,0.013839,0.089949,0.111881,0.011933,0.213760,11.002907,0.993959,0.046754,0.040244,0.246479,0.039361,0.197777,14.868724,0.885302,0.041592,0.036906,0.080278,0.037081,0.000000
0:48:17,5500,100000,0.133794,0.107419,0.009672,0.094705,0.103718,0.008021,0.213600,11.309633,0.417815,0.036759,0.029389,0.240898,0.042260,0.183448,14.269119,1.274282,0.032094,0.027598,0.063687,0.044997,0.000000
0:49:15,5600,100000,0.135271,0.082890,0.007905,0.104689,0.104640,0.008387,0.180681,6.903329,0.949808,0.056817,0.045738,0.238885,0.035308,0.158062,9.988816,0.360124,0.053912,0.042482,0.073814,0.034356,0.000000
0:49:52,5700,100000,0.133447,0.093310,0.006598,0.061837,0.078736,0.004348,0.271135,13.326073,0.520377,0.046876,0.039325,0.246893,0.045267,0.254599,12.213833,0.186137,0.040752,0.035028,0.057500,0.038609,0.000000
0:50:29,5800,100000,0.080116,0.113238,0.007341,0.090416,0.064299,0.009068,0.207818,14.044257,1.340758,0.043563,0.037713,0.177214,0.043014,0.166787,5.827480,0.283744,0.048359,0.039295,0.070887,0.059603,0.000000
0:51:32,5900,100000,0.157410,0.120826,0.005407,0.111402,0.118330,0.008061,0.162935,12.196099,0.061120,0.050985,0.041414,0.223795,0.048828,0.141564,13.046588,0.060263,0.063446,0.044871,0.061686,0.038026,0.000000
0:52:08,6000,100000,0.132347,0.100199,0.009775,0.102817,0.118034,0.009546,0.156743,7.433719,1.073980,0.046296,0.040323,0.203286,0.038230,0.134287,4.800423,0.207342,0.049235,0.040546,0.056254,0.024954,0.000000
0:56:22,6100,100000,0.112472,0.084354,0.009502,0.085851,0.103493,0.010869,0.206607,10.722636,0.000243,0.046384,0.039674,0.216297,0.044045,0.177910,7.466564,0.003577,0.045570,0.038679,0.133748,0.053937,0.000000
0:57:00,6200,100000,0.127106,0.107108,0.010385,0.114163,0.114456,0.010642,0.164074,7.254550,0.212174,0.044055,0.038291,0.214780,0.032029,0.148664,13.805723,0.708456,0.039673,0.034927,0.052259,0.027867,0.000000
0:57:36,6300,100000,0.136451,0.116352,0.009767,0.113889,0.112780,0.009326,0.197787,17.781408,0.344491,0.056766,0.048008,0.208652,0.036651,0.153786,14.394374,0.000296,0.045327,0.039320,0.087690,0.037156,0.000000
0:58:12,6400,100000,0.179579,0.124615,0.009387,0.052911,0.128583,0.005688,0.191661,18.148767,0.170665,0.074705,0.060085,0.216342,0.032460,0.169328,11.064220,0.011141,0.071727,0.053628,0.078334,0.038336,0.000000
0:58:49,6500,100000,0.132335,0.142277,0.006113,0.100487,0.115354,0.008530,0.178291,15.232380,0.049917,0.036283,0.029798,0.216677,0.048585,0.156983,12.573847,0.452182,0.033693,0.026841,0.058139,0.042333,0.000000
0:59:42,6600,100000,0.140911,0.124802,0.006149,0.125668,0.100494,0.008288,0.178902,12.966445,0.021724,0.049227,0.040398,0.242314,0.045984,0.147058,8.071856,0.017189,0.041365,0.036721,0.095398,0.033727,0.000000
1:00:18,6700,100000,0.136227,0.084230,0.009369,0.092506,0.106175,0.009244,0.201860,12.889171,0.538302,0.060106,0.050267,0.182658,0.027903,0.187194,10.274554,0.206237,0.053075,0.043446,0.045184,0.030439,0.000000
1:00:56,6800,100000,0.114347,0.115186,0.007593,0.103970,0.121136,0.008738,0.164446,15.827640,0.076164,0.057601,0.045364,0.209391,0.046545,0.141383,16.991634,0.768564,0.053937,0.040577,0.062899,0.038170,0.000000
1:02:00,6900,100000,0.128070,0.104099,0.011117,0.104868,0.102470,0.011245,0.177197,14.401213,0.031245,0.048184,0.036785,0.208584,0.052923,0.161307,14.237917,0.149039,0.043741,0.032841,0.066919,0.023108,0.000000
1:02:35,7000,100000,0.140892,0.107090,0.006495,0.120846,0.105353,0.006510,0.157966,7.282818,0.324577,0.047333,0.040417,0.206425,0.044697,0.140025,6.790129,0.042335,0.042284,0.037097,0.055441,0.050207,0.000000
1:03:28,7100,100000,0.116410,0.091334,0.009391,0.085208,0.104297,0.006660,0.193513,7.121280,0.299837,0.041055,0.034346,0.176238,0.039476,0.174967,5.420864,0.002862,0.039061,0.033073,0.091427,0.030951,0.000000
1:04:05,7200,100000,0.112042,0.099560,0.007883,0.094525,0.106763,0.008286,0.173546,8.803413,0.396774,0.046132,0.037812,0.170821,0.041768,0.160619,9.051263,0.011174,0.043042,0.036287,0.058781,0.032477,0.000000
1:04:43,7300,100000,0.087236,0.082687,0.009459,0.049306,0.097651,0.008638,0.313341,3.959311,0.788387,0.049178,0.042314,0.181040,0.034241,0.279331,8.403112,0.006903,0.054366,0.044666,0.096879,0.034530,0.000000
1:05:19,7400,100000,0.138968,0.098780,0.008116,0.101872,0.116298,0.007824,0.157643,10.026817,0.374045,0.057983,0.043224,0.190999,0.043679,0.155957,12.524927,0.009665,0.049747,0.040617,0.059931,0.051630,0.000000
1:05:56,7500,100000,0.130011,0.099257,0.006018,0.110620,0.103568,0.006467,0.165422,3.405856,0.002073,0.038677,0.031270,0.176415,0.026995,0.160827,6.005584,0.006299,0.037736,0.031135,0.074129,0.029027,0.000000
1:06:48,7600,100000,0.106586,0.099321,0.012207,0.088660,0.090007,0.009884,0.192740,8.221248,0.243866,0.035961,0.030759,0.164818,0.035048,0.186151,16.121376,0.235962,0.034413,0.030374,0.062993,0.038065,0.000000
1:07:25,7700,100000,0.117886,0.132479,0.007345,0.144584,0.067853,0.006132,0.200301,13.336501,0.000801,0.040050,0.031466,0.199729,0.056455,0.158452,8.338411,0.033870,0.037490,0.029358,0.067617,0.040343,0.000000
1:08:01,7800,100000,0.101653,0.115889,0.012908,0.078928,0.090366,0.009545,0.200719,9.710557,0.202479,0.040795,0.035225,0.188928,0.031100,0.175854,5.746512,1.711543,0.035141,0.030976,0.092571,0.030732,0.000000
1:09:07,7900,100000,0.122664,0.087562,0.007696,0.096195,0.091010,0.005623,0.210459,17.038025,2.321505,0.050450,0.041473,0.158168,0.031852,0.198327,9.743903,1.009206,0.045157,0.036788,0.048509,0.028431,0.000000
1:09:42,8000,100000,0.125219,0.095613,0.011865,0.090086,0.109125,0.010380,0.176904,11.034636,0.094155,0.048368,0.040895,0.163623,0.032394,0.162459,9.492131,0.144879,0.048290,0.038094,0.048604,0.033055,0.000000
1:14:04,8100,100000,0.134451,0.101956,0.009164,0.106250,0.121741,0.009441,0.165762,3.714771,0.024482,0.038263,0.031923,0.171341,0.053057,0.144733,10.122269,0.303948,0.038703,0.033695,0.081583,0.049774,0.000000
1:14:40,8200,100000,0.081480,0.098323,0.012034,0.064475,0.084516,0.012126,0.190445,10.611175,1.027171,0.059293,0.050345,0.164342,0.034722,0.170151,11.447316,0.601598,0.060834,0.047554,0.064227,0.026776,0.000000
1:15:16,8300,100000,0.137291,0.113328,0.007974,0.115302,0.088083,0.008892,0.187407,7.458099,0.392931,0.045631,0.040410,0.176115,0.024927,0.145969,13.805264,1.425918,0.042956,0.038874,0.168707,0.026651,0.000000
1:15:51,8400,100000,0.151756,0.131513,0.008144,0.108380,0.126674,0.006954,0.155541,4.694220,0.691408,0.048920,0.039559,0.153785,0.028739,0.144434,9.915479,0.244050,0.045094,0.036813,0.049299,0.022909,0.000000
1:16:31,8500,100000,0.127530,0.126210,0.007260,0.094788,0.124241,0.007515,0.156600,8.292234,0.001434,0.054647,0.044861,0.211107,0.039618,0.154441,9.557898,0.262505,0.053504,0.042144,0.062517,0.032089,0.000000
1:17:26,8600,100000,0.123151,0.099414,0.010842,0.106708,0.094946,0.011559,0.168968,6.852704,1.178051,0.042654,0.036393,0.192635,0.038171,0.145443,8.778283,0.334058,0.039195,0.034710,0.091214,0.039182,0.000000
1:18:02,8700,100000,0.136679,0.113905,0.007099,0.115139,0.111121,0.008842,0.163564,9.611641,0.047733,0.036923,0.030786,0.163069,0.038270,0.133172,14.940410,0.217400,0.035533,0.029568,0.049313,0.032000,0.000000
1:18:37,8800,100000,0.180450,0.085158,0.004523,0.128951,0.109626,0.005263,0.161550,4.179437,0.652740,0.033209,0.026702,0.136165,0.029708,0.140057,5.374060,1.137574,0.031589,0.025483,0.072274,0.018583,0.000000
1:19:39,8900,100000,0.109945,0.122414,0.007345,0.106703,0.118729,0.007035,0.163721,9.965498,0.055843,0.049570,0.041593,0.158149,0.032474,0.118433,14.493320,0.224904,0.045432,0.036931,0.062249,0.034950,0.000000
1:20:15,9000,100000,0.118017,0.119552,0.011195,0.102369,0.111760,0.010598,0.158676,6.666886,0.690094,0.057608,0.045977,0.167854,0.032313,0.149364,9.988911,0.573134,0.050578,0.041889,0.073793,0.031722,0.000000
1:21:13,9100,100000,0.148232,0.138097,0.005565,0.124513,0.107219,0.006508,0.164338,8.819604,0.088456,0.042424,0.034002,0.166523,0.048404,0.139180,13.545609,0.379893,0.046076,0.032740,0.053167,0.022246,0.000000
1:21:49,9200,100000,0.115667,0.123450,0.012207,0.082625,0.125821,0.008546,0.179740,17.041754,0.668754,0.050536,0.043101,0.154611,0.039533,0.145919,7.568195,0.118673,0.055005,0.044975,0.093758,0.063374,0.000000
1:22:25,9300,100000,0.121794,0.105576,0.005380,0.110182,0.116504,0.006210,0.161883,6.418608,0.718173,0.031139,0.026102,0.164094,0.032499,0.133446,12.392544,0.234142,0.029300,0.024595,0.074198,0.035023,0.000000
1:23:01,9400,100000,0.128824,0.096130,0.007286,0.098689,0.118287,0.008016,0.199718,12.526886,0.928839,0.042024,0.035951,0.159529,0.042049,0.160928,10.259334,0.110360,0.036839,0.032367,0.045882,0.051942,0.000000
1:23:36,9500,100000,0.127835,0.095414,0.013495,0.095289,0.112411,0.011816,0.190937,10.625690,1.325189,0.042764,0.033298,0.143658,0.036314,0.170947,8.914779,0.461777,0.037012,0.030002,0.065866,0.028791,0.000000
1:24:31,9600,100000,0.128442,0.089336,0.007664,0.095303,0.128569,0.007527,0.211336,6.785213,0.687778,0.042276,0.032417,0.169888,0.042344,0.191686,13.896021,0.605627,0.041574,0.034093,0.097619,0.038124,0.000000
1:25:09,9700,100000,0.133858,0.115506,0.013152,0.076873,0.144055,0.009148,0.158018,12.040110,0.325344,0.050776,0.041808,0.153800,0.033431,0.153722,12.184277,0.259746,0.049442,0.041572,0.041748,0.039235,0.000000
1:26:10,9800,100000,0.111142,0.124135,0.007476,0.119645,0.082116,0.008559,0.178901,7.342509,1.131142,0.043026,0.035723,0.169336,0.041217,0.157564,9.293377,0.307610,0.037289,0.031877,0.065422,0.039273,0.000000
1:26:46,9900,100000,0.171016,0.111636,0.007496,0.106640,0.116008,0.007701,0.168112,7.257096,0.238610,0.053396,0.045866,0.159760,0.024109,0.141836,10.910344,0.244438,0.044985,0.037706,0.056900,0.023842,0.000000
1:27:22,10000,100000,0.118296,0.123195,0.014116,0.083946,0.099703,0.012109,0.180550,4.107234,0.135205,0.047749,0.041488,0.152026,0.037518,0.181029,5.495956,0.182647,0.050384,0.039871,0.041523,0.026614,0.000000
1:31:36,10100,100000,0.094012,0.123641,0.008227,0.105180,0.098725,0.010424,0.186029,11.410007,0.284015,0.064309,0.046380,0.176388,0.037248,0.158617,13.788276,0.253714,0.058889,0.041224,0.086289,0.042801,0.000000
1:32:11,10200,100000,0.133365,0.120547,0.008762,0.106267,0.125853,0.007579,0.151360,9.151732,0.257688,0.050806,0.040768,0.161105,0.035904,0.142128,7.124640,0.323713,0.044649,0.035520,0.053036,0.036338,0.000000
1:32:49,10300,100000,0.101112,0.107548,0.008281,0.091245,0.110103,0.007925,0.166685,3.201757,1.178045,0.050560,0.039424,0.129165,0.023841,0.144490,5.676687,0.303634,0.042518,0.033492,0.041281,0.028016,0.000000
1:33:25,10400,100000,0.129462,0.098099,0.010095,0.080856,0.142895,0.012150,0.205375,10.673712,0.025045,0.043539,0.037000,0.134180,0.031460,0.178724,8.738121,0.084031,0.047354,0.039287,0.075364,0.054546,0.000000
1:34:02,10500,100000,0.111456,0.102923,0.006601,0.082822,0.111066,0.006514,0.168288,12.221673,0.423370,0.050434,0.041615,0.152389,0.044296,0.167215,13.890218,0.083204,0.054155,0.044067,0.058138,0.047146,0.000000
1:34:55,10600,100000,0.140696,0.096915,0.013144,0.046758,0.126620,0.008363,0.189819,4.167089,2.182115,0.067724,0.053718,0.163450,0.036123,0.171353,10.255446,0.339649,0.061006,0.051555,0.062435,0.027877,0.000000
1:35:30,10700,100000,0.138337,0.093692,0.004983,0.101748,0.117509,0.006898,0.178123,17.014542,0.372355,0.050407,0.044282,0.139437,0.021854,0.158601,9.434828,0.176413,0.042670,0.037832,0.044904,0.017767,0.000000
1:36:33,10800,100000,0.105444,0.127397,0.005093,0.103129,0.125504,0.006257,0.153725,4.902556,0.211088,0.047351,0.036183,0.145576,0.028668,0.140250,5.500259,1.449264,0.045705,0.034759,0.056246,0.029146,0.000000
1:37:10,10900,100000,0.125965,0.093056,0.005808,0.099525,0.101430,0.004818,0.187393,12.002094,1.082552,0.037522,0.030636,0.145256,0.027962,0.175565,11.525117,0.316585,0.033394,0.028708,0.085600,0.022844,0.000000
1:37:46,11000,100000,0.127658,0.091711,0.007243,0.105748,0.116063,0.007197,0.189242,13.187354,0.373675,0.044056,0.037049,0.140216,0.039210,0.154480,15.347065,0.687569,0.040580,0.032801,0.053986,0.033386,0.000000
1:38:39,11100,100000,0.146721,0.105547,0.005972,0.119309,0.103656,0.005234,0.197691,3.393517,0.484442,0.034138,0.026752,0.129938,0.025781,0.179182,7.316072,0.759229,0.030232,0.024015,0.065714,0.029399,0.000000
1:39:14,11200,100000,0.127220,0.125384,0.005357,0.113131,0.115842,0.006922,0.144725,13.098542,0.287468,0.053651,0.041777,0.145659,0.039839,0.142126,10.051229,0.232725,0.051280,0.037040,0.035923,0.035087,0.000000
1:39:49,11300,100000,0.121940,0.118449,0.005674,0.106380,0.116684,0.005548,0.158558,10.428284,0.628947,0.043527,0.035666,0.121953,0.023121,0.145258,11.406866,0.438098,0.038641,0.033311,0.061764,0.022759,0.000000
1:40:24,11400,100000,0.167014,0.131451,0.004983,0.105760,0.117784,0.005059,0.159726,5.376122,1.728290,0.041720,0.033068,0.119132,0.025879,0.152462,7.690479,1.448249,0.039863,0.030819,0.056784,0.021346,0.000000
1:41:02,11500,100000,0.127650,0.129195,0.005166,0.111375,0.128570,0.005664,0.148488,4.074648,1.451381,0.036950,0.032043,0.112749,0.021459,0.133540,8.974865,0.554238,0.033910,0.027593,0.074741,0.031123,0.000000
1:41:56,11600,100000,0.130912,0.144112,0.004384,0.137126,0.098421,0.004605,0.161007,3.120668,1.532617,0.061433,0.047510,0.121274,0.025747,0.148828,5.309175,1.859507,0.047430,0.039935,0.039259,0.035191,0.000000
1:42:32,11700,100000,0.121191,0.123989,0.007862,0.110679,0.111696,0.006991,0.145313,6.240866,0.000549,0.048650,0.040420,0.147083,0.024949,0.138248,10.909010,0.207438,0.045934,0.036142,0.052017,0.031156,0.000000
1:43:33,11800,100000,0.128719,0.120809,0.007936,0.116931,0.081746,0.008731,0.187772,13.139520,0.167518,0.043653,0.035425,0.141161,0.044091,0.158450,20.850210,0.051465,0.041558,0.032310,0.041573,0.045595,0.000000
1:44:08,11900,100000,0.137054,0.114822,0.005864,0.125992,0.111112,0.005465,0.154479,4.619549,0.634416,0.034493,0.027337,0.106534,0.037095,0.146860,10.151104,0.594335,0.031753,0.026013,0.059892,0.048038,0.000000
1:44:43,12000,100000,0.104753,0.122141,0.007742,0.092038,0.102533,0.007731,0.159440,7.255600,0.026784,0.039577,0.033046,0.139143,0.034760,0.145943,11.071057,0.402563,0.043601,0.031754,0.056620,0.047284,0.000000
1:48:57,12100,100000,0.137151,0.128917,0.003333,0.128310,0.119561,0.005039,0.160203,4.473451,0.929392,0.038434,0.029625,0.115617,0.033339,0.142355,4.303826,1.306524,0.036897,0.029153,0.036987,0.038228,0.000000
1:49:36,12200,100000,0.104278,0.145767,0.004535,0.110421,0.116339,0.004246,0.173375,10.393185,0.817091,0.040828,0.030349,0.120727,0.029295,0.156197,16.539852,0.342074,0.040374,0.030579,0.047476,0.040851,0.000000
1:50:12,12300,100000,0.088115,0.109025,0.006989,0.073799,0.099826,0.006927,0.189864,11.186477,1.863966,0.046486,0.036824,0.121498,0.028018,0.176307,12.262363,0.606649,0.041744,0.033566,0.046947,0.021615,0.000000
1:50:46,12400,100000,0.118691,0.107620,0.007173,0.109060,0.112612,0.007683,0.178787,12.063959,0.005544,0.035452,0.027814,0.098636,0.040115,0.155240,13.661522,0.009573,0.032693,0.025410,0.034270,0.044870,0.000000
1:51:21,12500,100000,0.131811,0.136940,0.006687,0.121049,0.103347,0.006179,0.162457,10.157194,1.349928,0.044197,0.034635,0.115367,0.024476,0.153172,8.728797,1.041058,0.037848,0.030963,0.033775,0.034634,0.000000
1:52:14,12600,100000,0.109312,0.150073,0.005663,0.135887,0.090022,0.005510,0.167380,7.653861,0.066287,0.053160,0.039355,0.122213,0.048476,0.155019,11.708823,0.240627,0.048966,0.038095,0.039422,0.058376,0.000000
1:52:49,12700,100000,0.132554,0.110203,0.004441,0.110243,0.130167,0.004547,0.133243,7.275432,0.024395,0.034505,0.027085,0.131952,0.022531,0.122867,7.744436,0.071794,0.032766,0.027379,0.064280,0.029502,0.000000
1:53:53,12800,100000,0.090336,0.144013,0.010308,0.115295,0.080852,0.010437,0.171986,9.795156,0.196808,0.048131,0.038522,0.110291,0.037206,0.159026,11.925054,0.757699,0.042340,0.033816,0.034911,0.033446,0.000000
1:54:29,12900,100000,0.110714,0.122163,0.007427,0.084979,0.108790,0.005703,0.169988,9.151081,1.345744,0.040278,0.032652,0.118297,0.032297,0.160946,4.748302,1.062490,0.034655,0.028934,0.031722,0.031659,0.000000
1:55:04,13000,100000,0.110414,0.126903,0.007764,0.092033,0.139628,0.008019,0.154877,4.805667,1.480117,0.043630,0.034701,0.121197,0.031954,0.130847,8.393092,0.476374,0.038506,0.032699,0.051393,0.037921,0.000000
1:55:55,13100,100000,0.143997,0.088899,0.003824,0.113931,0.097948,0.003963,0.163224,13.199412,0.083299,0.039230,0.029841,0.114067,0.028999,0.145426,12.118727,0.005014,0.035126,0.026663,0.042339,0.028918,0.000000
1:56:31,13200,100000,0.115742,0.100741,0.007582,0.094571,0.118584,0.008103,0.169531,14.157396,0.023140,0.039773,0.031250,0.097664,0.029555,0.150576,18.574459,0.074213,0.037886,0.029849,0.066449,0.039303,0.000000
1:57:07,13300,100000,0.140310,0.105600,0.003957,0.128531,0.086642,0.004135,0.200612,4.912904,0.054787,0.039476,0.030564,0.111306,0.036853,0.179632,6.997017,0.022090,0.033120,0.026035,0.051393,0.035078,0.000000
1:57:45,13400,100000,0.118632,0.123609,0.005035,0.130835,0.076683,0.005279,0.211058,11.413519,0.091690,0.045489,0.032879,0.108663,0.046530,0.194773,15.725311,0.000085,0.042111,0.030303,0.055264,0.035153,0.000000
1:58:20,13500,100000,0.115061,0.097177,0.006482,0.101080,0.107450,0.006683,0.201128,7.354528,0.018153,0.039070,0.030469,0.104032,0.023810,0.184608,8.228072,0.002895,0.038459,0.030574,0.048080,0.053496,0.000000
1:59:11,13600,100000,0.109108,0.135124,0.005606,0.113085,0.126056,0.006683,0.150004,14.277573,0.724288,0.035752,0.029924,0.113081,0.024725,0.138375,12.632331,0.296514,0.031813,0.027371,0.060921,0.030177,0.000000
2:00:13,13700,100000,0.111769,0.138915,0.007107,0.102544,0.116949,0.009579,0.146602,6.867357,0.323637,0.032164,0.026752,0.124020,0.019113,0.138590,7.313263,0.606124,0.028253,0.023771,0.057353,0.022064,0.000000
2:00:48,13800,100000,0.119966,0.121547,0.005967,0.102640,0.140263,0.007266,0.157401,9.546700,0.752264,0.044441,0.035642,0.119295,0.029945,0.139068,18.936840,0.508751,0.053093,0.035994,0.046988,0.034802,0.000000
2:01:24,13900,100000,0.126824,0.148041,0.007635,0.093860,0.123503,0.005864,0.154295,14.226260,0.261097,0.051464,0.043047,0.105072,0.023498,0.139075,8.904769,0.428429,0.045691,0.039014,0.034940,0.021126,0.000000
2:02:02,14000,100000,0.117427,0.108940,0.010751,0.115027,0.087751,0.009408,0.185192,14.772758,0.377550,0.040931,0.029710,0.100898,0.033488,0.141077,10.188354,0.700359,0.037778,0.026182,0.036865,0.045612,0.000000
2:06:17,14100,100000,0.103745,0.130358,0.005452,0.114604,0.101283,0.005422,0.146358,3.490243,1.431462,0.035683,0.027758,0.101843,0.021414,0.143631,5.032423,0.538330,0.030657,0.024526,0.038645,0.021387,0.000000
2:06:53,14200,100000,0.100608,0.143875,0.006218,0.126677,0.114814,0.006084,0.144589,4.947055,3.167051,0.028836,0.023579,0.101972,0.021709,0.128582,6.425309,1.501483,0.025719,0.021417,0.029751,0.024529,0.000000
2:07:27,14300,100000,0.126855,0.115645,0.006306,0.117339,0.113144,0.005877,0.150230,7.996272,0.000188,0.042943,0.034384,0.104842,0.031446,0.138138,13.323096,0.002333,0.038600,0.030800,0.054409,0.054470,0.000000
2:08:02,14400,100000,0.129603,0.104578,0.007725,0.102553,0.123035,0.007179,0.179447,8.813353,0.473071,0.041687,0.033329,0.109498,0.031537,0.161652,11.023319,0.661390,0.037804,0.028502,0.067334,0.053028,0.000000
2:08:38,14500,100000,0.099136,0.110691,0.006243,0.061775,0.112715,0.005539,0.164161,6.401382,0.463758,0.036134,0.030037,0.104718,0.019330,0.173720,10.794297,2.196509,0.038347,0.028093,0.049978,0.025141,0.000000
2:09:32,14600,100000,0.146182,0.074304,0.004995,0.108540,0.101018,0.005115,0.176477,9.730295,0.222236,0.033610,0.026484,0.104900,0.033490,0.164426,8.902983,0.371898,0.029147,0.023906,0.046298,0.050171,0.000000
2:10:37,14700,100000,0.096192,0.113886,0.006845,0.101209,0.103364,0.007769,0.183251,6.964248,0.410553,0.040856,0.029312,0.097653,0.025418,0.164155,10.641388,0.128897,0.036987,0.028084,0.042051,0.043430,0.000000
2:11:13,14800,100000,0.156533,0.101330,0.007801,0.098053,0.121703,0.008483,0.146919,12.235224,1.138780,0.040308,0.033309,0.115102,0.020791,0.141516,10.406878,0.211405,0.039668,0.031920,0.034646,0.025065,0.000000
2:11:48,14900,100000,0.104302,0.141812,0.006637,0.125658,0.113287,0.006664,0.188203,12.747591,0.392250,0.055383,0.043563,0.096051,0.029716,0.151365,14.639947,0.069698,0.051948,0.040367,0.056216,0.046780,0.000000
2:12:23,15000,100000,0.105166,0.120421,0.007321,0.104522,0.115950,0.006363,0.155055,10.274003,0.594382,0.036231,0.027459,0.092592,0.022974,0.142422,4.251400,0.476560,0.034566,0.025621,0.038955,0.032642,0.000000
2:13:16,15100,100000,0.117222,0.122360,0.005947,0.116582,0.108633,0.006148,0.163521,1.947805,0.726890,0.040093,0.031516,0.090326,0.036823,0.145714,7.821639,0.435675,0.036986,0.029083,0.043953,0.023838,0.000000
2:13:53,15200,100000,0.121447,0.124103,0.006563,0.122022,0.104618,0.006680,0.151672,7.086172,0.001984,0.034464,0.026376,0.099546,0.027854,0.135203,6.753829,0.014097,0.031705,0.025221,0.059823,0.047866,0.000000
2:14:32,15300,100000,0.130296,0.115746,0.004620,0.122354,0.100660,0.004730,0.210216,9.946701,1.699109,0.037062,0.029354,0.094965,0.026164,0.185114,11.462184,1.804628,0.033765,0.026057,0.049150,0.026722,0.000000
2:15:07,15400,100000,0.170694,0.114650,0.003892,0.114026,0.114898,0.004317,0.153108,12.182261,1.017392,0.037370,0.030312,0.102034,0.026116,0.150532,7.331501,1.143028,0.032969,0.026624,0.029726,0.023609,0.000000
2:15:42,15500,100000,0.123666,0.062665,0.009814,0.070305,0.137929,0.009027,0.247555,12.533656,1.563868,0.045857,0.038934,0.088927,0.031812,0.228855,7.143017,1.578641,0.043826,0.036907,0.083341,0.044169,0.000000
2:16:36,15600,100000,0.108495,0.137828,0.007244,0.132183,0.088793,0.006653,0.154540,10.349602,0.621277,0.042633,0.031362,0.087974,0.035157,0.141297,9.382083,0.029115,0.038192,0.029308,0.057378,0.055527,0.000000
2:17:38,15700,100000,0.124136,0.165245,0.004072,0.147945,0.073617,0.006827,0.175708,13.133218,0.103461,0.040736,0.032897,0.097082,0.045638,0.158961,8.042938,0.111093,0.039702,0.029080,0.048192,0.051582,0.000000
2:18:15,15800,100000,0.118118,0.118841,0.006223,0.104492,0.113071,0.006233,0.152434,9.950857,0.079990,0.040217,0.032160,0.089191,0.020887,0.136693,10.538980,0.021765,0.036297,0.030093,0.046816,0.021554,0.000000
2:18:54,15900,100000,0.127081,0.134852,0.005668,0.137868,0.117515,0.006995,0.170097,4.003850,0.732799,0.049071,0.038024,0.088768,0.019194,0.157510,9.622620,0.453217,0.042484,0.033205,0.035093,0.042173,0.000000
2:19:30,16000,100000,0.118727,0.105742,0.008706,0.095085,0.109537,0.007416,0.156477,12.560390,2.012971,0.035697,0.028036,0.095405,0.026497,0.153324,13.289780,0.957956,0.032289,0.025528,0.037187,0.025215,0.000000
2:23:49,16100,100000,0.119405,0.110367,0.004377,0.111236,0.105717,0.004472,0.172237,7.925635,0.280065,0.031217,0.022600,0.086188,0.029670,0.158219,9.914161,0.119842,0.027403,0.020007,0.026714,0.044570,0.000000
2:24:26,16200,100000,0.117700,0.115860,0.013958,0.081166,0.120488,0.008729,0.167489,9.823954,0.612826,0.049428,0.037567,0.092677,0.031767,0.158734,9.184792,0.255804,0.050475,0.037670,0.035274,0.026517,0.000000
2:25:01,16300,100000,0.100538,0.096594,0.006776,0.084119,0.094144,0.004908,0.193053,7.878716,1.155378,0.045716,0.036032,0.096767,0.019254,0.190350,6.609557,1.485681,0.037360,0.030372,0.028794,0.021974,0.000000
2:25:36,16400,100000,0.136527,0.106871,0.006212,0.118562,0.111337,0.006697,0.138277,3.574224,1.385851,0.036916,0.027792,0.080549,0.026276,0.138252,14.592899,1.126386,0.038193,0.026635,0.035711,0.024176,0.000000
2:26:12,16500,100000,0.136231,0.090682,0.008286,0.098741,0.101279,0.007261,0.173374,12.367665,0.887196,0.040027,0.032192,0.077991,0.022711,0.168615,10.423195,0.056707,0.034924,0.027318,0.030066,0.024960,0.000000
2:27:08,16600,100000,0.143638,0.132613,0.004600,0.108877,0.121353,0.005176,0.138199,11.962794,1.054604,0.035692,0.028193,0.084585,0.019861,0.134568,9.007352,2.198468,0.033484,0.025230,0.025713,0.035387,0.000000
2:28:13,16700,100000,0.117087,0.134893,0.006304,0.112933,0.118973,0.007377,0.143566,6.046830,0.131067,0.036981,0.028893,0.098562,0.023974,0.138573,6.319669,1.077085,0.030521,0.024233,0.032667,0.033658,0.000000
2:28:49,16800,100000,0.127940,0.099291,0.004376,0.113538,0.096937,0.004859,0.177666,4.710752,0.034189,0.034786,0.025777,0.086281,0.034800,0.126434,12.287044,1.023540,0.033585,0.026920,0.061083,0.019497,0.000000
2:29:25,16900,100000,0.084691,0.114190,0.004783,0.071366,0.104876,0.004826,0.177343,9.392428,0.996804,0.039912,0.031679,0.082256,0.022850,0.168453,11.473076,0.241943,0.035920,0.027957,0.037225,0.028884,0.000000
2:30:00,17000,100000,0.116122,0.118922,0.006602,0.115385,0.108240,0.006801,0.154347,7.127471,0.676206,0.049342,0.037866,0.098353,0.035196,0.146698,9.613572,0.638549,0.043683,0.033727,0.028246,0.028352,0.000000
2:30:53,17100,100000,0.144230,0.109748,0.005760,0.120114,0.116368,0.004990,0.144188,3.126977,0.644472,0.030479,0.024566,0.078941,0.019831,0.139987,3.846226,0.168833,0.027016,0.022163,0.025504,0.020596,0.000000
2:31:33,17200,100000,0.114677,0.115637,0.005860,0.100537,0.126167,0.006413,0.169770,9.479963,0.123559,0.043548,0.036535,0.105461,0.024975,0.147388,13.896159,0.091597,0.038845,0.033914,0.045063,0.038687,0.000000
2:32:09,17300,100000,0.111557,0.113369,0.003092,0.102231,0.116953,0.003327,0.170593,8.549286,0.004918,0.026975,0.019916,0.082530,0.018943,0.155006,7.243072,0.271191,0.026361,0.019712,0.030990,0.021009,0.000000
2:32:46,17400,100000,0.166921,0.110951,0.003092,0.143829,0.111528,0.003131,0.154186,2.012521,0.363637,0.033762,0.024900,0.085202,0.028998,0.138198,8.950360,1.309681,0.030453,0.022086,0.030587,0.035507,0.000000
2:33:21,17500,100000,0.160519,0.096967,0.004004,0.134476,0.099562,0.004209,0.170546,10.724865,1.030005,0.045338,0.032371,0.094784,0.035747,0.148077,7.073642,0.407030,0.038261,0.026744,0.034953,0.050368,0.000000
2:34:13,17600,100000,0.110476,0.110748,0.005544,0.127937,0.078785,0.005328,0.166048,10.723266,0.005796,0.041942,0.031365,0.083186,0.031003,0.143688,8.093785,0.708467,0.040893,0.031302,0.044147,0.032510,0.000000
2:35:17,17700,100000,0.116205,0.110458,0.005098,0.106358,0.106170,0.005285,0.176590,12.597835,0.277570,0.034494,0.026491,0.075964,0.034376,0.165339,11.587521,0.177447,0.034643,0.024029,0.031155,0.040530,0.000000
2:35:55,17800,100000,0.139373,0.123035,0.005651,0.078204,0.130475,0.006159,0.155486,5.352749,1.203464,0.044013,0.035762,0.078026,0.021366,0.144935,10.390092,1.075340,0.038877,0.030101,0.034588,0.033866,0.000000
2:36:32,17900,100000,0.121421,0.122146,0.006145,0.126330,0.094114,0.005634,0.157713,9.159957,0.565518,0.034871,0.027657,0.076112,0.023285,0.146915,9.695009,0.670518,0.031454,0.025067,0.033191,0.018735,0.000000
2:37:09,18000,100000,0.129676,0.114192,0.006332,0.108921,0.108008,0.006861,0.155013,9.924046,0.138805,0.039059,0.029662,0.089347,0.032507,0.138113,8.753062,0.281822,0.036829,0.026311,0.036865,0.059119,0.000000
2:41:29,18100,100000,0.138777,0.100379,0.006884,0.110411,0.118395,0.006919,0.153645,4.792893,0.548830,0.035165,0.026135,0.090125,0.028074,0.142644,8.656827,0.096250,0.037316,0.026004,0.034297,0.020693,0.000000
2:42:05,18200,100000,0.117612,0.115625,0.005277,0.113735,0.125691,0.005781,0.162330,7.455445,0.009316,0.034002,0.026255,0.083321,0.020459,0.164635,4.976277,0.053035,0.030399,0.023489,0.020664,0.041355,0.000000
2:42:40,18300,100000,0.090572,0.143259,0.004406,0.141420,0.070091,0.002744,0.141784,7.967337,1.022068,0.037432,0.028241,0.082003,0.025645,0.149132,14.261857,0.892347,0.033019,0.026663,0.039961,0.038199,0.000000
2:43:15,18400,100000,0.141171,0.095109,0.002661,0.117610,0.104933,0.002616,0.159234,5.030052,0.596783,0.031320,0.023824,0.074510,0.034971,0.153007,5.933150,0.854934,0.028834,0.021516,0.032302,0.032168,0.000000
2:43:51,18500,100000,0.107199,0.108403,0.005249,0.088108,0.108565,0.004994,0.178817,9.556168,1.187466,0.034496,0.028246,0.078581,0.028547,0.160872,9.530275,1.480148,0.033602,0.026410,0.029362,0.039950,0.000000
2:45:16,18600,100000,0.095696,0.145000,0.004088,0.108511,0.132119,0.004902,0.152633,12.234122,0.004811,0.027115,0.021283,0.084087,0.031769,0.137019,6.777175,0.112656,0.024050,0.018927,0.026733,0.021195,0.000000
2:45:52,18700,100000,0.138143,0.108514,0.008161,0.085788,0.122878,0.008460,0.148482,7.164500,1.245405,0.043276,0.032809,0.085117,0.031403,0.140549,6.008660,0.311610,0.042392,0.030104,0.021161,0.029883,0.000000
2:46:27,18800,100000,0.108179,0.106433,0.003104,0.100086,0.103109,0.003344,0.175949,7.325446,0.434377,0.028413,0.021360,0.076643,0.035455,0.173524,4.418898,0.311245,0.025685,0.018522,0.028842,0.043062,0.000000
2:47:06,18900,100000,0.148110,0.099185,0.003672,0.119530,0.114520,0.004459,0.155750,4.394964,0.699138,0.031066,0.024892,0.071899,0.017264,0.149565,5.122433,0.801029,0.026046,0.021321,0.019833,0.015432,0.000000
2:47:41,19000,100000,0.163391,0.103603,0.007889,0.095358,0.127214,0.006249,0.135632,2.084610,0.343325,0.037462,0.029700,0.071627,0.024976,0.126521,6.070774,0.643311,0.036740,0.028364,0.039919,0.039830,0.000000
2:48:36,19100,100000,0.117528,0.097456,0.007085,0.101193,0.115070,0.006569,0.175800,9.530475,0.898853,0.037793,0.025667,0.070076,0.031867,0.144706,7.784292,0.798851,0.032211,0.024042,0.041843,0.045723,0.000000
2:49:13,19200,100000,0.131700,0.087311,0.004039,0.112516,0.096013,0.004275,0.182578,8.342899,1.177355,0.036443,0.027335,0.083021,0.036549,0.172430,8.759470,0.861364,0.031994,0.022875,0.023591,0.027842,0.000000
2:49:49,19300,100000,0.144522,0.105861,0.005973,0.080650,0.121027,0.005194,0.172652,3.721617,0.812727,0.034434,0.027375,0.071053,0.028440,0.159742,4.875341,0.951719,0.033520,0.025152,0.028912,0.037258,0.000000
2:50:24,19400,100000,0.135145,0.146623,0.005586,0.153330,0.091180,0.005708,0.131599,9.440984,1.540376,0.035841,0.028245,0.075144,0.026100,0.139262,7.828732,0.281230,0.031151,0.024237,0.043769,0.033803,0.000000
2:51:00,19500,100000,0.118234,0.109647,0.004146,0.114039,0.100430,0.003997,0.174503,14.766481,1.421530,0.033655,0.026230,0.067763,0.042894,0.167504,19.273245,1.392836,0.032030,0.023140,0.035432,0.048029,0.000000
2:52:25,19600,100000,0.131328,0.091375,0.003168,0.107318,0.097314,0.003591,0.171162,4.760310,0.671646,0.026036,0.019943,0.069373,0.026857,0.158682,3.514781,0.720840,0.024613,0.019270,0.040564,0.029798,0.000000
2:53:02,19700,100000,0.128414,0.119750,0.006555,0.124671,0.106336,0.005894,0.161800,9.256357,1.749654,0.031308,0.022675,0.077741,0.026163,0.156593,9.065248,0.412028,0.027228,0.020090,0.037014,0.049132,0.000000
2:53:38,19800,100000,0.142442,0.085164,0.006053,0.100838,0.110197,0.004999,0.186979,14.261515,0.335486,0.036688,0.028177,0.069281,0.026774,0.168746,10.746547,0.114954,0.036327,0.025291,0.029132,0.048068,0.000000
2:54:14,19900,100000,0.145035,0.126081,0.006093,0.113634,0.139881,0.005776,0.145456,9.093699,0.233166,0.035897,0.027825,0.070443,0.019107,0.129044,12.642207,0.151668,0.030696,0.024379,0.030640,0.027255,0.000000
2:54:49,20000,100000,0.223810,0.083711,0.003815,0.102535,0.144724,0.005467,0.132700,17.179991,0.037791,0.044432,0.031762,0.075533,0.031715,0.124741,6.221654,0.270972,0.038395,0.029882,0.044929,0.024720,0.000000
2:59:03,20100,100000,0.118030,0.102291,0.004855,0.086655,0.115064,0.005953,0.167741,12.803167,0.308410,0.039169,0.030294,0.067639,0.029944,0.151853,10.410599,0.402384,0.034120,0.026663,0.026161,0.041050,0.000000
2:59:38,20200,100000,0.148748,0.097136,0.003838,0.131170,0.105345,0.004242,0.154616,10.725132,0.007295,0.045244,0.032735,0.081872,0.030267,0.139280,12.417877,0.016210,0.041304,0.029673,0.046500,0.063544,0.000000
3:00:14,20300,100000,0.111451,0.110490,0.005047,0.102141,0.110765,0.005229,0.151318,6.606492,0.758842,0.029016,0.023016,0.068046,0.031426,0.151684,14.391925,0.791168,0.029067,0.021577,0.029192,0.032960,0.000000
3:00:50,20400,100000,0.127033,0.122756,0.006970,0.097675,0.134160,0.006192,0.133192,4.037012,0.346899,0.036108,0.028371,0.068975,0.020896,0.122195,8.970342,0.095720,0.030930,0.024114,0.028605,0.026135,0.000000
3:01:28,20500,100000,0.104034,0.107181,0.009578,0.079711,0.137961,0.009111,0.178260,12.976063,0.475040,0.041509,0.033031,0.071882,0.022554,0.149143,16.689255,0.004881,0.043951,0.031700,0.025002,0.043072,0.000000
3:02:48,20600,100000,0.110531,0.127081,0.004506,0.103495,0.118051,0.004017,0.137067,6.109974,1.387699,0.035773,0.028200,0.060414,0.030736,0.133994,7.006548,0.026679,0.033040,0.024428,0.020956,0.032887,0.000000
3:03:23,20700,100000,0.151591,0.085640,0.005424,0.085535,0.126090,0.005957,0.174730,6.924150,1.542910,0.036295,0.028951,0.062824,0.025947,0.158995,7.159132,1.432934,0.032819,0.023862,0.024096,0.049999,0.000000
3:03:59,20800,100000,0.151334,0.085610,0.005596,0.092477,0.134017,0.005393,0.155123,14.105050,0.230518,0.042389,0.029996,0.072582,0.036203,0.131866,12.563251,0.022970,0.043238,0.030283,0.048616,0.052442,0.000000
3:04:34,20900,100000,0.103551,0.144619,0.003522,0.109203,0.121301,0.004026,0.140275,3.508522,1.756426,0.025420,0.019730,0.071180,0.018564,0.135859,4.924546,1.611064,0.026353,0.019215,0.021866,0.031415,0.000000
3:05:10,21000,100000,0.111663,0.122998,0.006069,0.110105,0.115716,0.006207,0.160414,7.760221,0.350282,0.044525,0.032349,0.068751,0.027764,0.148326,7.204313,0.146354,0.035449,0.026303,0.031346,0.035038,0.000000
3:06:08,21100,100000,0.123457,0.114174,0.006839,0.118228,0.114467,0.006614,0.160897,10.048835,0.420811,0.037393,0.028784,0.063717,0.034708,0.137498,8.556717,0.083882,0.035107,0.025220,0.027662,0.043506,0.000000
3:06:43,21200,100000,0.130647,0.102090,0.006045,0.097027,0.111765,0.006797,0.154737,6.662619,1.237816,0.030520,0.023425,0.061105,0.022935,0.150097,8.271822,1.502704,0.029250,0.022743,0.023753,0.027218,0.000000
3:07:21,21300,100000,0.098254,0.121343,0.008949,0.110771,0.089433,0.009919,0.186443,7.523835,0.215452,0.036090,0.028050,0.062881,0.029750,0.168985,10.103525,0.001314,0.033328,0.025415,0.041265,0.058246,0.000000
3:07:57,21400,100000,0.124473,0.134251,0.005359,0.101048,0.135073,0.006174,0.155561,5.593413,1.104318,0.031770,0.025206,0.058311,0.021316,0.150686,7.523269,0.081064,0.028713,0.022832,0.022821,0.025246,0.000000
3:08:33,21500,100000,0.122864,0.127034,0.004435,0.128018,0.107002,0.005100,0.152390,11.011976,0.603007,0.035133,0.026828,0.060324,0.022878,0.143659,8.885049,0.538604,0.029171,0.023186,0.025839,0.035507,0.000000
3:09:56,21600,100000,0.115743,0.114191,0.004689,0.115093,0.104879,0.004968,0.162763,13.533702,0.838455,0.037385,0.028151,0.058883,0.031766,0.155357,16.777737,0.541218,0.036861,0.025502,0.025829,0.042771,0.000000
3:10:32,21700,100000,0.132211,0.123123,0.002544,0.124887,0.098338,0.002361,0.171340,7.514217,0.758327,0.033351,0.023119,0.060442,0.034262,0.159859,6.464761,1.285533,0.027053,0.021233,0.025737,0.042214,0.000000
3:11:08,21800,100000,0.098071,0.170518,0.004616,0.151097,0.082806,0.004746,0.174345,6.424176,0.004596,0.031485,0.022803,0.069113,0.029650,0.154157,3.195215,0.000863,0.029178,0.021216,0.040236,0.046311,0.000000
3:11:44,21900,100000,0.152244,0.107880,0.004095,0.128483,0.112788,0.003733,0.156268,5.658757,0.282459,0.029325,0.020085,0.077750,0.029053,0.141068,10.839589,0.282285,0.024639,0.018213,0.029270,0.032368,0.000000
3:12:22,22000,100000,0.120946,0.096193,0.009553,0.113320,0.118143,0.008632,0.195078,16.886486,0.005286,0.036727,0.026263,0.068724,0.054439,0.163818,14.850451,0.039965,0.032189,0.022339,0.052347,0.050310,0.000000
3:16:33,22100,100000,0.110214,0.123322,0.005379,0.104595,0.118725,0.006331,0.163207,4.288373,0.580805,0.035035,0.028632,0.059569,0.025918,0.146131,8.754991,0.099785,0.035794,0.027858,0.031852,0.026910,0.000000
3:17:12,22200,100000,0.205233,0.145381,0.002816,0.157449,0.101783,0.003536,0.180043,9.249643,0.767026,0.041010,0.030308,0.071363,0.025096,0.169006,6.280635,0.547051,0.035256,0.024882,0.025879,0.027981,0.000000
3:17:48,22300,100000,0.115237,0.112565,0.004117,0.100546,0.122012,0.004566,0.145467,9.909081,1.538094,0.032796,0.026691,0.047679,0.027992,0.136023,12.168024,0.167464,0.032179,0.024245,0.025052,0.024916,0.000000
3:18:26,22400,100000,0.140531,0.093585,0.002902,0.127226,0.087289,0.002992,0.185393,10.175686,1.271664,0.035299,0.024226,0.055011,0.039639,0.167482,6.961812,0.950668,0.031108,0.021861,0.036333,0.053402,0.000000
3:19:30,22500,100000,0.152381,0.133891,0.001988,0.137533,0.104939,0.002305,0.197733,4.925540,0.560176,0.033794,0.023261,0.059820,0.032623,0.166561,9.854109,0.004946,0.029417,0.019952,0.022988,0.052941,0.000000
