Elapsed Time,Iteration,D/loss_real,D/loss_fake,D/loss_gp,D/loss_cls,D/loss_dom,G/loss_fake,G/loss_rec,G/loss_cls,G/loss_dom,G/loss_rot
0:00:12,100,-9.1198,2.0452,1.3813,0.1418,2.7005,-1.9846,0.3312,1.3501,2.6978,0.2508
0:00:23,200,-6.4938,-1.2576,1.3729,0.0747,2.7783,1.6711,0.1622,1.3748,2.7628,0.1730
0:00:33,300,-7.1783,-1.0073,1.4163,0.1396,2.7251,0.1452,0.1358,1.3953,2.7259,0.1533
0:00:43,400,-1.7242,-4.0127,1.4442,0.0460,2.7054,4.1528,0.1417,1.4257,2.7033,0.1650
0:00:54,500,-3.2669,-1.1700,1.3171,0.0238,2.6922,1.0436,0.1056,1.3102,2.6823,0.1233
0:01:04,600,-3.2152,-1.2656,1.3425,0.0120,2.7688,1.1520,0.1028,1.3370,2.7572,0.1610
0:01:14,700,-1.3537,-2.1507,1.3297,0.0220,2.6916,1.9035,0.1031,1.3270,2.6969,0.1251
0:01:26,800,-2.8779,-0.4717,1.3976,0.0157,2.7283,0.3737,0.0936,1.3872,2.7115,0.1020
0:01:37,900,-2.2237,-0.2464,1.3267,0.0096,2.7229,0.1469,0.1054,1.3256,2.7072,0.1410
0:01:47,1000,-1.3273,-1.1474,1.3334,0.0040,2.7004,1.1517,0.0815,1.3314,2.6958,0.1000
0:02:23,1100,-2.9988,0.1626,1.3904,0.0178,2.7368,-0.3801,0.0851,1.3920,2.7217,0.1052
0:02:34,1200,-3.2944,1.1688,1.3045,0.0021,2.7293,-1.3407,0.0994,1.3020,2.7203,0.1378
0:02:45,1300,-1.9838,-0.1192,1.3198,0.0273,2.7162,0.0617,0.0819,1.3172,2.7136,0.1311
0:02:56,1400,-0.8169,0.5200,1.3593,0.0297,2.7165,-0.3169,0.1101,1.3535,2.7001,0.1493
0:03:08,1500,-4.2154,3.6950,1.3684,0.0027,2.7589,-3.2607,0.0943,1.3682,2.7357,0.1589
0:03:18,1600,-4.7551,3.9063,1.3626,0.0044,2.6737,-4.5437,0.1148,1.3533,2.6703,0.1288
0:03:29,1700,-2.8950,2.6919,1.3201,0.0094,2.7004,-2.6246,0.0792,1.3157,2.6929,0.0728
0:03:40,1800,-6.2085,3.9599,1.4077,0.0038,2.6469,-4.4901,0.0701,1.4043,2.6434,0.1536
0:03:51,1900,-5.3136,3.8419,1.3198,0.0051,2.7236,-6.0025,0.0994,1.2926,2.7218,0.1409
0:04:02,2000,-1.0120,-1.3852,1.4593,0.0709,2.6707,0.7380,0.0651,1.4601,2.6653,0.1425
0:04:37,2100,-5.4674,4.6646,1.3385,0.0855,2.7038,-4.2255,0.0870,1.3366,2.7027,0.1459
0:04:48,2200,-4.6279,3.7449,1.3966,0.0135,2.6828,-3.6366,0.0759,1.3938,2.6824,0.1348
0:04:59,2300,-5.9554,5.6366,1.3825,0.0154,2.6678,-5.2610,0.0719,1.3757,2.6652,0.0579
0:05:10,2400,-1.0778,0.1206,1.3256,0.0114,2.7130,-0.1856,0.0848,1.3253,2.7071,0.1552
0:05:21,2500,-7.2817,5.6632,1.3454,0.0078,2.7073,-6.1625,0.0776,1.3437,2.7036,0.1409
0:05:32,2600,-2.5091,1.8944,1.4115,0.0007,2.7362,-1.7080,0.0860,1.4101,2.7331,0.0978
0:05:42,2700,-1.6389,1.0718,1.3995,0.0092,2.6672,-1.0236,0.0821,1.3989,2.6667,0.1382
0:05:53,2800,-3.3008,2.9060,1.4117,0.0028,2.7052,-3.0481,0.0690,1.4111,2.7039,0.0687
0:06:04,2900,-2.9585,2.8134,1.4174,0.0045,2.6739,-2.9035,0.0696,1.4162,2.6707,0.0589
0:06:15,3000,-5.5141,3.9718,1.4220,0.0341,2.6309,-3.3912,0.0833,1.4176,2.6333,0.1497
0:06:51,3100,-2.7741,2.4060,1.3135,0.0172,2.6710,-2.2113,0.0936,1.3099,2.6680,0.0780
0:07:02,3200,-3.5267,2.7687,1.3441,0.0085,2.7932,-2.9618,0.0709,1.3421,2.7871,0.1199
0:07:13,3300,-2.6902,2.3315,1.3732,0.0038,2.6638,-2.3810,0.0532,1.3721,2.6613,0.0448
0:07:24,3400,-5.5530,4.3995,1.3140,0.0326,2.6290,-3.8647,0.0676,1.3132,2.6264,0.1046
0:07:35,3500,-2.0087,1.6591,1.3982,0.0037,2.6503,-1.6427,0.0694,1.3982,2.6455,0.0544
0:07:46,3600,-3.6497,2.4251,1.3615,0.0304,2.6930,-1.9087,0.0679,1.3615,2.6906,0.1298
0:07:57,3700,-3.1273,2.8890,1.3749,0.0088,2.6892,-3.1636,0.0731,1.3721,2.6866,0.0586
0:08:08,3800,-3.0332,2.6914,1.3761,0.0107,2.6900,-3.0225,0.0738,1.3731,2.6868,0.0566
0:08:19,3900,-1.6470,1.4083,1.3498,0.0058,2.6904,-1.4977,0.0675,1.3488,2.6895,0.0559
0:08:30,4000,-3.2769,2.7989,1.3876,0.0016,2.6343,-2.8611,0.0780,1.3863,2.6311,0.0700
0:09:06,4100,-2.8643,1.7356,1.3148,0.0105,2.6773,-1.9790,0.0714,1.3146,2.6759,0.1100
0:09:17,4200,-2.6070,2.3047,1.3160,0.0016,2.6980,-2.3378,0.0691,1.3137,2.6973,0.0595
0:09:28,4300,-3.0494,1.8159,1.3676,0.0167,2.6672,-1.4818,0.0810,1.3693,2.6625,0.1265
0:09:39,4400,-3.0738,1.6747,1.4434,0.0050,2.7117,-1.5659,0.0675,1.4340,2.7072,0.1121
0:09:50,4500,-1.4147,1.0754,1.3801,0.0037,2.6627,-1.0700,0.0784,1.3808,2.6586,0.0707
0:10:01,4600,-0.8936,0.7873,1.3031,0.0031,2.6782,-0.9346,0.0529,1.3112,2.6753,0.0452
0:10:12,4700,-2.2998,1.1391,1.3950,0.0045,2.7315,-1.1200,0.0729,1.3996,2.7253,0.0949
0:10:23,4800,-0.5154,0.3660,1.3553,0.0375,2.6714,-0.1543,0.0594,1.3990,2.6609,0.0487
0:10:34,4900,-0.0199,-0.2249,1.2102,0.0127,2.6435,-0.0993,0.0590,1.3482,2.6482,0.0528
0:10:45,5000,-1.7028,1.4654,1.5147,0.0028,2.6102,-1.2135,0.0632,1.4169,2.6028,0.0632
0:11:19,5100,-0.9695,0.9362,1.3477,0.0043,2.7303,-0.3792,0.0645,1.3497,2.7291,0.0496
0:11:30,5200,-1.5701,1.2582,1.3522,0.0040,2.6822,-1.2609,0.0916,1.3830,2.6816,0.0676
0:11:41,5300,-0.2096,-0.0796,1.2237,0.0041,2.7431,0.2171,0.0865,1.4245,2.7530,0.0567
0:11:52,5400,-1.9172,0.8020,1.2668,0.0081,2.7042,-0.4115,0.0975,1.5099,2.7124,0.1088
0:12:03,5500,-0.9352,-0.1942,1.2954,0.0017,2.6561,0.1483,0.0602,1.2867,2.6485,0.0841
0:12:14,5600,-0.1277,0.1909,1.4207,0.0229,2.8670,-0.0282,0.0625,1.3761,2.8339,0.0506
0:12:24,5700,-0.1650,-0.2047,1.2910,0.0302,2.6027,0.3034,0.1036,1.8289,2.6422,0.0724
0:12:35,5800,-1.6192,-0.3374,1.0347,0.0178,2.5911,0.2648,0.0784,0.8343,2.7179,0.1229
0:12:46,5900,-0.7899,-0.2186,0.8755,0.0051,2.6205,0.2223,0.0692,0.8376,2.7156,0.0847
0:12:57,6000,-0.7243,0.5924,0.7500,0.0078,2.7700,-0.6633,0.0632,0.7487,2.7085,0.0541
0:13:31,6100,0.0277,-0.4802,0.9098,0.0050,2.6968,0.4916,0.0622,0.9086,2.6639,0.0659
0:13:42,6200,-0.3710,-0.1453,0.6530,0.0040,2.7121,0.2197,0.0754,0.6293,2.7497,0.0603
0:13:53,6300,0.4973,-0.7741,0.7189,0.0037,2.6614,0.7453,0.0594,0.7620,2.6435,0.0459
0:14:04,6400,0.4428,-0.4981,1.0587,0.0044,2.7711,0.5504,0.0563,1.0201,2.7823,0.0474
0:14:15,6500,-1.1629,-0.1513,1.1342,0.0174,2.7286,-0.0322,0.0612,0.9704,2.8013,0.0832
0:14:26,6600,0.1832,-0.5720,0.8547,0.0089,2.6029,0.5053,0.0682,0.9294,2.7143,0.0910
0:14:37,6700,0.0954,-0.6532,0.8186,0.0045,2.7569,0.6985,0.0819,0.9131,2.8080,0.0653
0:14:48,6800,0.2378,-0.5869,0.6535,0.0033,2.4784,0.6513,0.0849,0.6257,2.7697,0.0717
0:14:58,6900,1.2078,-1.4872,0.7536,0.0041,2.6444,1.3999,0.0639,0.7429,2.6525,0.0482
0:15:09,7000,1.8262,-2.0075,0.6908,0.0829,2.5598,2.1830,0.0732,0.6120,2.8656,0.0552
0:15:44,7100,0.5405,-1.4233,0.7882,0.0205,2.6074,1.4509,0.0831,1.0099,2.8622,0.0926
0:15:55,7200,0.5755,-0.8226,0.5559,0.0348,2.6170,0.8942,0.0522,0.5001,2.6780,0.0442
0:16:06,7300,0.7426,-1.2028,0.9545,0.0033,2.5936,1.1523,0.0827,0.7319,2.5909,0.0686
0:16:17,7400,1.2572,-1.7263,0.7206,0.0046,2.6266,1.7822,0.0611,0.9029,2.8371,0.0476
0:16:28,7500,1.0359,-1.7274,0.5406,0.0032,2.5791,1.6543,0.0601,0.5764,2.6535,0.0530
0:16:39,7600,0.4570,-1.5414,0.8945,0.0088,2.7029,1.4429,0.0794,1.4205,2.7372,0.0954
0:16:50,7700,0.1843,-0.9988,0.6352,0.0048,2.5638,0.8951,0.0653,0.6456,2.6038,0.0776
0:17:01,7800,0.7526,-1.1369,0.7270,0.0102,2.5089,1.2793,0.0648,0.7850,2.5522,0.0459
0:17:11,7900,1.4194,-1.6673,0.8501,0.0038,2.5189,1.6503,0.0602,0.6137,2.7558,0.0453
0:17:23,8000,1.9215,-2.0033,1.2298,0.0013,2.6524,2.1221,0.0425,1.2503,2.6866,0.0357
0:17:57,8100,1.7389,-2.5776,0.6603,0.0040,2.5135,2.6443,0.0739,1.1972,2.6924,0.0694
0:18:08,8200,1.4263,-1.8540,0.9227,0.0066,2.4689,1.7235,0.0693,0.5930,2.6642,0.0526
0:18:19,8300,0.5210,-1.3433,1.3741,0.0050,2.5898,1.2890,0.0491,0.9904,2.5031,0.0754
0:18:30,8400,0.9484,-1.3042,1.2201,0.0170,2.6477,1.2125,0.0579,0.6480,2.7334,0.0504
0:18:41,8500,0.4491,-1.0167,0.7256,0.0011,2.7464,0.9787,0.0651,0.6625,2.6647,0.0606
0:18:51,8600,0.0460,-1.0258,0.5359,0.0111,2.6676,0.8632,0.0662,0.5329,2.9035,0.0830
0:19:02,8700,1.0341,-1.4304,0.4702,0.0243,2.5053,1.4207,0.0813,0.3957,2.9129,0.0514
0:19:13,8800,1.1887,-1.4604,0.9068,0.0196,2.5402,1.6251,0.0490,0.6789,2.5337,0.0414
0:19:24,8900,1.1085,-1.7161,0.9963,0.0189,2.7948,1.8445,0.0794,0.5413,3.1985,0.0565
0:19:35,9000,1.6080,-2.1169,0.5156,0.0041,2.5971,2.0859,0.0656,1.1493,2.8183,0.0497
0:20:08,9100,0.3568,-1.2334,0.8252,0.0028,2.4228,1.2572,0.0996,0.5776,2.6866,0.0752
0:20:19,9200,0.2707,-1.2423,0.7640,0.0104,2.6736,1.4356,0.0614,0.8086,2.7687,0.0655
0:20:30,9300,-0.2776,-0.7314,0.6912,0.0110,2.4708,0.8733,0.0559,0.6252,2.7286,0.0632
0:20:41,9400,0.3449,-0.9147,0.8078,0.0050,2.6615,0.8262,0.0647,0.6158,2.8629,0.0605
0:20:52,9500,0.2164,-1.0846,0.4823,0.0061,2.5760,1.1776,0.0754,0.9899,2.8254,0.0751
0:21:03,9600,0.3246,-1.0316,0.6533,0.0082,2.5902,1.2170,0.0642,0.7379,2.8371,0.0630
0:21:14,9700,1.2746,-1.6249,0.9198,0.0094,2.7451,1.5549,0.0737,0.9126,2.7989,0.0455
0:21:25,9800,0.7274,-1.1500,1.0080,0.0023,2.7418,1.0810,0.0506,1.2321,2.6374,0.0490
0:21:35,9900,0.3996,-1.1849,0.5978,0.0067,2.4612,1.0182,0.0560,0.4637,2.9402,0.0595
0:21:46,10000,0.6040,-1.0949,0.5963,0.0023,2.2631,1.1175,0.0534,0.4731,2.8008,0.0431
0:25:47,10100,0.0957,-0.9121,0.5435,0.0143,2.6293,0.8866,0.0698,0.4574,2.7721,0.0656
0:25:57,10200,-0.2095,-0.4474,0.5903,0.0091,2.4407,0.2845,0.0706,0.6108,2.7337,0.0716
0:26:08,10300,1.5935,-1.9350,0.7720,0.0062,2.4422,1.9715,0.0702,0.5727,2.6973,0.0460
0:26:19,10400,1.1954,-1.7393,0.9114,0.0077,2.2868,1.9562,0.0594,0.7973,3.0091,0.0483
0:26:30,10500,0.1503,-0.8923,0.6002,0.0056,2.4633,1.0103,0.0682,0.7388,2.9244,0.0629
0:26:41,10600,0.2350,-0.7092,0.8429,0.0043,2.0526,0.6583,0.0585,0.5975,2.5073,0.0584
0:26:52,10700,0.8002,-1.1214,0.5900,0.0026,2.4968,1.2664,0.0672,0.4386,2.5355,0.0488
0:27:02,10800,0.0960,-0.6814,0.5832,0.0059,2.4908,0.9520,0.0724,0.5075,2.8017,0.0649
0:27:13,10900,0.5068,-0.8479,0.8882,0.0032,2.4149,1.0576,0.0751,0.5240,2.5943,0.0528
0:27:24,11000,0.9913,-1.2832,0.8734,0.0091,2.1252,1.1993,0.0570,0.5726,2.3251,0.0408
0:27:58,11100,0.7838,-1.1466,0.5900,0.0063,2.1639,1.1349,0.0620,0.4406,2.3935,0.0479
0:28:09,11200,0.7943,-1.2259,0.7737,0.0087,2.2127,1.4075,0.0474,0.5828,2.7292,0.0421
0:28:20,11300,-0.0101,-0.6692,0.5552,0.0125,2.0268,0.8666,0.0620,0.5521,2.9664,0.0588
0:28:32,11400,0.3861,-0.8065,0.7296,0.0025,2.3003,0.9273,0.0552,0.7498,2.7389,0.0523
0:28:43,11500,0.1150,-0.6469,0.6455,0.0144,2.4700,0.8011,0.0518,0.7510,2.6417,0.0478
0:28:54,11600,0.5223,-1.0028,0.5391,0.0055,1.9770,0.9116,0.0755,0.5425,2.9978,0.0606
0:29:04,11700,0.6690,-1.2055,0.6830,0.0125,2.1444,1.3201,0.0593,0.7109,2.7277,0.0475
0:29:15,11800,0.4715,-1.3603,0.7451,0.0056,2.4016,1.4264,0.0639,0.5707,3.5933,0.0699
0:29:26,11900,0.1439,-0.5417,0.8632,0.0064,2.3693,0.6402,0.0534,0.7173,2.8102,0.0504
0:29:37,12000,0.7409,-1.0473,0.7505,0.0027,2.2146,1.1519,0.0565,0.5127,2.7885,0.0421
0:30:11,12100,1.0031,-1.2431,0.6904,0.0056,2.4826,1.3180,0.0539,0.6471,2.8590,0.0413
0:30:22,12200,-0.1450,-0.7759,0.5762,0.0103,2.1894,0.9777,0.0648,0.7828,3.1308,0.0625
0:30:33,12300,1.0062,-1.2788,0.4647,0.0040,1.9374,1.4038,0.0589,0.4998,2.5644,0.0472
0:30:44,12400,0.2335,-0.7464,0.6335,0.0129,2.0742,0.5958,0.0778,0.5399,2.0286,0.0636
0:30:55,12500,-0.1147,-0.9788,0.2878,0.0214,2.1285,1.3389,0.0805,0.5933,3.1449,0.0777
0:31:06,12600,0.4592,-0.8005,1.0288,0.0051,2.0455,0.7903,0.0660,0.6828,2.9467,0.0436
0:31:16,12700,0.2227,-0.5762,0.3982,0.0041,2.2453,0.5495,0.0483,0.4134,2.6286,0.0436
0:31:27,12800,0.8877,-1.5274,0.5061,0.0168,1.9649,1.4343,0.0751,0.3976,2.5673,0.0558
0:31:38,12900,0.3591,-0.8149,0.4765,0.0045,2.3577,0.8202,0.0533,0.8348,3.0785,0.0546
0:31:49,13000,-0.0356,-0.7374,0.4713,0.0271,2.6391,0.7465,0.0668,0.6865,2.5552,0.0636
0:32:24,13100,0.5562,-0.9109,0.6798,0.0091,1.9129,1.0891,0.0720,0.5424,3.2795,0.0527
0:32:35,13200,0.4947,-0.8217,0.4246,0.0044,2.1481,0.8616,0.0536,0.3821,2.5742,0.0420
0:32:46,13300,0.5384,-1.2003,0.4372,0.0052,2.0180,1.1824,0.0714,0.4000,3.3245,0.0622
0:32:57,13400,0.2480,-0.7147,0.3527,0.0042,1.7828,0.6479,0.0715,0.4063,2.4533,0.0500
0:33:08,13500,0.0782,-0.6719,0.3820,0.0023,2.4343,0.7473,0.0653,0.2298,3.1329,0.0544
0:33:19,13600,0.1158,-1.1332,0.3515,0.0045,1.9016,1.2451,0.0703,0.6497,2.3622,0.0669
0:33:29,13700,0.2897,-1.0433,1.0818,0.0138,2.2169,0.6193,0.0609,0.9146,2.9062,0.0627
0:33:40,13800,0.9536,-1.2424,0.5696,0.0031,2.1729,1.2520,0.0421,0.9977,2.7816,0.0348
0:33:51,13900,0.1993,-0.6130,0.5910,0.0037,2.3171,0.8428,0.0576,0.4777,2.5209,0.0446
0:34:02,14000,0.3438,-0.9086,0.7294,0.0162,2.2933,0.9315,0.0502,0.4295,2.6620,0.0460
0:34:37,14100,0.6934,-1.0622,0.5148,0.0026,2.2528,1.1080,0.0558,0.6359,2.2837,0.0419
0:34:47,14200,0.1662,-0.6861,0.7127,0.0028,2.1908,0.7323,0.0646,0.6622,2.9389,0.0481
0:34:58,14300,0.3201,-1.2721,0.5251,0.0108,2.1089,1.2584,0.0661,0.5811,2.5201,0.0651
0:35:09,14400,0.6198,-1.0043,0.6408,0.0087,1.9105,1.0291,0.0529,0.6501,2.7673,0.0435
0:35:20,14500,0.5292,-0.8383,0.3688,0.0037,1.9153,0.8159,0.0500,0.5566,2.6379,0.0394
0:35:31,14600,0.3194,-0.9630,0.4743,0.0033,2.6517,0.8651,0.0672,0.7319,3.5815,0.0581
0:35:42,14700,0.5183,-1.1366,0.4063,0.0061,1.8142,1.0266,0.0548,0.6738,2.9624,0.0486
0:35:53,14800,0.5180,-1.0442,0.6829,0.0077,2.1599,0.9562,0.0592,0.4034,2.9163,0.0488
0:36:04,14900,0.8768,-1.3101,0.9708,0.0125,1.8805,1.2642,0.0560,0.8681,2.1840,0.0419
0:36:15,15000,0.2804,-0.8414,0.4949,0.0119,2.1559,0.9411,0.0577,0.4621,2.5134,0.0609
0:36:48,15100,-0.4550,-0.2877,0.2822,0.0054,1.6987,0.4326,0.0657,0.5650,3.3485,0.0664
0:36:59,15200,0.2756,-0.6981,0.6812,0.0031,2.0431,0.7537,0.0492,0.2851,2.7370,0.0426
0:37:10,15300,0.3521,-1.0454,0.5413,0.0156,2.0065,0.9021,0.0513,0.8824,2.5244,0.0565
0:37:21,15400,0.0695,-0.5718,0.4755,0.0035,1.3776,0.6254,0.0733,0.5597,2.5426,0.0501
0:37:32,15500,0.0130,-0.6187,0.3403,0.0068,1.8468,0.6867,0.0705,0.5552,2.8961,0.0563
0:37:43,15600,0.2073,-0.8705,0.6698,0.0081,1.7127,0.7160,0.0731,0.5380,2.5949,0.0555
0:37:53,15700,0.1544,-0.5827,0.4537,0.0055,2.0205,0.5661,0.0560,0.4460,2.6902,0.0410
0:38:04,15800,0.2446,-0.9899,0.2059,0.0069,1.5987,1.1118,0.0820,0.2779,2.8354,0.0607
0:38:15,15900,0.0416,-0.8217,0.4832,0.0079,2.0760,0.8864,0.0741,0.7521,3.5319,0.0563
0:38:26,16000,0.2282,-0.9802,0.6624,0.0033,1.7917,1.0841,0.0600,0.6034,2.4701,0.0586
0:38:59,16100,0.5292,-0.9331,0.1687,0.0123,2.0511,0.8098,0.0636,0.4404,2.6372,0.0417
0:39:10,16200,-0.2562,-0.5597,0.4609,0.0122,1.4831,0.7337,0.0800,0.8147,3.8064,0.0710
0:39:21,16300,0.5113,-0.9847,0.8814,0.0044,1.9919,0.9602,0.0600,0.5871,2.7285,0.0492
0:39:32,16400,-0.5744,-0.4408,0.2338,0.0116,1.8294,0.6199,0.0638,0.2233,3.3445,0.0581
0:39:42,16500,-0.1271,-0.6423,0.1915,0.0132,1.9886,0.7146,0.0684,0.6457,2.9883,0.0589
0:39:53,16600,0.1866,-0.7476,0.2103,0.0059,1.4972,0.7509,0.0691,0.3183,3.0986,0.0479
0:40:04,16700,0.5861,-0.9234,0.2931,0.0079,1.6516,1.1357,0.0566,0.7476,2.2140,0.0428
0:40:15,16800,-0.3205,-0.4060,0.2723,0.0173,1.6552,0.4702,0.0602,0.6728,2.8976,0.0492
0:40:26,16900,0.3855,-0.8564,0.3282,0.0073,1.9162,0.7900,0.0488,0.4609,2.9648,0.0414
0:40:37,17000,-0.1684,-0.4726,0.5299,0.0044,1.7078,0.4744,0.0689,0.6823,2.6875,0.0622
0:41:12,17100,0.0330,-0.7312,0.4280,0.0077,1.9319,0.8057,0.0667,0.5847,2.6201,0.0525
0:41:22,17200,0.2806,-0.8541,0.4093,0.0053,1.4260,0.7139,0.0731,0.2182,2.4214,0.0655
0:41:33,17300,0.2677,-0.8240,0.5793,0.0060,2.1264,0.9495,0.0556,0.9893,2.2966,0.0480
0:41:44,17400,0.3276,-0.8039,0.7142,0.0157,1.9679,0.7958,0.0728,0.2334,3.2309,0.0500
0:41:55,17500,-0.2992,-0.7670,0.5738,0.0246,2.0292,0.8433,0.0688,0.6527,2.7868,0.0704
0:42:06,17600,0.1727,-0.7628,0.2582,0.0195,1.6969,0.7223,0.0583,0.4567,2.4760,0.0453
0:42:17,17700,-0.1265,-0.7031,0.4703,0.0067,1.3246,0.7218,0.0656,1.2475,2.7147,0.0555
0:42:28,17800,0.1552,-0.8741,0.1612,0.0047,1.7506,1.0453,0.0720,0.4686,2.6633,0.0589
0:42:39,17900,0.4397,-0.9295,0.3308,0.0290,1.8713,0.6992,0.0633,0.3717,2.3442,0.0450
0:42:49,18000,0.0481,-0.6776,0.7781,0.0037,1.9661,0.6204,0.0617,0.3048,3.1536,0.0545
0:43:24,18100,0.3485,-0.8815,0.1736,0.0277,1.4121,0.6083,0.0653,0.6313,2.1968,0.0474
0:43:35,18200,0.0744,-0.5686,0.2916,0.0049,1.7468,0.6876,0.0686,0.5051,2.5877,0.0537
0:43:46,18300,-0.0481,-0.5135,0.4204,0.0046,1.3143,0.5594,0.0619,0.3080,2.8955,0.0584
0:43:57,18400,-0.0352,-0.5435,1.0567,0.0073,1.8609,0.7098,0.0624,0.4250,3.4628,0.0568
0:44:08,18500,0.1095,-0.8069,0.3621,0.0046,2.1732,0.7720,0.0601,0.4870,3.2401,0.0538
0:44:19,18600,-0.1554,-0.4463,0.4098,0.0104,1.6506,0.4355,0.0582,0.6270,1.9009,0.0449
0:44:30,18700,-0.1826,-0.4948,0.3312,0.0012,1.8571,0.6079,0.0563,0.2128,2.9420,0.0433
0:44:40,18800,-0.4975,-0.1648,0.3625,0.0060,2.1876,0.2820,0.0626,1.1401,2.9667,0.0573
0:44:51,18900,-0.1030,-0.3188,0.5237,0.0055,1.2435,0.4010,0.0497,0.1021,2.8526,0.0435
0:45:02,19000,0.1675,-0.7935,0.1826,0.0037,1.7446,0.7098,0.0570,0.6934,2.9239,0.0522
0:45:36,19100,-0.0162,-0.7285,0.4167,0.0082,1.6972,0.7004,0.0792,0.8627,2.4158,0.0616
0:45:47,19200,0.2081,-0.8710,0.5437,0.0044,2.4268,0.6956,0.0598,0.1442,3.2106,0.0443
0:45:58,19300,-0.1168,-0.5166,0.5157,0.0075,2.0636,0.4155,0.0564,1.2981,2.9420,0.0536
0:46:09,19400,0.3253,-0.8306,0.5413,0.0417,2.3638,0.8989,0.0504,0.7757,2.3043,0.0429
0:46:20,19500,-0.1332,-0.4588,0.4011,0.0101,1.9458,0.4722,0.0526,0.5065,2.6641,0.0550
0:46:31,19600,0.2329,-0.7349,0.3199,0.0120,1.6583,0.6907,0.0455,0.5327,3.3322,0.0382
0:46:42,19700,0.1665,-1.0474,0.3177,0.0145,1.8127,1.0222,0.0744,0.2159,2.6468,0.0588
0:46:52,19800,0.3896,-0.9575,0.2861,0.0072,1.5125,0.9392,0.0731,0.5018,2.0111,0.0496
0:47:03,19900,-0.4246,-0.3838,0.1498,0.0056,1.4555,0.4304,0.0654,0.2759,2.3644,0.0574
0:47:14,20000,0.0148,-0.6956,0.4769,0.0083,1.4391,0.7727,0.0622,0.5692,2.1181,0.0551
0:51:13,20100,0.1438,-0.5936,0.6676,0.0052,1.4205,0.5459,0.0512,0.4282,1.8159,0.0389
0:51:23,20200,0.0918,-0.6167,0.2319,0.0067,1.1369,0.7103,0.0544,0.4535,2.1920,0.0491
0:51:34,20300,-0.0784,-0.6645,0.2015,0.0052,1.3324,0.7549,0.0718,0.2891,2.3312,0.0552
0:51:45,20400,-0.1186,-0.4626,0.4841,0.0085,1.4113,0.4897,0.0560,0.5586,2.3242,0.0434
0:51:56,20500,0.0727,-0.7583,0.3192,0.0065,2.1869,0.7862,0.0623,0.4180,2.9301,0.0524
0:52:07,20600,-0.3201,-0.4491,0.2420,0.0188,1.6467,0.5265,0.0653,0.6231,3.2827,0.0527
0:52:18,20700,-0.0615,-0.3887,0.2869,0.0057,1.7677,0.3750,0.0489,0.3854,2.0572,0.0416
0:52:29,20800,0.3193,-0.7975,0.3170,0.0086,1.5736,0.7894,0.0586,0.2465,2.5709,0.0395
0:52:39,20900,-0.2655,-0.5632,0.3728,0.0115,1.6699,0.5629,0.0617,0.5780,3.3252,0.0550
0:52:50,21000,0.3542,-0.7006,0.1177,0.0031,1.6314,0.7168,0.0512,0.5592,2.2108,0.0379
0:53:24,21100,-0.3395,-0.2275,0.3052,0.0081,1.8777,0.2023,0.0571,0.7293,2.2320,0.0526
0:53:35,21200,0.1323,-0.5968,0.5351,0.0051,1.7623,0.6728,0.0718,1.3124,2.1656,0.0498
0:53:46,21300,-0.0234,-0.6309,0.7501,0.0050,1.2222,0.6213,0.0603,0.5746,2.8095,0.0493
0:53:57,21400,-0.2473,-0.7024,0.2443,0.0079,1.4030,0.7512,0.0667,0.3134,2.9356,0.0559
0:54:08,21500,0.2019,-0.8429,0.2198,0.0056,1.4848,0.6313,0.0682,0.2291,2.3823,0.0489
0:54:19,21600,-0.3998,-0.3542,0.3730,0.0053,1.6217,0.3562,0.0739,0.2480,3.7787,0.0632
0:54:29,21700,0.6836,-1.0765,0.4260,0.0385,2.3892,0.7242,0.0494,0.2677,2.4962,0.0432
0:54:40,21800,0.0717,-0.8068,0.1068,0.0117,1.2594,0.8266,0.0597,0.5099,2.9628,0.0540
0:54:51,21900,-0.2200,-0.4736,0.1357,0.0100,1.1812,0.6064,0.0766,0.4510,3.0333,0.0589
0:55:02,22000,0.0349,-0.5500,0.1198,0.0111,2.2222,0.6316,0.0660,0.3762,2.2152,0.0489
0:55:37,22100,0.2146,-1.1627,0.1584,0.0091,1.2556,1.0830,0.0622,0.8755,3.2651,0.0596
0:55:48,22200,-0.2620,-0.5794,0.1437,0.0094,1.4542,0.6294,0.0628,0.4894,2.4897,0.0567
0:55:59,22300,0.1459,-0.8098,0.1614,0.0092,1.5227,0.9543,0.0644,0.7363,2.4686,0.0606
0:56:10,22400,-0.0994,-0.4164,0.3445,0.0070,1.0255,0.3759,0.0576,0.1811,1.8284,0.0419
0:56:21,22500,-0.4308,-0.3074,0.1850,0.0084,1.0930,0.3210,0.0644,0.3532,3.0073,0.0588
0:56:31,22600,-0.2251,-0.4534,0.1544,0.0132,1.2672,0.6668,0.0739,0.2852,3.3998,0.0624
0:56:42,22700,0.1372,-0.6503,0.2521,0.0043,1.7178,0.5646,0.0491,0.8908,2.7952,0.0422
0:56:53,22800,-0.2576,-0.3710,0.3565,0.0090,1.4145,0.3383,0.0748,0.2413,1.9507,0.0512
0:57:04,22900,0.1147,-0.4363,0.2070,0.0063,1.2101,0.4298,0.0553,0.1460,2.2335,0.0409
0:57:14,23000,0.1364,-0.6487,0.7597,0.0042,2.2151,0.7569,0.0582,0.7608,3.0506,0.0518
0:57:48,23100,-0.1430,-0.7843,0.2054,0.0039,1.4971,0.8472,0.0626,0.6528,2.7026,0.0564
0:57:59,23200,-0.6213,-0.6259,0.2282,0.0062,1.3619,0.6294,0.0615,0.7849,3.4047,0.0580
0:58:10,23300,0.1024,-0.6823,0.3370,0.0026,1.2585,0.7666,0.0622,0.4997,2.2069,0.0477
0:58:21,23400,-0.2673,-0.6564,0.4614,0.0055,1.1120,0.7829,0.0580,0.6534,3.0398,0.0531
0:58:32,23500,0.1093,-0.6077,0.1651,0.0036,1.8283,0.5285,0.0511,0.3660,2.6039,0.0417
0:58:42,23600,-0.2967,-0.4738,0.2389,0.0096,0.8736,0.5557,0.0780,1.3308,2.8340,0.0600
0:58:53,23700,0.0504,-0.4447,0.1609,0.0203,1.2087,0.5776,0.0603,0.3856,2.2651,0.0396
0:59:04,23800,-0.5805,-0.4654,0.2886,0.0088,0.9917,0.5227,0.0573,1.2210,2.5945,0.0520
0:59:15,23900,0.2517,-0.7071,0.1043,0.0046,1.5384,0.7555,0.0622,0.5238,2.6325,0.0432
0:59:26,24000,-0.2860,-0.4686,0.0804,0.0055,1.4513,0.4849,0.0747,0.2358,2.8540,0.0503
1:00:00,24100,0.0663,-0.4095,0.5390,0.0046,1.1284,0.4195,0.0537,0.2318,2.1486,0.0449
1:00:11,24200,-0.0586,-0.5850,0.2981,0.0072,1.2048,0.6372,0.0669,0.7356,2.5038,0.0496
1:00:22,24300,0.0296,-0.4685,0.0329,0.0041,0.8668,0.4004,0.0623,0.1371,2.8434,0.0455
1:00:33,24400,-0.1076,-0.3757,0.3147,0.0072,1.6365,0.5186,0.0565,0.5179,3.0710,0.0497
1:00:44,24500,0.3066,-0.6960,0.3312,0.0173,1.1393,0.6408,0.0598,0.4555,2.2062,0.0450
1:00:55,24600,0.0932,-0.5932,0.5458,0.0074,1.1644,0.5855,0.0629,0.5172,2.7821,0.0482
1:01:05,24700,-0.7794,-0.1655,0.2706,0.0059,1.4089,0.2632,0.0631,0.3549,3.4170,0.0559
1:01:16,24800,-0.1251,-0.2450,0.7246,0.0093,1.6971,0.2772,0.0526,0.4367,3.0668,0.0475
1:01:27,24900,-0.0229,-0.4281,0.1524,0.0107,1.4126,0.3435,0.0690,0.2389,3.7010,0.0466
1:01:38,25000,-0.0961,-0.5076,0.2616,0.0053,1.1338,0.5291,0.0705,0.0968,2.3127,0.0520
1:02:12,25100,-0.2381,-0.6035,0.1163,0.0036,0.9323,0.7563,0.0697,2.5913,2.9391,0.0579
1:02:23,25200,-0.1017,-0.6779,0.1440,0.0039,0.9950,0.5950,0.0588,0.6042,2.3755,0.0484
1:02:34,25300,-0.2178,-0.5424,0.0333,0.0079,1.0656,0.6070,0.0781,0.1402,2.9203,0.0660
1:02:45,25400,-0.1589,-0.3972,0.2135,0.0040,1.2314,0.2801,0.0596,0.4108,2.3241,0.0491
1:02:56,25500,-0.0756,-0.2994,0.2140,0.0029,1.4667,0.2812,0.0770,0.4339,2.8871,0.0483
1:03:06,25600,0.0742,-0.5890,0.2453,0.0064,1.6324,0.5905,0.0572,0.3793,2.7597,0.0513
1:03:17,25700,0.2849,-0.6201,0.3857,0.0049,1.1541,0.6881,0.0536,0.6185,2.1709,0.0380
1:03:28,25800,-0.0842,-0.4549,0.2847,0.0048,1.6609,0.4582,0.0580,0.6946,2.8942,0.0463
1:03:39,25900,-0.1472,-0.3365,0.3753,0.0045,1.7335,0.3584,0.0567,0.3753,2.5489,0.0479
1:03:50,26000,-0.0645,-0.4733,0.2165,0.0041,1.4328,0.4694,0.0610,0.2124,2.2530,0.0467
1:04:25,26100,-0.0858,-0.9277,0.5494,0.0136,0.7759,0.8656,0.0642,0.6040,3.5272,0.0555
1:04:35,26200,-0.3768,-0.6144,0.2649,0.0081,0.9942,0.6216,0.0629,0.3772,3.2426,0.0535
1:04:46,26300,-0.6595,-0.1934,0.0434,0.0065,0.9736,0.2695,0.0686,0.4757,2.2719,0.0544
1:04:57,26400,-0.1214,-0.4945,0.3753,0.0065,1.3586,0.5422,0.0624,0.6474,3.4683,0.0514
1:05:08,26500,-0.0672,-0.4107,0.3042,0.0038,1.1822,0.4511,0.0515,0.3612,2.2912,0.0419
1:05:19,26600,-0.1283,-0.4898,0.1830,0.0066,0.9794,0.4902,0.0590,0.5631,2.5240,0.0469
1:05:29,26700,-0.4697,-0.4731,0.1629,0.0132,0.8156,0.9365,0.0735,0.5872,3.8919,0.0594
1:05:40,26800,-0.2325,-0.4561,0.4999,0.0053,0.9526,0.4453,0.0811,1.0474,3.7121,0.0644
1:05:51,26900,-0.0217,-0.5618,0.3934,0.0082,1.1538,0.5966,0.0545,0.2232,2.4574,0.0453
1:06:02,27000,-0.0458,-0.6133,0.2708,0.0071,1.1226,0.5397,0.0606,0.3201,2.9134,0.0532
1:06:35,27100,-0.5118,-0.1377,0.4759,0.0122,1.3161,0.0645,0.0608,0.3946,1.5794,0.0514
1:06:46,27200,-0.0965,-0.3665,0.1891,0.0066,0.9522,0.3878,0.0602,0.7655,3.0038,0.0510
1:06:57,27300,-0.1942,-0.4899,0.0889,0.0079,1.1204,0.5901,0.0717,0.7503,2.8312,0.0608
1:07:08,27400,0.2904,-0.6449,0.0612,0.0028,1.3449,0.6605,0.0515,0.5389,3.1816,0.0375
1:07:19,27500,-0.5331,-0.4028,0.6976,0.0051,1.2224,0.2964,0.0669,0.3869,2.9891,0.0519
1:07:29,27600,-0.1294,-0.6169,0.4285,0.0074,1.1922,0.6349,0.0605,0.7970,3.7717,0.0467
1:07:40,27700,-0.0386,-0.3650,0.3378,0.0035,1.2071,0.3685,0.0613,0.7926,2.3714,0.0464
1:07:51,27800,0.0763,-0.5344,0.2257,0.0041,0.9951,0.5550,0.0641,1.1513,2.7158,0.0418
1:08:02,27900,0.2645,-0.7322,0.1841,0.0063,0.4258,0.7439,0.0500,0.1199,3.0927,0.0434
1:08:13,28000,0.1245,-0.7111,0.2991,0.0025,2.0614,0.6730,0.0586,0.6228,2.2284,0.0466
1:08:47,28100,-0.0433,-0.6024,0.5509,0.0064,0.9104,0.7850,0.0653,0.2258,3.2025,0.0490
1:08:58,28200,-0.1408,-0.4518,0.1266,0.0086,1.4391,0.4710,0.0695,0.2336,2.2527,0.0540
1:09:09,28300,-0.0060,-0.5685,0.0479,0.0026,0.5655,0.5652,0.0536,0.6544,3.1554,0.0400
1:09:19,28400,0.1337,-0.7155,0.5533,0.0050,1.1536,0.6023,0.0597,0.7079,3.4216,0.0417
1:09:30,28500,0.0531,-0.5700,0.0379,0.0036,0.4930,0.6310,0.0497,0.4413,2.2846,0.0438
1:09:41,28600,-0.5288,-0.1257,0.1032,0.0085,1.1429,0.2385,0.0560,0.5882,3.2077,0.0467
1:09:52,28700,-0.6219,-0.3381,0.2163,0.0092,0.8387,0.4088,0.0716,0.2430,3.8358,0.0624
1:10:03,28800,-0.0047,-0.4975,0.0226,0.0075,0.9789,0.5094,0.0722,0.4718,2.1948,0.0571
1:10:13,28900,-0.5279,-0.4733,0.3772,0.0055,1.2796,0.5033,0.0665,0.8593,2.4668,0.0562
1:10:24,29000,-0.1854,-0.3647,0.0915,0.0031,0.8694,0.4054,0.0695,0.7583,3.7440,0.0479
1:10:59,29100,0.2423,-0.7374,0.2339,0.0030,0.7210,0.8130,0.0587,1.0283,2.1966,0.0434
1:11:09,29200,-0.3458,-0.4119,0.1120,0.0097,0.5268,0.6011,0.0635,0.4629,2.2706,0.0507
1:11:20,29300,0.1481,-0.4696,0.1416,0.0041,0.6923,0.5319,0.0489,0.7727,3.1417,0.0368
1:11:31,29400,-0.1167,-0.4458,0.3704,0.0038,0.7958,0.4544,0.0653,1.0033,2.7911,0.0501
1:11:42,29500,-0.9127,0.1465,0.0558,0.0113,1.0556,0.0625,0.0799,0.8047,2.5157,0.0622
1:11:53,29600,-0.1254,-0.3426,0.2999,0.0036,1.6901,0.4218,0.0558,0.5974,2.8999,0.0487
1:12:04,29700,-0.2509,-0.5896,0.2735,0.0035,0.8769,0.6289,0.0666,0.7733,2.8409,0.0552
1:12:15,29800,-0.3356,-0.4755,0.0324,0.0108,0.4346,0.5270,0.0640,0.4331,2.7342,0.0479
1:12:26,29900,0.1976,-0.7174,0.0584,0.0038,1.0708,0.7222,0.0692,0.3730,2.6833,0.0530
1:12:36,30000,-0.2078,-0.7551,0.3653,0.0188,1.0734,0.6238,0.0575,0.7710,2.7143,0.0551
1:16:28,30100,-0.1429,-0.4691,0.3430,0.0062,0.6138,0.4983,0.0634,0.2150,2.3182,0.0475
1:16:39,30200,0.0978,-0.5573,0.1687,0.0025,0.4074,0.6029,0.0623,0.4286,2.6587,0.0484
1:16:50,30300,-0.0811,-0.4843,0.1015,0.0034,0.9471,0.5374,0.0592,0.2149,1.6287,0.0433
1:17:01,30400,-0.5025,-0.6956,0.0386,0.0166,0.9370,0.9170,0.0682,2.1805,2.5998,0.0633
1:17:11,30500,0.0666,-0.5045,0.0548,0.0053,0.5202,0.5571,0.0620,0.2350,1.9397,0.0424
1:17:22,30600,0.1304,-0.4696,0.3759,0.0025,0.5669,0.4582,0.0520,0.4850,2.6439,0.0388
1:17:33,30700,-0.6955,-0.4222,0.1381,0.0131,0.5397,0.5484,0.0652,1.5265,4.2310,0.0561
1:17:43,30800,-0.0999,-0.4387,0.2530,0.0035,0.5550,0.4842,0.0615,0.5906,2.5971,0.0502
1:17:54,30900,0.0714,-0.6403,0.0924,0.0026,0.3900,0.6929,0.0690,0.5001,2.0760,0.0547
1:18:05,31000,-0.1928,-0.5532,0.1157,0.0148,0.4484,0.6425,0.0773,1.2036,2.5509,0.0493
1:18:40,31100,-0.4463,-0.1309,0.4393,0.0120,1.0745,0.1974,0.0602,0.2814,2.7919,0.0471
1:18:51,31200,-0.0540,-0.4682,0.2345,0.0036,0.9391,0.5129,0.0677,0.5243,2.7149,0.0511
1:19:02,31300,-0.3213,-0.6939,0.0759,0.0121,0.4821,0.7201,0.0649,0.3599,3.1278,0.0543
1:19:12,31400,-0.0999,-0.3022,0.3207,0.0023,1.0184,0.2436,0.0581,0.5971,2.1630,0.0386
1:19:23,31500,-0.2303,-0.3706,0.3139,0.0034,0.4795,0.4397,0.0562,0.6585,4.3166,0.0466
1:19:34,31600,0.0242,-0.4932,0.2130,0.0060,0.4244,0.5317,0.0548,0.2388,2.2185,0.0416
1:19:45,31700,0.0672,-0.5279,0.2950,0.0054,1.2181,0.5968,0.0568,0.4832,2.0664,0.0475
1:19:56,31800,-0.4047,-0.2528,0.2036,0.0102,0.6853,0.2399,0.0652,0.2426,1.9834,0.0450
1:20:07,31900,0.1987,-0.5671,0.1656,0.0069,0.4504,0.6446,0.0537,0.3196,2.5288,0.0401
1:20:18,32000,-0.3880,-0.3604,0.3144,0.0025,0.8028,0.4129,0.0817,0.4404,2.6103,0.0673
1:20:51,32100,0.0334,-0.9888,0.3153,0.0107,0.5908,1.0055,0.0718,1.2148,4.8086,0.0621
1:21:02,32200,-0.6420,-0.1202,0.2842,0.0136,0.8250,0.1889,0.0576,0.6901,3.3824,0.0491
1:21:13,32300,-0.3774,-0.3206,0.1897,0.0071,1.4566,0.2389,0.0595,1.8292,2.3534,0.0483
1:21:24,32400,0.0796,-0.5391,0.1089,0.0091,0.6803,0.4927,0.0550,0.5070,2.3864,0.0392
1:21:35,32500,-0.0545,-0.4123,0.1854,0.0114,0.5370,0.4227,0.0616,0.4513,1.7407,0.0433
1:21:46,32600,-0.0130,-0.6091,0.1799,0.0018,0.5433,0.5281,0.0688,0.7901,1.7793,0.0506
1:21:56,32700,-0.6220,-0.0583,0.5298,0.0078,1.0004,0.1276,0.0718,0.6080,3.2469,0.0553
1:22:07,32800,-0.7399,-0.4715,0.0293,0.0060,0.8325,0.5366,0.0670,0.3769,3.4073,0.0554
1:22:18,32900,-0.0300,-0.4998,0.0612,0.0073,0.4779,0.5444,0.0637,0.3410,1.3512,0.0415
1:22:28,33000,-0.3038,-0.3173,0.3291,0.0090,0.2789,0.3655,0.0602,0.9077,2.9874,0.0424
1:23:02,33100,-0.0497,-0.4257,0.2119,0.0040,0.4475,0.4560,0.0442,1.0176,2.0166,0.0377
1:23:13,33200,-0.4373,-0.1027,0.0181,0.0066,0.4921,0.1590,0.0591,0.3759,2.2209,0.0472
1:23:24,33300,-0.6096,-0.2504,0.2968,0.0056,1.0085,0.2069,0.0694,0.8203,3.2760,0.0539
1:23:34,33400,0.0862,-0.4273,0.1718,0.0079,0.5198,0.4338,0.0622,0.7361,1.4168,0.0408
1:23:45,33500,-0.4859,0.1390,0.1079,0.0074,0.6226,-0.1601,0.0684,1.9487,1.9361,0.0525
1:23:56,33600,-0.4068,-0.3344,0.1719,0.0085,0.8561,0.3593,0.0535,0.6580,3.3168,0.0418
1:24:07,33700,-0.1330,-0.5004,0.3557,0.0052,0.9127,0.5990,0.0519,1.0456,3.0105,0.0437
1:24:17,33800,-0.3482,-0.3189,0.0162,0.0043,0.2234,0.4012,0.0701,0.3824,2.7372,0.0500
1:24:28,33900,-0.3973,-0.3555,0.3480,0.0081,0.5489,0.2691,0.0656,0.8826,4.1828,0.0500
1:24:39,34000,-0.2463,-0.3983,0.0582,0.0031,0.4406,0.4127,0.0775,0.3636,1.8625,0.0514
1:25:14,34100,-0.2758,-0.2508,0.1618,0.0167,1.5957,0.2200,0.0596,0.3512,3.3289,0.0498
1:25:25,34200,-0.5094,-0.3517,0.0541,0.0036,0.4812,0.3658,0.0736,0.8858,2.6969,0.0529
1:25:36,34300,0.0083,-0.5431,0.2493,0.0051,0.7154,0.5760,0.0604,0.5332,2.3566,0.0394
1:25:47,34400,-0.6334,0.0534,0.1751,0.0080,0.4647,-0.0128,0.0604,0.8784,2.0346,0.0475
1:25:58,34500,-0.1877,-0.4387,0.1773,0.0054,0.5079,0.4164,0.0696,0.6688,2.9573,0.0508
1:26:08,34600,-0.2300,-0.4593,0.1887,0.0091,0.5595,0.4071,0.0668,1.0094,1.9896,0.0498
1:26:19,34700,-0.0746,-0.3816,0.1227,0.0024,0.5228,0.3841,0.0515,0.4572,2.2172,0.0374
1:26:30,34800,-0.2987,-0.3719,0.5494,0.0036,1.3122,0.3251,0.0520,0.4328,3.1071,0.0464
1:26:41,34900,-0.1380,-0.2748,0.3279,0.0040,1.2256,0.3895,0.0538,0.1721,2.3552,0.0427
1:26:52,35000,-0.2822,-0.4821,0.1072,0.0105,0.8713,0.5142,0.0625,0.2154,2.7017,0.0483
1:27:26,35100,-0.1679,-0.4476,0.0502,0.0110,0.5891,0.4537,0.0586,0.5004,4.0121,0.0463
1:27:36,35200,-0.0487,-0.5661,0.3970,0.0068,0.4634,0.5319,0.0542,1.7125,2.4501,0.0495
1:27:47,35300,-0.6903,-0.1061,0.0660,0.0108,0.3360,0.1661,0.0669,1.8559,2.6345,0.0587
1:27:58,35400,-0.3745,-0.2225,0.1497,0.0091,0.5172,0.3230,0.0682,0.2869,3.3779,0.0456
1:28:09,35500,-0.2170,-0.2999,0.0780,0.0099,0.3649,0.3277,0.0596,1.0524,1.0684,0.0460
1:28:20,35600,-0.0001,-0.6011,0.2659,0.0031,1.1350,0.6246,0.0625,0.4957,2.6392,0.0428
1:28:31,35700,-0.3095,-0.4429,0.2228,0.0123,0.6022,0.5293,0.0737,0.8617,1.5012,0.0471
1:28:42,35800,-0.1240,-0.3085,0.0552,0.0033,0.8098,0.3695,0.0480,0.1728,2.9837,0.0382
1:28:53,35900,-0.4032,-0.4060,0.2300,0.0124,0.2849,0.4126,0.0723,0.7778,2.9672,0.0509
1:29:04,36000,-0.1448,-0.5860,0.0962,0.0054,0.2887,0.5693,0.0624,0.5429,3.0052,0.0517
1:29:37,36100,-0.0842,-0.5000,0.0385,0.0038,0.5794,0.5081,0.0570,1.1923,2.1671,0.0418
1:29:48,36200,-0.0832,-0.4958,0.0709,0.0038,0.3588,0.4394,0.0745,0.6696,2.4384,0.0498
1:29:59,36300,-0.3763,-0.2075,0.0563,0.0061,0.8117,0.3008,0.0581,0.6564,2.2441,0.0460
1:30:09,36400,-0.5918,-0.3088,0.1360,0.0208,0.4081,0.3281,0.0644,0.3302,2.6241,0.0511
1:30:20,36500,-0.5756,-0.0308,0.0304,0.0077,0.5494,0.0173,0.0688,0.5900,1.6585,0.0576
1:30:31,36600,-0.0251,-0.3817,0.4818,0.0064,0.8723,0.4423,0.0488,1.0650,1.4294,0.0399
1:30:42,36700,0.0625,-0.4868,0.0424,0.0051,0.3929,0.5030,0.0526,0.2857,1.4665,0.0381
1:30:52,36800,0.0195,-0.5999,0.0494,0.0038,0.4558,0.6901,0.0599,0.3796,2.9877,0.0426
1:31:03,36900,0.0751,-0.6300,0.1990,0.0077,0.3723,0.6297,0.0696,0.3124,2.2491,0.0457
1:31:14,37000,-0.1475,-0.5474,0.0166,0.0132,0.4134,0.6081,0.0647,1.4506,2.0968,0.0449
1:31:48,37100,-0.3658,-0.2863,0.2130,0.0016,0.3735,0.2670,0.0622,0.5987,2.0018,0.0503
1:31:59,37200,0.0997,-0.5014,0.4780,0.0041,0.4849,0.5102,0.0514,0.6419,2.9027,0.0359
1:32:10,37300,-0.4536,-0.1028,0.1643,0.0077,0.3263,0.1381,0.0571,0.2586,2.4719,0.0485
1:32:21,37400,-0.1961,-0.2983,0.1203,0.0054,0.5065,0.3935,0.0667,0.1272,1.5154,0.0527
1:32:32,37500,-0.9292,-0.1006,0.1137,0.0045,0.2250,0.2344,0.0918,0.6760,2.1143,0.0675
1:32:42,37600,-0.5918,-0.1418,0.2170,0.0017,1.0911,0.1547,0.0776,0.6305,3.8049,0.0546
1:32:54,37700,-0.2421,-0.4407,0.0468,0.0070,0.1784,0.5075,0.0704,0.4797,2.1113,0.0522
1:33:04,37800,-0.3587,-0.3805,0.0337,0.0030,0.9163,0.4022,0.0708,0.6825,1.8843,0.0466
1:33:15,37900,-0.4216,-0.2134,0.0382,0.0033,0.4081,0.2205,0.0628,0.4176,1.9544,0.0493
1:33:26,38000,-0.1710,-0.4518,0.0673,0.0096,0.5915,0.4439,0.0614,0.4644,2.7685,0.0430
1:34:00,38100,-0.4589,-0.0828,0.0538,0.0070,0.6416,0.0684,0.0764,0.7360,3.6130,0.0511
1:34:11,38200,0.0033,-0.3725,0.4022,0.0029,1.2009,0.2853,0.0459,0.4724,2.3603,0.0378
1:34:22,38300,-0.7577,-0.0421,0.0420,0.0119,1.4988,0.0563,0.0701,0.6855,2.4150,0.0584
1:34:33,38400,-0.2995,-0.4209,0.3803,0.0123,0.3972,0.3450,0.0594,0.3064,3.1667,0.0432
1:34:43,38500,-0.3126,-0.4320,0.1965,0.0036,0.2120,0.4833,0.0734,0.6774,2.4944,0.0552
1:34:54,38600,-0.4467,-0.2400,0.0220,0.0089,0.2024,0.2926,0.0690,0.5387,3.0382,0.0544
1:35:05,38700,-0.7280,-0.0995,0.0577,0.0054,0.2629,0.1078,0.0673,1.2040,2.4137,0.0548
1:35:16,38800,-0.6451,-0.0658,0.0778,0.0057,0.5058,0.0876,0.0655,0.6239,2.4820,0.0522
1:35:26,38900,-0.2504,-0.3193,0.1198,0.0059,1.0554,0.3139,0.0595,0.3828,2.3929,0.0423
1:35:37,39000,-0.8432,-0.1074,0.1870,0.0092,0.6113,0.2459,0.0732,1.5292,1.9775,0.0583
1:36:12,39100,-0.5565,-0.1364,0.0662,0.0074,0.3086,0.2260,0.0546,0.9878,2.0269,0.0437
1:36:23,39200,-0.1974,-0.5128,0.1423,0.0023,0.5602,0.4387,0.0640,0.8484,1.7438,0.0505
1:36:34,39300,-0.4455,-0.1359,0.1085,0.0046,0.6755,0.1466,0.0590,0.4318,1.7521,0.0458
1:36:45,39400,-0.1446,-0.5003,0.2232,0.0153,0.8306,0.4292,0.0659,0.6441,1.9385,0.0503
1:36:56,39500,-0.0979,-0.3338,0.0485,0.0056,0.5260,0.3136,0.0519,0.0391,1.6562,0.0378
1:37:07,39600,-0.2290,-0.5741,0.1316,0.0063,0.6051,0.5206,0.0668,0.4180,1.5370,0.0482
1:37:18,39700,-0.0607,-0.4307,0.2730,0.0077,0.6004,0.4780,0.0600,1.4248,2.2011,0.0444
1:37:29,39800,-0.6329,-0.1689,0.0328,0.0108,1.3890,0.2297,0.0691,0.8738,4.0078,0.0550
1:37:40,39900,-0.2396,-0.3685,0.0257,0.0039,0.3942,0.3737,0.0635,0.5159,1.3681,0.0401
1:37:50,40000,-0.2575,-0.5490,0.9358,0.0089,0.6179,0.3750,0.0699,1.1049,3.7123,0.0487
1:41:43,40100,-0.0625,-0.4096,0.1350,0.0063,0.5399,0.4263,0.0447,0.7043,2.2686,0.0356
1:41:54,40200,-0.0294,-0.5406,0.0544,0.0055,0.6393,0.6225,0.0545,1.3204,2.6763,0.0389
1:42:05,40300,-0.0376,-0.4397,0.0589,0.0071,0.2612,0.4348,0.0550,0.5118,2.6766,0.0366
1:42:15,40400,-0.4406,-0.1847,0.1008,0.0015,0.2710,0.1549,0.0739,0.8022,1.5928,0.0500
1:42:26,40500,-0.4271,-0.4037,0.1728,0.0050,0.2526,0.3523,0.0607,0.8026,2.2848,0.0498
1:42:37,40600,-0.3768,-0.4808,0.2023,0.0112,0.3001,0.5159,0.0588,0.3957,3.6106,0.0515
1:42:48,40700,-0.7384,-0.0117,0.2020,0.0066,0.7455,0.1367,0.0756,0.1154,5.2753,0.0578
1:42:59,40800,-0.0939,-0.4575,0.2431,0.0049,0.1621,0.3481,0.0627,0.3245,3.7171,0.0489
1:43:10,40900,-0.1885,-0.4259,0.2731,0.0026,0.5630,0.4314,0.0592,1.0608,2.2773,0.0446
1:43:20,41000,-0.4097,-0.2703,0.2299,0.0044,0.4157,0.2208,0.0584,0.5507,2.3993,0.0494
1:43:56,41100,-0.0492,-0.4198,0.1258,0.0019,0.5970,0.4331,0.0644,0.3137,2.0736,0.0480
1:44:06,41200,-0.2354,-0.4569,0.0603,0.0045,0.6643,0.4649,0.0745,0.0812,2.4914,0.0520
1:44:17,41300,-0.4800,-0.3970,0.0539,0.0106,0.4348,0.4867,0.0665,0.6089,1.9671,0.0478
1:44:28,41400,-0.4445,-0.4789,0.0606,0.0044,0.2159,0.4484,0.0639,0.1649,2.3419,0.0521
1:44:39,41500,-0.2382,-0.1883,0.3792,0.0046,0.8290,0.2004,0.0765,1.0427,2.2166,0.0508
1:44:50,41600,-0.1426,-0.6321,0.1198,0.0030,0.2421,0.6051,0.0626,0.6494,3.3723,0.0435
1:45:00,41700,-0.5797,-0.1174,0.3601,0.0113,0.4921,0.0874,0.0668,0.4309,2.3759,0.0503
1:45:11,41800,-0.0548,-0.3946,0.0498,0.0097,0.4299,0.4127,0.0605,0.2801,1.6850,0.0434
1:45:22,41900,-0.2244,-0.3896,0.2346,0.0039,0.5389,0.3740,0.0596,0.4122,3.6235,0.0415
1:45:33,42000,-0.5658,-0.6840,0.1008,0.0166,0.8260,0.6698,0.0716,1.0913,3.6124,0.0565
1:46:09,42100,-0.1767,-0.4466,0.3006,0.0049,0.2568,0.4807,0.0646,0.6616,2.2458,0.0474
1:46:19,42200,-0.0949,-0.5406,0.1474,0.0055,0.3531,0.5632,0.0510,0.1738,2.6792,0.0415
1:46:30,42300,-0.0294,-0.4606,0.1653,0.0044,0.1069,0.4097,0.0503,0.9727,4.5252,0.0383
1:46:41,42400,-0.6158,-0.3704,0.0616,0.0057,0.2050,0.4352,0.0629,1.2026,1.6905,0.0538
1:46:52,42500,-0.5018,-0.2798,0.1857,0.0062,0.4175,0.3191,0.0557,0.3462,2.3988,0.0525
1:47:03,42600,-0.1449,-0.3493,0.4837,0.0043,0.2335,0.4070,0.0655,1.0213,2.9553,0.0496
1:47:13,42700,-0.5165,-0.5052,0.2071,0.0058,0.2157,0.5403,0.0616,1.9536,2.9283,0.0486
1:47:24,42800,-0.3841,-0.2567,0.0577,0.0069,0.2314,0.3108,0.0726,0.6789,1.7652,0.0533
1:47:35,42900,-0.1262,-0.3992,0.1260,0.0044,0.2708,0.3899,0.0669,1.4000,2.3925,0.0519
1:47:46,43000,-0.1015,-0.3683,0.1186,0.0053,0.8583,0.3055,0.0642,0.1353,2.6909,0.0416
1:48:19,43100,0.0427,-0.4152,0.1052,0.0069,0.0911,0.3876,0.0466,0.5743,1.4940,0.0389
1:48:30,43200,-0.2337,-0.5124,0.5907,0.0109,0.7513,0.4021,0.0713,0.6110,2.5319,0.0452
1:48:41,43300,-0.1956,-0.5087,0.0236,0.0097,0.1425,0.5754,0.0668,0.5198,2.9022,0.0473
1:48:52,43400,-0.4442,-0.4003,0.0085,0.0043,0.1130,0.4107,0.0618,1.3963,2.5736,0.0573
1:49:03,43500,-0.0796,-0.4154,0.2593,0.0063,0.3036,0.4211,0.0466,0.2966,2.0479,0.0400
1:49:14,43600,-0.2718,-0.3287,0.2395,0.0055,0.5629,0.3185,0.0678,1.1503,3.5802,0.0498
1:49:24,43700,-0.1822,-0.3862,0.0278,0.0029,0.2534,0.4597,0.0611,0.7907,2.5953,0.0403
1:49:35,43800,-0.1297,-0.4557,0.1717,0.0066,0.1158,0.4863,0.0713,0.5495,2.7587,0.0535
1:49:46,43900,-0.2639,-0.6870,0.0448,0.0041,0.4370,0.7351,0.0733,1.0377,3.6013,0.0591
1:49:57,44000,-0.2231,-0.4221,0.3257,0.0029,0.5926,0.3488,0.0660,0.4601,3.9100,0.0510
1:50:32,44100,-0.2936,-0.2756,0.1950,0.0081,0.2712,0.2943,0.0584,0.6143,1.7516,0.0449
1:50:43,44200,-0.8970,-0.2001,0.0069,0.0109,0.2621,0.2580,0.0809,0.5302,3.0428,0.0652
1:50:54,44300,-0.2876,-0.3143,0.1575,0.0034,0.6859,0.2443,0.0555,1.0548,2.7046,0.0442
1:51:05,44400,-0.1764,-0.5385,0.4110,0.0076,0.1887,0.4296,0.0717,0.8721,1.8508,0.0468
1:51:16,44500,-0.3111,-0.1735,0.0816,0.0021,0.4499,0.2027,0.0719,0.4372,2.1548,0.0528
1:51:26,44600,-0.6661,-0.0511,0.1266,0.0064,0.6087,0.0646,0.0571,0.4156,2.9177,0.0492
1:51:37,44700,-0.3973,-0.2550,0.3358,0.0033,0.5894,0.3142,0.0556,0.2050,4.8701,0.0449
1:51:48,44800,-0.0477,-0.6413,0.0141,0.0049,0.2497,0.6546,0.0675,0.4706,3.2346,0.0492
1:51:59,44900,0.0432,-0.4573,0.0635,0.0048,0.3515,0.4827,0.0500,0.4075,2.5383,0.0363
1:52:09,45000,-0.4154,-0.3140,0.0393,0.0057,0.0917,0.3567,0.0584,0.9831,0.9899,0.0456
1:52:43,45100,-0.2522,-0.2856,0.0189,0.0093,0.0387,0.2709,0.0663,0.6643,1.9217,0.0501
1:52:54,45200,0.0070,-0.4747,0.1484,0.0038,0.3954,0.5254,0.0551,0.8215,2.0686,0.0398
1:53:05,45300,-0.0435,-0.5929,0.0344,0.0037,0.5761,0.5246,0.0583,0.1964,1.7672,0.0416
1:53:16,45400,-0.4875,-0.1950,0.0296,0.0097,0.2351,0.2247,0.0607,1.5004,3.3649,0.0438
1:53:26,45500,-0.0558,-0.6091,0.0401,0.0053,0.3532,0.6084,0.0762,0.8206,1.8811,0.0548
1:53:37,45600,-0.1519,-0.5531,0.1621,0.0076,0.1574,0.5531,0.0560,0.5608,2.2455,0.0446
1:53:48,45700,-0.6873,-0.0289,0.0295,0.0102,0.4594,0.0841,0.0708,0.7157,2.3452,0.0551
1:53:59,45800,-0.1723,-0.2759,0.0397,0.0096,0.2651,0.2843,0.0531,0.8173,2.1756,0.0370
1:54:09,45900,-0.2755,-0.5555,0.0389,0.0154,0.1516,0.5598,0.0720,1.0524,2.2860,0.0524
1:54:20,46000,-0.3593,-0.5342,0.1941,0.0222,0.7398,0.2447,0.0564,0.7268,3.0355,0.0486
1:54:54,46100,0.0023,-0.6401,0.0133,0.0109,0.2569,0.5877,0.0581,1.0775,1.9227,0.0460
1:55:05,46200,-0.1459,-0.5357,0.3187,0.0049,0.8548,0.5410,0.0690,0.1448,2.0162,0.0480
1:55:15,46300,-0.3264,-0.1938,0.2443,0.0028,1.0041,0.1122,0.0561,0.1082,1.4025,0.0370
1:55:26,46400,-0.2863,-0.2314,0.0759,0.0058,0.4308,0.2215,0.0535,0.4077,2.4646,0.0462
1:55:37,46500,-1.0064,0.0381,0.0295,0.0142,0.1059,0.1139,0.0714,0.9849,2.0972,0.0517
1:55:48,46600,-0.1212,-0.4146,0.0146,0.0088,0.2773,0.4193,0.0636,0.1646,2.0289,0.0398
1:55:58,46700,-0.0950,-0.3785,0.1895,0.0059,0.1265,0.4244,0.0651,0.6957,1.4368,0.0459
1:56:09,46800,-0.3422,-0.4357,0.0426,0.0059,0.4036,0.4366,0.0637,0.4387,3.4870,0.0503
1:56:20,46900,-0.7500,-0.2353,0.0038,0.0111,0.1433,0.3075,0.0690,0.8024,3.4870,0.0599
1:56:31,47000,-0.2064,-0.5665,0.0166,0.0112,0.1238,0.6158,0.0680,1.1213,2.3165,0.0471
1:57:05,47100,-0.1734,-0.2812,0.0343,0.0059,0.5197,0.2393,0.0487,0.7221,2.3724,0.0394
1:57:16,47200,-0.1292,-0.5279,0.0910,0.0090,0.1787,0.5015,0.0589,0.3237,2.1763,0.0439
1:57:26,47300,-0.3994,-0.4663,0.0549,0.0027,0.4645,0.4626,0.0723,0.5060,3.3429,0.0577
1:57:37,47400,-0.3171,-0.3242,0.0744,0.0104,0.1138,0.3376,0.0547,1.0661,1.4746,0.0406
1:57:48,47500,-0.1601,-0.4408,0.0146,0.0051,0.1638,0.4092,0.0596,0.8523,2.7005,0.0418
1:57:59,47600,-0.5256,-0.3366,0.0063,0.0111,0.0807,0.4453,0.0675,0.3634,1.3972,0.0484
1:58:10,47700,-0.4056,-0.4038,0.1809,0.0127,0.3215,0.3231,0.0580,0.6747,1.8219,0.0526
1:58:20,47800,-0.5352,-0.5381,0.2173,0.0070,0.1754,0.5461,0.0689,0.5063,3.1763,0.0468
1:58:31,47900,-0.6665,-0.1210,0.0346,0.0049,0.1312,0.1974,0.0633,0.9235,2.5187,0.0521
1:58:42,48000,-0.4244,-0.4157,0.0736,0.0058,0.0796,0.4756,0.0835,0.8524,3.0539,0.0563
1:59:18,48100,-0.5290,-0.0752,0.2524,0.0030,0.4182,0.0974,0.0558,0.3455,2.8724,0.0439
1:59:29,48200,-0.4341,-0.4919,0.0060,0.0077,0.4328,0.5353,0.0775,1.0722,2.5986,0.0505
1:59:39,48300,-0.7179,-0.0421,0.0457,0.0044,0.3355,0.0421,0.0679,0.7120,3.1235,0.0579
1:59:50,48400,-0.3439,-0.4268,0.6151,0.0066,0.4158,0.3627,0.0683,0.3208,3.3740,0.0524
2:00:01,48500,-0.2596,-0.4349,0.0237,0.0083,0.6028,0.3880,0.0569,0.6801,1.4963,0.0475
2:00:12,48600,-0.7571,-0.1862,0.0151,0.0082,0.1607,0.3032,0.0613,0.6518,2.4723,0.0547
2:00:23,48700,-0.1856,-0.4368,0.0157,0.0101,0.0983,0.3906,0.0690,1.2568,1.5878,0.0544
2:00:33,48800,-0.1311,-0.4538,0.0169,0.0050,0.3637,0.4981,0.0545,0.5092,2.2608,0.0471
2:00:44,48900,0.0451,-0.5416,0.1352,0.0073,0.1752,0.5510,0.0555,1.6314,1.2786,0.0397
2:00:55,49000,-0.0437,-0.3224,0.3058,0.0028,0.1760,0.3328,0.0409,0.5155,2.3019,0.0337
2:01:28,49100,-0.4607,-0.2748,0.1004,0.0054,0.2217,0.3268,0.0579,2.1195,2.9673,0.0477
2:01:39,49200,-0.4326,-0.3529,0.0521,0.0051,0.1499,0.4354,0.0619,0.6203,2.0225,0.0468
2:01:50,49300,-0.2125,-0.4548,0.0222,0.0063,0.1086,0.3959,0.0672,1.5271,3.2584,0.0432
2:02:01,49400,-0.2922,-0.3919,0.0165,0.0096,0.2498,0.3903,0.0497,0.6359,1.4613,0.0474
2:02:12,49500,-0.0959,-0.6139,0.2678,0.0124,0.1264,0.5582,0.0616,0.9838,0.4823,0.0458
2:02:23,49600,-0.3437,-0.2139,0.2917,0.0063,0.4905,0.2158,0.0557,0.2174,2.9867,0.0423
2:02:33,49700,-0.5311,-0.3163,0.1034,0.0016,0.0343,0.3283,0.0653,0.7120,2.7969,0.0482
2:02:44,49800,-0.2729,-0.4484,0.0578,0.0044,0.1624,0.4397,0.0684,0.4406,2.1258,0.0523
2:02:55,49900,-0.4373,-0.2871,0.1045,0.0109,0.4037,0.2575,0.0591,0.7848,2.3042,0.0455
2:03:05,50000,-0.2491,-0.4152,0.0085,0.0044,0.0684,0.3974,0.0798,0.1453,2.5912,0.0521
2:07:00,50100,-0.1624,-0.6327,0.2263,0.0036,0.2736,0.6417,0.0600,0.6958,3.2123,0.0433
2:07:11,50200,-0.7726,-0.1300,0.0311,0.0053,0.2457,0.0944,0.0674,0.7466,3.0507,0.0553
2:07:22,50300,-0.2498,-0.4300,0.0236,0.0056,0.1348,0.4973,0.0598,0.7806,2.0066,0.0449
2:07:33,50400,-0.3189,-0.4178,0.0381,0.0090,0.1698,0.4715,0.0624,0.1570,1.6942,0.0436
2:07:44,50500,0.0275,-0.4560,0.0344,0.0048,0.0546,0.5016,0.0532,0.8776,2.2280,0.0373
2:07:55,50600,-0.5010,0.0066,0.0615,0.0044,0.6318,0.0364,0.0613,0.7341,2.1642,0.0496
2:08:06,50700,-0.0474,-0.5760,0.0324,0.0058,0.2500,0.5321,0.0650,1.2477,3.0102,0.0454
2:08:17,50800,-0.2676,-0.3460,0.0149,0.0039,0.2648,0.3513,0.0582,0.6692,2.1954,0.0441
2:08:27,50900,-0.5478,0.0671,0.0827,0.0075,0.1563,-0.0537,0.0603,0.8176,1.6490,0.0431
2:08:38,51000,-0.1358,-0.3871,0.0075,0.0050,0.0490,0.3968,0.0684,0.6463,0.8745,0.0456
2:09:13,51100,-0.5547,-0.2221,0.3435,0.0034,0.5102,0.3433,0.0639,0.5900,3.6182,0.0472
2:09:24,51200,-0.8438,0.0975,0.0155,0.0040,0.4020,-0.1097,0.0833,0.6512,2.6700,0.0558
2:09:35,51300,-0.3992,-0.2959,0.0405,0.0102,0.2126,0.2959,0.0610,0.5365,3.5406,0.0478
2:09:45,51400,-0.7053,-0.3739,0.0140,0.0120,0.5943,0.3191,0.0712,0.8697,3.5128,0.0572
2:09:56,51500,-0.7434,0.2744,0.1699,0.0044,0.4113,-0.2361,0.0579,0.4745,0.9861,0.0445
2:10:07,51600,-0.5654,-0.3394,0.0068,0.0106,0.1932,0.4323,0.0587,0.9272,2.9952,0.0455
2:10:18,51700,-0.4628,-0.3185,0.0015,0.0069,0.0500,0.3031,0.0705,1.1934,2.7235,0.0521
2:10:29,51800,-0.4821,-0.2213,0.2582,0.0059,0.4187,0.0899,0.0762,0.3961,1.5789,0.0490
2:10:39,51900,-0.1820,-0.6090,0.2824,0.0034,0.3743,0.6481,0.0490,0.8928,2.5187,0.0468
2:10:50,52000,-0.4101,-0.5215,0.0643,0.0083,0.1140,0.5415,0.0606,1.1668,2.3180,0.0479
2:11:24,52100,-0.2221,-0.5305,0.0563,0.0120,0.2917,0.5001,0.0633,0.4470,2.0688,0.0417
2:11:35,52200,-0.1736,-0.4818,0.0060,0.0076,0.2750,0.4755,0.0555,1.3871,2.7176,0.0375
2:11:46,52300,-0.3310,-0.3879,0.0476,0.0058,0.6245,0.3620,0.0551,0.6492,1.7061,0.0454
2:11:57,52400,-0.4549,-0.3052,0.0783,0.0017,0.1207,0.3853,0.0662,0.5689,1.8426,0.0491
2:12:07,52500,-0.5490,-0.3270,0.0209,0.0076,0.4374,0.3125,0.0772,0.9818,2.4790,0.0522
2:12:18,52600,-0.1061,-0.5547,0.0041,0.0106,0.2548,0.5581,0.0600,0.5962,1.9629,0.0438
2:12:30,52700,-0.4202,-0.2066,0.0008,0.0050,0.1975,0.1819,0.0783,0.6081,2.5103,0.0512
2:12:40,52800,-0.4193,-0.4204,0.0162,0.0102,0.1389,0.4433,0.0692,0.9903,2.1819,0.0504
2:12:51,52900,-0.5159,-0.5395,0.0313,0.0065,0.5849,0.6246,0.0677,0.6138,3.2916,0.0541
2:13:02,53000,-0.2456,-0.5060,0.0276,0.0159,0.3260,0.5659,0.0651,1.4685,4.1282,0.0482
2:13:37,53100,-0.4145,-0.3272,0.1376,0.0060,0.1658,0.3337,0.0722,0.9281,1.7854,0.0560
2:13:47,53200,-0.1472,-0.4476,0.1859,0.0086,0.0402,0.4562,0.0599,0.8496,2.0150,0.0393
2:13:58,53300,-0.4034,-0.5281,0.0037,0.0055,0.0504,0.6035,0.0609,1.8378,3.4187,0.0537
2:14:09,53400,-0.3875,-0.3309,0.0130,0.0039,0.1073,0.3898,0.0571,0.8502,2.9433,0.0414
2:14:20,53500,-0.6265,-0.1495,0.0571,0.0058,0.0437,0.1946,0.0590,0.9280,1.9243,0.0456
2:14:31,53600,-0.2242,-0.4678,0.0128,0.0092,0.1198,0.4895,0.0586,0.7176,2.7635,0.0400
2:14:42,53700,-0.5485,-0.3343,0.0109,0.0110,0.0935,0.4060,0.0827,0.7937,3.1719,0.0530
2:14:52,53800,-0.3331,-0.1327,0.0409,0.0041,0.2141,0.2248,0.0683,0.3940,2.6311,0.0469
2:15:03,53900,-0.2197,-0.4560,0.1305,0.0038,0.0311,0.5024,0.0686,0.5108,4.2538,0.0443
2:15:14,54000,-0.8637,-0.0250,0.1433,0.0055,0.2186,0.0727,0.0707,0.6173,2.1453,0.0553
2:15:48,54100,-0.3655,-0.4006,0.1499,0.0078,0.1774,0.4334,0.0662,1.3600,1.6645,0.0428
2:15:59,54200,-0.3243,-0.4150,0.0935,0.0161,0.1508,0.3816,0.0530,1.2444,2.4013,0.0429
2:16:10,54300,-0.1122,-0.2482,0.0069,0.0069,0.2688,0.3077,0.0606,0.7151,1.8013,0.0449
2:16:21,54400,-0.4275,-0.1143,0.0803,0.0050,0.0723,0.1521,0.0508,0.8189,2.8740,0.0390
2:16:32,54500,-0.8457,0.1957,0.0270,0.0058,0.1591,-0.1352,0.0593,0.9213,2.0827,0.0465
2:16:43,54600,-0.1689,-0.4004,0.1810,0.0030,0.2152,0.3723,0.0516,0.7774,2.7434,0.0377
2:16:54,54700,-0.4199,-0.4656,0.0015,0.0057,0.0419,0.4576,0.0765,1.0521,1.1468,0.0526
2:17:04,54800,-0.3341,-0.5430,0.0594,0.0054,0.3277,0.5810,0.0656,0.1763,3.7862,0.0457
2:17:15,54900,-0.2440,-0.4190,0.0041,0.0033,0.2776,0.3923,0.0553,0.9834,2.0882,0.0357
2:17:26,55000,-0.4107,-0.3811,0.0597,0.0057,0.4493,0.4949,0.0572,1.5629,4.6539,0.0443
2:18:00,55100,-0.6910,-0.1875,0.0455,0.0063,0.4685,0.3174,0.0606,1.4179,3.5664,0.0525
2:18:11,55200,-0.1192,-0.4713,0.0760,0.0051,1.0098,0.4666,0.0539,0.9705,3.2069,0.0446
2:18:22,55300,-0.3745,-0.0892,0.3209,0.0060,0.1140,0.0875,0.0542,0.6954,2.5277,0.0452
2:18:33,55400,-0.3031,-0.5232,0.0720,0.0080,0.1692,0.4991,0.0590,0.8144,3.7530,0.0453
2:18:44,55500,-0.2543,-0.2832,0.8335,0.0043,0.1325,0.3227,0.0505,0.8165,2.6226,0.0415
2:18:54,55600,-0.1804,-0.1776,0.1495,0.0080,0.6324,0.1690,0.0520,0.8724,0.9860,0.0317
2:19:05,55700,-0.7561,-0.0610,0.0172,0.0022,0.3909,0.1008,0.0750,1.9594,1.9546,0.0501
2:19:16,55800,-0.1818,-0.2940,0.0186,0.0044,0.5002,0.3118,0.0509,0.8519,2.0112,0.0373
2:19:27,55900,-0.4844,-0.3052,0.3457,0.0088,0.4949,0.3383,0.0659,0.5930,2.8161,0.0500
2:19:37,56000,-0.6230,-0.3995,0.1383,0.0087,1.3164,0.4123,0.0698,1.4949,4.0052,0.0583
2:20:12,56100,-0.2020,-0.4606,0.0014,0.0076,0.1670,0.4102,0.0665,0.4367,1.8657,0.0487
2:20:23,56200,-0.3284,-0.2842,0.0483,0.0058,0.3879,0.2986,0.0586,1.0310,1.4282,0.0388
2:20:34,56300,-0.1151,-0.3991,0.0668,0.0036,0.0827,0.4281,0.0519,0.8165,1.0631,0.0431
2:20:45,56400,-0.2646,-0.4898,0.0224,0.0050,0.1776,0.4703,0.0638,0.8965,3.0724,0.0456
2:20:56,56500,-0.4857,-0.2917,0.2908,0.0024,0.8956,0.3514,0.0652,1.0097,4.2194,0.0493
2:21:06,56600,-0.3751,-0.3173,0.1443,0.0058,0.2384,0.3186,0.0715,1.4468,2.0452,0.0473
2:21:17,56700,-0.3731,-0.2368,0.0229,0.0036,0.3459,0.2090,0.0609,1.2316,3.3437,0.0417
2:21:28,56800,-0.3984,-0.3281,0.0177,0.0076,0.0036,0.3790,0.0522,0.8258,4.1466,0.0403
2:21:39,56900,-0.3840,-0.2666,0.4654,0.0076,0.1590,0.2736,0.0606,0.4613,1.8678,0.0492
2:21:50,57000,-0.4078,-0.2116,0.3337,0.0067,0.2966,0.1430,0.0508,0.4718,2.6715,0.0399
2:22:23,57100,-0.4147,-0.1548,0.2500,0.0028,0.1907,0.2108,0.0601,1.7046,3.9183,0.0460
2:22:34,57200,-0.3231,-0.5267,0.0024,0.0093,0.1314,0.5585,0.0665,2.2825,2.0802,0.0523
2:22:45,57300,-0.1582,-0.3071,0.0504,0.0058,0.2453,0.2508,0.0483,0.3824,1.8020,0.0375
2:22:56,57400,-0.3664,-0.3201,0.0128,0.0058,0.0456,0.3077,0.0592,0.9694,2.3525,0.0443
2:23:07,57500,-0.5722,-0.0898,0.0321,0.0095,0.2061,0.1288,0.0643,1.1048,4.3383,0.0562
2:23:18,57600,-0.1778,-0.5366,0.0119,0.0078,0.1653,0.5787,0.0593,0.4292,3.6384,0.0447
2:23:29,57700,-0.2569,-0.2796,0.0134,0.0057,0.0949,0.3036,0.0619,1.0044,3.6765,0.0477
2:23:39,57800,-0.4976,-0.1817,0.0013,0.0058,0.0382,0.1641,0.0686,0.7287,1.4094,0.0522
2:23:50,57900,-0.5491,-0.4483,0.2125,0.0071,0.0482,0.4209,0.0647,0.2460,4.5862,0.0503
2:24:01,58000,-0.4157,-0.2966,0.0197,0.0033,0.0099,0.2913,0.0567,0.4507,3.0763,0.0420
2:24:36,58100,-0.3618,-0.2170,0.0608,0.0016,0.2765,0.2834,0.0599,0.8085,1.4770,0.0465
2:24:46,58200,-0.3017,-0.4581,0.0216,0.0051,0.0908,0.4896,0.0696,0.7306,3.5470,0.0472
2:24:58,58300,-0.3279,-0.5082,0.0037,0.0037,0.0087,0.5414,0.0561,0.8385,2.7687,0.0452
2:25:09,58400,-0.2779,-0.4161,0.0070,0.0049,0.0033,0.4114,0.0694,0.8042,1.2463,0.0420
2:25:19,58500,-0.5342,-0.3371,0.2506,0.0045,0.0468,0.3862,0.0793,1.2422,2.7318,0.0536
2:25:30,58600,-0.4725,-0.1939,0.2567,0.0064,0.2679,0.2049,0.0546,0.8417,0.7585,0.0427
2:25:41,58700,-0.5235,-0.2182,0.0183,0.0037,0.1078,0.2579,0.0755,1.0026,2.5558,0.0511
2:25:52,58800,-0.7476,-0.2378,0.0057,0.0033,0.0429,0.2122,0.0672,1.2577,3.0378,0.0542
2:26:02,58900,-0.7931,-0.0158,0.0010,0.0098,0.0206,0.0993,0.0662,0.2108,2.2451,0.0530
2:26:14,59000,-0.4133,-0.3182,0.1353,0.0092,0.0628,0.3464,0.0681,0.4313,2.7751,0.0487
2:26:47,59100,-0.3063,-0.4077,0.0863,0.0046,0.0977,0.4243,0.0522,0.5916,3.3492,0.0436
2:26:58,59200,-0.4212,-0.2568,0.0052,0.0072,0.0232,0.2751,0.0716,1.1591,3.4782,0.0496
2:27:09,59300,-0.2350,-0.4651,0.2031,0.0068,0.0484,0.4567,0.0574,1.6381,4.2356,0.0448
2:27:20,59400,-0.8708,0.0443,0.0059,0.0032,0.0140,0.0192,0.0726,0.7088,2.3093,0.0531
2:27:31,59500,-0.1653,-0.3961,0.0170,0.0035,0.1926,0.3461,0.0558,0.4858,2.7411,0.0390
2:27:42,59600,-0.5462,-0.2875,0.0101,0.0200,0.1564,0.3310,0.0632,0.4546,2.7421,0.0502
2:27:53,59700,-0.5394,-0.0707,0.0496,0.0113,0.1222,0.1333,0.0612,0.7716,2.9591,0.0433
2:28:03,59800,-0.3722,-0.1950,0.0122,0.0055,0.0665,0.2326,0.0529,0.6491,1.7774,0.0428
2:28:14,59900,-0.4001,-0.4156,0.0167,0.0043,0.2923,0.4620,0.0588,0.4162,3.3163,0.0430
2:28:25,60000,-0.3151,-0.5070,0.0052,0.0042,0.0988,0.5059,0.0657,0.1547,3.5910,0.0517
2:32:21,60100,-0.2716,-0.3541,0.0047,0.0031,0.0479,0.3717,0.0643,0.1837,3.0977,0.0524
2:32:31,60200,-0.3507,-0.2882,0.1038,0.0067,0.5820,0.2325,0.0555,0.9116,1.7193,0.0453
2:32:42,60300,-0.8416,0.0650,0.0401,0.0084,0.0710,-0.0104,0.0725,0.6227,1.5127,0.0523
2:32:53,60400,-0.5379,-0.1726,0.0493,0.0085,0.1381,0.1698,0.0566,0.8798,3.2799,0.0435
2:33:04,60500,-0.3872,-0.2699,0.0011,0.0061,0.0440,0.2669,0.0534,0.2998,2.1131,0.0413
2:33:14,60600,-0.5429,-0.3415,0.0482,0.0049,0.1502,0.3900,0.0595,2.1965,0.6853,0.0477
2:33:25,60700,-0.2581,-0.3934,0.0006,0.0080,0.1222,0.4448,0.0558,0.3043,1.9159,0.0452
2:33:36,60800,-0.5527,-0.3045,0.2090,0.0052,0.0731,0.3540,0.0630,0.9744,1.5622,0.0437
2:33:46,60900,-0.4423,-0.2832,0.2845,0.0058,0.0447,0.2947,0.0606,1.0379,2.7803,0.0469
2:33:57,61000,-0.3788,-0.2548,0.1116,0.0026,0.3465,0.3260,0.0675,0.5985,2.6229,0.0458
2:34:32,61100,-0.0601,-0.4438,0.0047,0.0015,0.2916,0.4678,0.0484,0.2349,2.0047,0.0424
2:34:43,61200,-0.5636,-0.5328,0.0206,0.0065,0.0562,0.5790,0.0725,0.3847,4.8155,0.0499
2:34:54,61300,-0.2526,-0.4760,0.0594,0.0035,0.3248,0.4650,0.0597,0.7751,1.4886,0.0487
2:35:05,61400,-0.3956,-0.5701,0.0080,0.0082,0.3946,0.5870,0.0758,1.1258,4.1678,0.0521
2:35:16,61500,-0.1882,-0.3944,0.0664,0.0031,0.0818,0.4141,0.0575,0.9456,3.0786,0.0382
2:35:27,61600,-0.5010,-0.3658,0.0100,0.0108,0.3007,0.4428,0.0726,1.1573,3.8137,0.0553
2:35:37,61700,-0.2938,-0.4741,0.0451,0.0040,0.3345,0.4527,0.0582,1.7492,2.5852,0.0445
2:35:48,61800,-0.2275,-0.3568,0.0106,0.0061,0.1774,0.3941,0.0495,1.1715,2.7756,0.0420
2:35:59,61900,-0.3484,-0.3127,0.0910,0.0055,0.1906,0.2921,0.0616,0.2098,1.5162,0.0450
2:36:10,62000,-0.6968,0.0383,0.0256,0.0146,0.0770,0.0249,0.0620,0.1453,0.4152,0.0487
2:36:43,62100,-0.7820,-0.1255,0.0032,0.0028,0.2620,0.1170,0.0700,0.5101,2.1347,0.0511
2:36:54,62200,-0.4363,-0.3591,0.0042,0.0058,0.0181,0.3750,0.0608,1.0836,2.7262,0.0417
2:37:05,62300,-0.3566,-0.3710,0.0133,0.0031,0.0529,0.3912,0.0633,0.8990,2.2862,0.0431
2:37:16,62400,-0.3727,-0.2754,0.0090,0.0053,0.2799,0.2795,0.0480,0.5283,2.6922,0.0369
2:37:27,62500,-0.4076,-0.2897,0.0575,0.0047,0.0280,0.3092,0.0573,0.2222,2.7025,0.0463
2:37:38,62600,-0.9062,-0.0678,0.0019,0.0044,0.1158,0.1661,0.0686,1.3343,4.3976,0.0570
2:37:48,62700,-0.2033,-0.2657,0.0018,0.0033,0.1530,0.2264,0.0517,0.0786,2.4211,0.0371
2:37:59,62800,-0.5521,-0.0081,0.0225,0.0046,0.0257,0.0286,0.0632,0.0778,3.0145,0.0444
2:38:10,62900,-0.1249,-0.2745,0.0318,0.0076,0.1164,0.2685,0.0530,0.5653,2.8034,0.0410
2:38:21,63000,-0.2902,-0.2502,0.0038,0.0057,0.0887,0.2472,0.0642,0.9591,1.2350,0.0411
2:38:55,63100,-0.3163,-0.4065,0.0444,0.0107,0.2247,0.4132,0.0648,0.8421,2.9979,0.0426
2:39:06,63200,-0.3377,-0.2285,0.3226,0.0077,0.3164,0.1839,0.0522,0.2320,2.8390,0.0422
2:39:17,63300,-0.5261,-0.6059,0.0752,0.0264,0.0367,0.4826,0.0685,0.6789,2.6984,0.0495
2:39:28,63400,-0.7086,-0.2066,0.0051,0.0052,0.2325,0.1855,0.0742,1.5571,3.9020,0.0503
2:39:39,63500,-0.3683,-0.2177,0.0003,0.0047,0.0231,0.2014,0.0702,0.7378,1.5639,0.0511
2:39:50,63600,-0.6620,-0.1278,0.0002,0.0046,0.0235,0.1403,0.0691,0.2954,2.8084,0.0497
2:40:01,63700,-0.6522,-0.0815,0.1545,0.0053,0.0036,0.0998,0.0611,0.9205,1.9245,0.0473
2:40:12,63800,-0.6509,-0.1886,0.1223,0.0050,0.0412,0.2322,0.0549,0.8039,3.4963,0.0455
2:40:22,63900,-0.7694,0.0549,0.0006,0.0046,0.0728,0.0084,0.0771,0.2559,1.5722,0.0519
2:40:33,64000,-0.2799,-0.3804,0.0099,0.0029,0.1412,0.3958,0.0592,0.3767,3.5011,0.0421
2:41:06,64100,-0.3124,-0.2523,0.0259,0.0086,0.2299,0.1531,0.0602,0.3252,1.5906,0.0407
2:41:17,64200,-0.1814,-0.2366,0.0725,0.0084,0.0167,0.2529,0.0456,1.0951,1.9277,0.0336
2:41:28,64300,-0.5306,-0.1646,0.0224,0.0051,0.0410,0.2187,0.0629,1.4146,2.4680,0.0453
2:41:39,64400,-0.6069,-0.0896,0.0035,0.0063,0.0093,0.0993,0.0668,0.8297,3.3202,0.0543
2:41:50,64500,-0.2085,-0.3904,0.1666,0.0071,0.1184,0.4026,0.0481,0.8414,1.6386,0.0386
2:42:01,64600,-0.4280,-0.1798,0.1328,0.0040,0.0583,0.1933,0.0579,0.5679,2.5163,0.0455
2:42:12,64700,-0.3717,-0.2543,0.0030,0.0043,0.1294,0.2910,0.0581,1.4273,1.8513,0.0444
2:42:22,64800,-0.3632,-0.1998,0.1333,0.0067,0.0438,0.1597,0.0584,0.3084,2.5520,0.0424
2:42:33,64900,-0.4309,-0.2684,0.0044,0.0049,0.0374,0.2835,0.0563,1.0696,3.5520,0.0400
2:42:44,65000,-0.5279,-0.3791,0.0149,0.0075,0.5471,0.3967,0.0557,0.3078,1.7279,0.0430
2:43:19,65100,-0.7490,-0.3880,0.0003,0.0069,0.3754,0.4200,0.0759,1.6483,4.0520,0.0522
2:43:30,65200,-0.6292,-0.0767,0.0084,0.0057,0.3002,0.1495,0.0561,0.9232,1.3274,0.0456
2:43:41,65300,-0.0748,-0.3922,0.0004,0.0032,0.1407,0.4159,0.0497,1.2546,3.1572,0.0369
2:43:52,65400,-0.3914,-0.3198,0.0295,0.0065,0.0054,0.3736,0.0606,0.6776,2.5480,0.0467
2:44:03,65500,-0.7202,-0.1981,0.0069,0.0063,0.1905,0.2577,0.0743,0.3688,2.5168,0.0544
2:44:13,65600,-0.6473,-0.1189,0.0047,0.0082,0.0451,0.1613,0.0705,0.5298,2.5522,0.0487
2:44:24,65700,-0.6967,0.0804,0.0042,0.0033,0.0190,-0.0271,0.0541,1.2046,2.3340,0.0414
2:44:36,65800,-0.1328,-0.5045,0.0148,0.0071,0.0067,0.5157,0.0561,0.5422,3.0372,0.0415
2:44:47,65900,-0.2012,-0.4737,0.0188,0.0050,0.1782,0.4713,0.0593,0.3671,3.9658,0.0410
2:44:58,66000,-0.5571,-0.2207,0.0026,0.0068,0.0026,0.2118,0.0676,0.4394,4.9533,0.0488
2:45:33,66100,-0.4349,-0.1433,0.0191,0.0016,0.0390,0.1646,0.0568,0.7276,1.0516,0.0455
2:45:43,66200,-0.5799,-0.2439,0.0007,0.0022,0.7583,0.2634,0.0725,0.2202,3.5245,0.0515
2:45:54,66300,-0.5108,-0.4685,0.2009,0.0119,0.0325,0.5023,0.0640,1.3748,2.7903,0.0566
2:46:05,66400,-0.6595,-0.1650,0.0049,0.0057,0.1490,0.2925,0.0644,0.8161,3.7541,0.0529
2:46:16,66500,-0.2687,-0.1789,0.0179,0.0048,0.0486,0.1714,0.0532,0.5960,2.4441,0.0383
2:46:27,66600,-0.4346,-0.2691,0.0991,0.0064,0.3174,0.2547,0.0641,0.4237,4.1441,0.0453
2:46:37,66700,-0.5343,-0.2316,0.0287,0.0105,0.0161,0.2798,0.0556,1.2855,2.2813,0.0451
2:46:48,66800,-0.2938,-0.5467,0.0664,0.0126,0.0090,0.5091,0.0516,1.9959,2.6316,0.0460
2:46:59,66900,-0.4107,-0.1920,0.0023,0.0041,0.0026,0.1769,0.0782,0.0423,2.4178,0.0529
2:47:10,67000,-0.3629,-0.2636,0.0199,0.0041,0.2286,0.2588,0.0454,0.6029,3.9519,0.0393
2:47:44,67100,-0.3866,-0.3679,0.0018,0.0047,0.1228,0.3890,0.0631,0.1582,2.3505,0.0450
2:47:55,67200,-0.5002,-0.2508,0.0045,0.0027,0.2931,0.2616,0.0636,0.1022,3.0726,0.0457
2:48:06,67300,-0.6992,-0.1085,0.0035,0.0119,0.0707,0.1172,0.0575,1.0437,2.5220,0.0456
2:48:17,67400,-0.6005,-0.1571,0.0739,0.0041,0.0895,0.1614,0.0570,0.5976,1.5829,0.0470
2:48:28,67500,-0.5786,-0.6371,0.0047,0.0089,0.0571,0.6292,0.0684,0.6867,2.6811,0.0538
2:48:39,67600,-0.4291,-0.0565,0.3240,0.0075,0.0697,0.1198,0.0511,0.7436,2.2360,0.0394
2:48:50,67700,-0.3965,-0.2235,0.0195,0.0043,0.0449,0.2127,0.0635,0.6880,2.2864,0.0415
2:49:01,67800,-0.3112,-0.3008,0.0124,0.0028,0.0074,0.2942,0.0496,0.2964,3.0407,0.0403
2:49:12,67900,-0.5896,-0.0927,0.0976,0.0135,0.1643,0.1694,0.0595,0.9923,2.7170,0.0463
2:49:22,68000,-0.3279,-0.2651,0.0075,0.0073,0.0331,0.2881,0.0521,1.0329,3.5728,0.0405
2:49:58,68100,-0.3589,-0.3870,0.0048,0.0114,0.0440,0.3362,0.0716,0.6783,2.5364,0.0517
2:50:08,68200,-0.5911,-0.3268,0.1866,0.0081,0.0603,0.3529,0.0695,2.1703,3.2066,0.0508
2:50:19,68300,-0.6056,-0.2264,0.0163,0.0192,0.0065,0.2911,0.0699,0.5248,3.2292,0.0452
2:50:30,68400,-0.3304,-0.4327,0.0111,0.0110,0.0166,0.4047,0.0604,0.3838,4.6939,0.0435
2:50:41,68500,-0.6299,-0.0991,0.0099,0.0082,0.1902,0.1540,0.0725,0.4400,2.2704,0.0480
2:50:52,68600,-0.4581,-0.1656,0.3249,0.0020,0.3501,0.1696,0.0598,0.5296,2.2715,0.0434
2:51:03,68700,-0.3335,-0.3882,0.0591,0.0034,0.4435,0.3963,0.0648,0.6292,2.6078,0.0453
2:51:14,68800,-0.3479,-0.3178,0.0219,0.0061,0.0217,0.3331,0.0533,1.0536,2.3336,0.0372
2:51:25,68900,-0.6659,-0.3115,0.0111,0.0101,0.0039,0.3633,0.0678,0.7854,5.4672,0.0515
2:51:36,69000,-0.3791,-0.3635,0.0329,0.0051,0.1678,0.3681,0.0710,0.6153,1.9512,0.0500
2:52:10,69100,-0.3984,-0.3085,0.0215,0.0091,0.0122,0.3596,0.0682,0.9697,3.9410,0.0440
2:52:21,69200,-0.6189,-0.0279,0.0019,0.0029,0.1094,0.0051,0.0685,0.5812,2.1431,0.0495
2:52:31,69300,-0.2655,-0.5043,0.0032,0.0036,0.0267,0.4828,0.0638,0.7401,1.8249,0.0495
2:52:42,69400,-0.3756,-0.2726,0.0161,0.0060,0.1503,0.3209,0.0526,0.5180,2.5927,0.0438
2:52:53,69500,-0.6417,-0.1408,0.0946,0.0092,0.1771,0.1819,0.0648,0.4853,4.2433,0.0461
2:53:04,69600,-0.4896,-0.2804,0.0208,0.0035,0.0609,0.2709,0.0650,0.5545,3.4515,0.0444
2:53:15,69700,-0.6910,-0.0547,0.2226,0.0073,0.0404,0.0822,0.0663,0.9667,2.8596,0.0469
2:53:25,69800,-0.3525,-0.2776,0.0014,0.0059,0.0051,0.3409,0.0640,0.1223,3.4713,0.0457
2:53:36,69900,-0.4965,-0.2189,0.0916,0.0046,0.1921,0.2491,0.0677,0.4176,4.3991,0.0464
2:53:47,70000,-0.5605,-0.3412,0.0315,0.0023,0.1205,0.3965,0.0794,0.4995,1.4257,0.0620
2:57:41,70100,-0.7978,-0.0925,0.0040,0.0035,0.0174,0.1320,0.0664,2.9321,3.7216,0.0531
2:57:52,70200,-0.6602,-0.3597,0.0234,0.0086,0.0986,0.3758,0.0668,0.9748,3.1936,0.0492
2:58:03,70300,-0.5461,-0.2063,0.0601,0.0062,0.0209,0.1937,0.0534,0.2794,4.9256,0.0435
2:58:14,70400,-0.8002,-0.1196,0.4062,0.0106,0.1022,0.1560,0.0783,0.3464,2.3757,0.0605
2:58:25,70500,-0.6501,-0.1469,0.0005,0.0046,0.0063,0.1678,0.0709,0.1025,1.8455,0.0503
2:58:36,70600,-0.7460,0.1173,0.0002,0.0035,0.0642,-0.0843,0.0730,0.4853,2.1219,0.0480
2:58:46,70700,-0.4592,-0.2674,0.0035,0.0030,0.0912,0.2723,0.0668,0.7404,3.8808,0.0475
2:58:57,70800,-0.5354,-0.2820,0.0666,0.0078,0.2694,0.2784,0.0559,1.7945,1.9980,0.0428
2:59:08,70900,-0.4984,-0.2701,0.0562,0.0073,0.6555,0.2246,0.0601,0.8321,1.7765,0.0473
2:59:19,71000,-0.3107,-0.2210,0.0014,0.0074,0.0954,0.2662,0.0511,0.1119,1.5704,0.0367
2:59:53,71100,-0.4766,-0.1820,0.0283,0.0072,0.0060,0.1882,0.0698,0.5835,2.1621,0.0486
3:00:04,71200,-0.2038,-0.5715,0.0304,0.0124,0.0194,0.5202,0.0620,0.6539,3.2378,0.0492
3:00:15,71300,-0.5421,-0.0871,0.0029,0.0021,0.0714,0.0611,0.0526,1.2765,2.8621,0.0396
3:00:26,71400,-0.5128,-0.2856,0.0543,0.0127,0.0027,0.2975,0.0608,1.3314,2.4824,0.0480
3:00:37,71500,-0.5786,-0.2015,0.0157,0.0126,0.3376,0.2016,0.0687,0.4748,2.1062,0.0487
3:00:48,71600,-0.6600,-0.1943,0.0008,0.0045,0.0838,0.2107,0.0751,1.0784,2.4797,0.0550
3:00:58,71700,-0.1545,-0.3489,0.0006,0.0070,0.0067,0.3654,0.0616,0.4731,2.4289,0.0426
3:01:09,71800,-0.4971,-0.3884,0.0444,0.0046,0.1972,0.5012,0.0628,1.2914,4.2513,0.0466
3:01:20,71900,-0.6819,-0.0591,0.0670,0.0074,0.1011,0.1520,0.0619,0.4852,3.1210,0.0533
3:01:31,72000,-0.4320,-0.1918,0.0175,0.0063,0.0532,0.1938,0.0549,0.9376,0.9335,0.0400
3:02:04,72100,-0.2338,-0.4592,0.0535,0.0044,0.2060,0.4592,0.0567,1.1422,2.1070,0.0459
3:02:15,72200,-0.8306,-0.0850,0.0347,0.0068,0.0225,0.0573,0.0743,1.4367,2.6815,0.0575
3:02:26,72300,-0.5577,-0.4647,0.0883,0.0077,0.0241,0.4560,0.0643,1.1735,1.5147,0.0515
3:02:37,72400,-0.4273,-0.2411,0.0220,0.0035,0.0972,0.2591,0.0643,0.7233,2.7604,0.0472
3:02:47,72500,-0.6651,-0.1575,0.0365,0.0048,0.1491,0.2234,0.0660,0.8534,2.0484,0.0499
3:02:58,72600,-0.5352,-0.1321,0.0018,0.0049,0.3343,0.1987,0.0527,0.4007,3.7254,0.0454
3:03:09,72700,-0.6485,-0.1334,0.0030,0.0078,0.4210,0.1860,0.0711,0.7620,2.6968,0.0528
3:03:20,72800,-0.4157,-0.2640,0.0032,0.0040,0.2814,0.2713,0.0653,0.4605,1.9198,0.0431
3:03:30,72900,-0.6435,-0.0771,0.0297,0.0022,0.0156,0.1025,0.0746,0.1642,4.4232,0.0508
3:03:41,73000,-0.5000,-0.2532,0.0714,0.0042,0.3223,0.1861,0.0554,0.7845,2.0237,0.0435
3:04:16,73100,-0.5017,-0.2471,0.0077,0.0104,0.0131,0.2688,0.0663,0.3182,1.6985,0.0457
3:04:27,73200,-0.5835,-0.1025,0.0240,0.0040,0.7577,0.0641,0.0707,0.1939,1.9796,0.0459
3:04:38,73300,-0.0967,-0.4189,0.0018,0.0109,0.0090,0.3728,0.0550,0.6085,1.6288,0.0396
3:04:49,73400,-0.2951,-0.2802,0.0118,0.0067,0.3360,0.2490,0.0582,0.8447,2.2140,0.0419
3:05:00,73500,-0.3362,-0.3417,0.1116,0.0077,0.2008,0.3099,0.0529,0.8741,3.2367,0.0404
3:05:10,73600,-0.4715,-0.4582,0.0038,0.0103,0.0604,0.5280,0.0628,0.8828,3.7072,0.0462
3:05:21,73700,-0.0348,-0.3025,0.0677,0.0024,0.2710,0.2617,0.0437,0.0119,0.3672,0.0302
3:05:32,73800,-0.6006,-0.1859,0.0176,0.0142,0.0122,0.1599,0.0613,0.1016,2.0393,0.0472
3:05:43,73900,-0.5730,-0.2315,0.0639,0.0060,0.1972,0.2605,0.0624,0.9799,3.3179,0.0506
3:05:54,74000,-0.5107,-0.2303,0.0033,0.0031,0.1814,0.2447,0.0487,1.2659,3.3793,0.0414
3:06:27,74100,-0.2273,-0.2693,0.1368,0.0045,0.0314,0.2681,0.0503,1.4218,1.2727,0.0382
3:06:38,74200,-0.5646,-0.1783,0.2031,0.0043,0.0596,0.0850,0.0547,1.4094,2.5835,0.0487
3:06:49,74300,-0.4900,-0.5182,0.0029,0.0047,0.0091,0.5367,0.0672,0.4869,2.8091,0.0441
3:07:00,74400,-0.4592,-0.2971,0.0077,0.0042,0.1061,0.2768,0.0674,0.2908,4.0574,0.0460
3:07:10,74500,-0.7075,-0.1255,0.0077,0.0075,0.0564,0.1679,0.0632,1.1828,3.3768,0.0485
3:07:21,74600,-0.8446,0.0367,0.0000,0.0060,0.0136,0.0170,0.0715,0.8870,2.1385,0.0526
3:07:32,74700,-0.7517,-0.0339,0.0022,0.0026,0.0026,0.0610,0.0634,0.2739,2.8144,0.0494
3:07:43,74800,-0.8223,0.1446,0.0060,0.0034,0.3461,-0.1345,0.0670,0.9457,4.9249,0.0494
3:07:54,74900,-0.7506,0.1127,0.0013,0.0034,0.0070,-0.0409,0.0718,0.0329,3.7547,0.0487
3:08:05,75000,-0.5810,-0.3156,0.0182,0.0108,0.2645,0.3635,0.0652,0.9549,3.2313,0.0505
3:08:40,75100,-0.6290,0.1893,0.0037,0.0029,0.0095,-0.1867,0.0604,1.4623,0.7780,0.0432
3:08:51,75200,-0.1739,-0.4764,0.1000,0.0056,0.0184,0.4368,0.0531,1.0388,2.5865,0.0415
3:09:02,75300,-0.8219,0.1029,0.0221,0.0097,0.0907,-0.0438,0.0513,0.6431,0.9039,0.0429
3:09:13,75400,-0.6297,-0.3083,0.0001,0.0094,0.0719,0.3188,0.0732,1.4054,4.5276,0.0544
3:09:24,75500,-0.4541,-0.0847,0.0306,0.0080,0.1293,0.0889,0.0655,1.8423,3.0416,0.0454
3:09:34,75600,-0.7992,-0.0248,0.0020,0.0101,0.2318,0.0617,0.0569,0.3167,2.0500,0.0442
3:09:45,75700,-0.4884,-0.4354,0.1522,0.0066,0.1795,0.3943,0.0623,0.4163,2.5269,0.0490
3:09:56,75800,-0.4179,-0.3540,0.0001,0.0090,0.0508,0.2690,0.0741,0.2687,2.4778,0.0527
3:10:07,75900,-0.6918,-0.2555,0.0001,0.0092,0.0126,0.3130,0.0627,0.9628,3.2926,0.0526
3:10:18,76000,-0.3050,-0.2579,0.0017,0.0031,0.0187,0.2395,0.0529,0.7193,2.1295,0.0379
3:10:52,76100,-0.5905,-0.2149,0.0020,0.0055,0.1223,0.2014,0.0697,0.8837,2.1487,0.0477
3:11:03,76200,-0.2797,-0.1931,0.1589,0.0031,0.0121,0.2054,0.0551,1.8977,1.2589,0.0399
3:11:14,76300,-0.3507,-0.1980,0.0026,0.0029,0.0322,0.2406,0.0454,0.3063,2.4702,0.0352
3:11:24,76400,-0.9358,0.0678,0.0248,0.0059,0.0234,-0.0421,0.0741,1.0882,1.8699,0.0631
3:11:35,76500,-0.5914,-0.1832,0.2847,0.0038,0.0069,0.1625,0.0694,0.9661,2.5005,0.0570
3:11:46,76600,-0.2725,-0.1676,0.0162,0.0110,0.0253,0.1319,0.0471,2.1933,2.3955,0.0358
3:11:57,76700,-0.3715,-0.2347,0.0036,0.0035,0.1050,0.2635,0.0590,0.4951,2.1244,0.0389
3:12:07,76800,-0.4237,-0.4302,0.0026,0.0074,0.0851,0.4489,0.0645,0.6389,2.0897,0.0452
3:12:18,76900,-0.3730,-0.4494,0.0136,0.0040,0.0340,0.4830,0.0624,0.4770,4.1755,0.0405
3:12:29,77000,-1.1401,-0.0015,0.0056,0.0119,0.0259,0.0045,0.0715,0.8015,3.4985,0.0563
3:13:04,77100,-0.6471,-0.1681,0.0011,0.0040,0.0086,0.2141,0.0694,1.4662,1.5442,0.0507
3:13:14,77200,-0.5388,-0.0926,0.0069,0.0107,0.0880,0.1644,0.0617,0.1063,2.4241,0.0478
3:13:25,77300,-0.5273,-0.2035,0.0722,0.0082,0.0676,0.1583,0.0604,1.9003,2.2234,0.0466
3:13:36,77400,-0.5380,-0.3099,0.1293,0.0040,0.0976,0.3213,0.0675,0.5169,3.7186,0.0554
3:13:47,77500,-0.4985,-0.1003,0.1308,0.0017,0.2152,0.1221,0.0629,0.3942,3.7486,0.0457
3:13:58,77600,-0.7493,-0.1104,0.0084,0.0042,0.0045,0.1626,0.0651,0.3545,1.9886,0.0513
3:14:09,77700,-0.3764,-0.2510,0.0052,0.0095,0.0406,0.2341,0.0573,0.7203,2.8036,0.0420
3:14:20,77800,-0.2826,-0.5087,0.0006,0.0088,0.0034,0.5239,0.0634,0.2700,4.6486,0.0439
3:14:31,77900,-0.5216,-0.2082,0.0003,0.0065,0.0021,0.2290,0.0647,1.2942,3.7323,0.0437
3:14:41,78000,-0.4732,-0.3486,0.3084,0.0086,0.1203,0.3586,0.0611,1.0779,3.3222,0.0476
3:15:17,78100,-0.5215,-0.2380,0.0009,0.0062,0.0013,0.2868,0.0502,0.4754,2.5809,0.0395
3:15:28,78200,-0.7112,-0.2009,0.0021,0.0063,0.2719,0.3149,0.0642,1.0666,3.3026,0.0482
3:15:38,78300,-0.5749,-0.2953,0.0117,0.0056,0.0303,0.2936,0.0731,1.7317,3.6263,0.0541
3:15:49,78400,-0.7590,-0.0022,0.0016,0.0057,0.0401,0.0076,0.0684,0.9258,1.2266,0.0510
3:16:00,78500,-0.3868,-0.2576,0.0112,0.0094,0.0342,0.2517,0.0530,0.6773,2.2573,0.0449
3:16:11,78600,-0.5370,-0.1012,0.0239,0.0073,0.1856,0.1489,0.0581,0.5340,2.4966,0.0378
3:16:22,78700,-0.3413,-0.1975,0.0144,0.0040,0.0319,0.2483,0.0514,0.2125,3.1040,0.0368
3:16:32,78800,-0.5248,-0.3334,0.0572,0.0041,0.0039,0.3594,0.0681,0.7615,1.9748,0.0441
3:16:43,78900,-0.4306,-0.0037,0.1869,0.0056,0.0391,-0.0116,0.0512,1.1197,2.1440,0.0365
3:16:54,79000,-0.7412,-0.0522,0.0042,0.0101,0.0285,0.0706,0.0585,0.1507,2.4041,0.0426
3:17:28,79100,-0.4395,-0.3994,0.0059,0.0069,0.1953,0.3493,0.0732,0.5685,3.7762,0.0445
3:17:39,79200,-0.4320,-0.3073,0.0827,0.0062,0.0082,0.2782,0.0675,0.1609,4.8560,0.0425
3:17:50,79300,-0.7380,-0.2275,0.2754,0.0037,0.2277,0.2805,0.0609,0.6125,2.8720,0.0429
3:18:01,79400,-0.7030,-0.0943,0.0594,0.0045,0.0387,0.1052,0.0607,0.8199,2.4647,0.0477
3:18:11,79500,-0.5981,-0.1582,0.0030,0.0044,0.0750,0.1767,0.0520,0.2930,4.2031,0.0413
3:18:22,79600,-0.5302,-0.0648,0.0006,0.0087,0.0677,0.1203,0.0648,0.3748,2.6129,0.0478
3:18:33,79700,-0.4419,-0.2172,0.0656,0.0020,0.0884,0.1834,0.0587,1.4506,2.0092,0.0437
3:18:44,79800,-0.7681,-0.1499,0.0032,0.0077,0.3184,0.2745,0.0696,1.8216,3.5859,0.0515
3:18:54,79900,-0.4544,-0.2851,0.0026,0.0037,0.1267,0.2784,0.0671,0.4596,2.3664,0.0474
3:19:05,80000,-0.4904,-0.1598,0.0036,0.0059,0.1524,0.2068,0.0644,0.1212,2.0731,0.0468
3:23:00,80100,-0.4208,-0.4626,0.0236,0.0028,0.0013,0.5702,0.0665,1.1302,3.5795,0.0462
3:23:10,80200,-0.5039,-0.1740,0.0285,0.0052,0.4586,0.1725,0.0621,0.8741,2.6224,0.0391
3:23:21,80300,-0.4627,-0.3361,0.0027,0.0055,0.2749,0.3368,0.0661,0.8773,5.3068,0.0489
3:23:32,80400,-0.6286,-0.4101,0.0001,0.0068,0.3164,0.3206,0.0608,0.2484,3.2340,0.0547
3:23:43,80500,-0.7642,0.1811,0.0023,0.0038,0.0125,-0.1556,0.0579,0.5274,2.1518,0.0444
3:23:54,80600,-0.5898,-0.1582,0.0094,0.0052,0.0749,0.1357,0.0712,0.6670,1.6571,0.0534
3:24:04,80700,-0.5328,-0.3407,0.0015,0.0034,0.1472,0.3613,0.0690,1.1382,5.7437,0.0469
3:24:15,80800,-0.8497,-0.0144,0.0081,0.0042,0.0424,0.0681,0.0641,0.8073,3.6672,0.0502
3:24:26,80900,-0.8562,-0.2550,0.4476,0.0059,0.1367,0.1457,0.0628,0.4661,3.1096,0.0521
3:24:37,81000,-0.4664,-0.1806,0.0208,0.0069,0.0058,0.2199,0.0669,1.3143,3.1052,0.0475
3:25:11,81100,-0.7305,-0.0952,0.0076,0.0072,0.0058,0.1669,0.0616,0.3058,3.0475,0.0520
3:25:22,81200,-0.6165,-0.4257,0.0973,0.0041,0.6008,0.2743,0.0743,0.8531,3.3008,0.0575
3:25:33,81300,-0.4030,-0.3823,0.0158,0.0055,0.1479,0.4572,0.0680,1.0051,3.6067,0.0531
3:25:43,81400,-0.5841,-0.2993,0.0029,0.0101,0.0142,0.2997,0.0615,1.0487,3.1923,0.0441
3:25:54,81500,-0.7876,-0.0393,0.0038,0.0056,0.0118,0.0814,0.0621,0.5614,2.8139,0.0473
3:26:05,81600,-0.5621,-0.1264,0.0554,0.0048,0.3161,0.0489,0.0629,0.4865,4.3622,0.0455
3:26:16,81700,-0.4941,-0.1457,0.0225,0.0065,0.0365,0.2026,0.0652,0.1872,1.7055,0.0424
3:26:26,81800,-0.5803,-0.0647,0.0123,0.0031,0.0827,0.0906,0.0542,0.2070,1.8591,0.0451
3:26:37,81900,-0.4506,-0.2658,0.0030,0.0087,0.0113,0.3037,0.0630,0.2024,1.5711,0.0403
3:26:48,82000,-0.4727,-0.1154,0.0007,0.0058,0.1357,0.1488,0.0516,1.2702,2.0411,0.0418
3:27:23,82100,-0.6934,0.0357,0.0087,0.0043,0.0207,0.0372,0.0545,0.5764,1.3435,0.0453
3:27:33,82200,-0.6038,-0.4441,0.0016,0.0116,0.0505,0.4177,0.0622,0.6239,3.1243,0.0499
3:27:44,82300,-0.6405,-0.0809,0.0073,0.0057,0.0276,0.1320,0.0764,0.1105,2.3434,0.0547
3:27:55,82400,-0.9120,0.0560,0.0482,0.0040,0.3330,-0.0107,0.0609,0.3041,1.4661,0.0461
3:28:06,82500,-0.4326,-0.0686,0.0855,0.0070,0.1333,0.0954,0.0634,1.6802,2.2122,0.0469
3:28:17,82600,-0.5382,-0.1289,0.0023,0.0037,0.0526,0.1564,0.0452,0.1111,3.9493,0.0372
3:28:27,82700,-0.4365,-0.1065,0.0262,0.0047,0.1985,0.1385,0.0550,0.6161,1.6936,0.0354
3:28:38,82800,-0.6295,-0.1202,0.0071,0.0051,0.0256,0.1385,0.0686,0.3352,2.0975,0.0510
3:28:49,82900,-0.3389,-0.1251,0.0089,0.0037,0.1033,0.1173,0.0446,0.3451,2.9618,0.0345
3:29:00,83000,-0.4572,-0.3778,0.0075,0.0079,0.1871,0.3764,0.0665,1.3801,2.6157,0.0519
3:29:33,83100,-0.5300,-0.3772,0.0563,0.0036,0.0639,0.4367,0.0645,0.7886,5.2666,0.0443
3:29:44,83200,-0.6032,-0.0691,0.0003,0.0044,0.0009,0.1334,0.0749,0.7912,1.1435,0.0541
3:29:55,83300,-0.4674,-0.2626,0.2007,0.0039,0.0039,0.2585,0.0700,0.5058,1.1482,0.0507
3:30:06,83400,-0.5827,-0.2258,0.0069,0.0047,0.0501,0.2449,0.0644,1.3962,2.0397,0.0426
3:30:17,83500,-0.8021,-0.1616,0.0004,0.0059,0.0839,0.1424,0.0705,3.0525,2.6358,0.0510
3:30:28,83600,-0.6394,-0.2192,0.0002,0.0137,0.0021,0.2260,0.0632,0.1056,2.0318,0.0507
3:30:38,83700,-0.5054,-0.0854,0.0004,0.0072,0.1477,0.0966,0.0549,0.0228,2.0081,0.0460
3:30:49,83800,-0.7220,-0.0138,0.0085,0.0076,0.0558,0.0452,0.0643,0.9068,1.6194,0.0414
3:31:00,83900,-0.8267,0.0602,0.0078,0.0045,0.0068,-0.1093,0.0671,0.3003,3.3096,0.0496
3:31:11,84000,-0.3697,-0.2344,0.0087,0.0072,0.0272,0.2337,0.0535,0.3397,1.6451,0.0376
3:31:45,84100,-0.8709,-0.3025,0.0133,0.0052,0.0161,0.3506,0.0713,0.7186,4.3843,0.0501
3:31:56,84200,-0.5014,-0.2333,0.0838,0.0035,0.0104,0.2086,0.0531,0.5374,1.6971,0.0432
3:32:07,84300,-0.9439,0.0012,0.0080,0.0093,0.0391,-0.0168,0.0660,0.4715,3.6534,0.0520
3:32:18,84400,-0.6534,-0.1542,0.0013,0.0047,0.0758,0.1090,0.0656,1.0747,1.6713,0.0503
3:32:29,84500,-0.5411,-0.2308,0.0004,0.0036,0.0011,0.2346,0.0507,0.8420,2.0901,0.0388
3:32:39,84600,-0.7030,-0.4339,0.0301,0.0072,0.0160,0.5088,0.0651,1.9377,6.8467,0.0483
3:32:50,84700,-0.3972,-0.4438,0.0101,0.0042,0.3090,0.4326,0.0585,0.9855,2.0839,0.0398
3:33:01,84800,-0.9619,-0.0012,0.0325,0.0074,0.0516,0.1167,0.0640,3.0460,3.5476,0.0542
3:33:12,84900,-0.5290,-0.1105,0.0181,0.0041,0.0457,0.1203,0.0570,0.5532,2.4834,0.0409
3:33:23,85000,-0.5928,0.0324,0.0079,0.0040,0.0509,-0.0436,0.0632,0.0308,2.5835,0.0479
3:33:56,85100,-0.6760,-0.1394,0.0011,0.0037,0.2213,0.1627,0.0788,0.9394,2.4284,0.0582
3:34:07,85200,-0.6829,-0.2712,0.0152,0.0061,0.2740,0.2488,0.0704,1.5072,2.4804,0.0522
3:34:18,85300,-0.6224,-0.4252,0.0088,0.0045,0.0152,0.4520,0.0685,0.1122,3.3756,0.0446
3:34:29,85400,-0.4628,-0.3770,0.1508,0.0053,0.1677,0.4356,0.0603,0.7193,3.1576,0.0442
3:34:40,85500,-0.5081,-0.3208,0.1068,0.0035,0.0039,0.2805,0.0595,1.2962,2.3416,0.0441
3:34:51,85600,-0.6937,-0.1470,0.1074,0.0055,0.0013,0.1553,0.0640,0.7381,2.5566,0.0529
3:35:01,85700,-0.5517,-0.1054,0.0412,0.0046,0.0505,0.1187,0.0630,0.1743,2.8577,0.0487
3:35:12,85800,-0.6614,-0.2492,0.0005,0.0052,0.1445,0.2172,0.0602,1.9279,3.1696,0.0492
3:35:23,85900,-0.7224,-0.1855,0.0025,0.0032,0.2888,0.2194,0.0605,0.3089,3.8042,0.0460
3:35:34,86000,-0.9860,0.0143,0.0119,0.0099,0.0065,0.0527,0.0663,1.4218,3.5227,0.0522
3:36:07,86100,-0.4821,-0.2930,0.0003,0.0056,0.0190,0.3346,0.0639,0.4318,2.7089,0.0545
3:36:18,86200,-0.9356,-0.0178,0.2442,0.0056,0.0041,0.0157,0.0675,1.4561,2.6153,0.0502
3:36:29,86300,-0.6038,-0.2107,0.0006,0.0113,0.0203,0.1911,0.0671,0.8278,2.7412,0.0427
3:36:40,86400,-0.5172,-0.1963,0.0012,0.0048,0.0355,0.2323,0.0605,0.9876,1.5193,0.0451
3:36:51,86500,-0.4230,-0.3178,0.0091,0.0050,0.0072,0.3270,0.0580,0.1693,1.9382,0.0436
3:37:02,86600,-0.6542,0.0691,0.0375,0.0050,0.0023,-0.0686,0.0546,1.4436,1.8077,0.0424
3:37:12,86700,-0.9927,-0.0028,0.0026,0.0076,0.0027,0.0627,0.0669,0.6097,3.9731,0.0506
3:37:23,86800,-0.4700,-0.3439,0.0020,0.0027,0.0007,0.3531,0.0528,0.5476,2.2127,0.0402
3:37:34,86900,-0.6107,-0.1237,0.0625,0.0055,0.2220,0.2004,0.0609,0.6202,3.8190,0.0453
3:37:45,87000,-0.7424,-0.3316,0.0000,0.0090,0.1134,0.2175,0.0784,0.6233,2.2858,0.0540
3:38:19,87100,-0.6991,-0.0627,0.0011,0.0068,0.0238,0.1008,0.0593,0.3558,0.9492,0.0478
3:38:30,87200,-0.4028,-0.3442,0.0038,0.0063,0.0296,0.3385,0.0531,0.7453,2.4289,0.0438
3:38:41,87300,-0.2781,-0.2705,0.0505,0.0095,0.5978,0.2143,0.0570,0.8926,2.6976,0.0408
3:38:52,87400,-0.4861,-0.3138,0.2037,0.0090,0.2234,0.2034,0.0586,1.6214,2.3593,0.0437
3:39:03,87500,-0.4291,-0.4008,0.0086,0.0073,0.0066,0.3977,0.0515,0.7323,5.7706,0.0415
3:39:13,87600,-0.7833,-0.2483,0.0187,0.0079,0.1099,0.2731,0.0773,0.0530,2.7130,0.0556
3:39:24,87700,-0.7138,-0.1628,0.0165,0.0042,0.0082,0.2319,0.0558,0.1138,4.5713,0.0457
3:39:35,87800,-0.6209,-0.0909,0.0001,0.0066,0.0118,0.1020,0.0679,2.1879,1.9281,0.0473
3:39:46,87900,-0.5551,-0.1263,0.0075,0.0029,0.1030,0.1699,0.0624,0.5665,1.9763,0.0437
3:39:56,88000,-0.8428,-0.0661,0.0160,0.0044,0.0017,0.0986,0.0672,1.0273,2.7156,0.0488
3:40:30,88100,-1.0083,0.3164,0.0025,0.0037,0.0505,-0.2375,0.0679,0.5252,1.6723,0.0486
3:40:40,88200,-0.6341,-0.2785,0.0006,0.0086,0.0116,0.2861,0.0714,0.6692,2.0033,0.0540
3:40:51,88300,-0.5129,-0.3085,0.0033,0.0077,0.0167,0.3552,0.0580,1.1861,2.7068,0.0445
3:41:02,88400,-0.5969,-0.0168,0.3224,0.0034,0.1044,-0.0814,0.0557,1.2975,3.5486,0.0411
3:41:13,88500,-0.4416,-0.4232,0.0005,0.0025,0.0010,0.4794,0.0655,0.3238,2.1483,0.0470
3:41:24,88600,-0.4742,-0.3628,0.1031,0.0021,0.2261,0.3194,0.0579,1.3452,2.4796,0.0450
3:41:35,88700,-0.7194,-0.2356,0.0004,0.0073,0.0707,0.1989,0.0583,0.4247,1.8411,0.0438
3:41:45,88800,-0.5464,-0.1053,0.0002,0.0090,0.0188,0.0906,0.0684,0.7066,2.6785,0.0443
3:41:56,88900,-0.8202,-0.2609,0.0002,0.0032,0.0405,0.2614,0.0713,1.6939,2.2236,0.0533
3:42:07,89000,-0.7088,-0.1444,0.0004,0.0146,0.0020,0.1850,0.0609,1.0262,2.6844,0.0437
3:42:42,89100,-0.9219,0.0331,0.0444,0.0066,0.0457,-0.0257,0.0677,0.3866,2.0035,0.0487
3:42:53,89200,-0.8586,-0.0992,0.0033,0.0033,0.0093,0.1001,0.0709,0.4978,3.2466,0.0533
3:43:03,89300,-0.7871,-0.0473,0.1182,0.0095,0.0065,0.0641,0.0570,1.1460,3.5862,0.0458
3:43:14,89400,-0.6720,-0.0261,0.0393,0.0035,0.0103,0.0395,0.0741,0.4441,2.3388,0.0531
3:43:25,89500,-0.5062,-0.2737,0.0007,0.0021,0.0096,0.3140,0.0686,0.9817,2.1557,0.0464
3:43:36,89600,-0.7685,0.0948,0.0013,0.0037,0.0200,-0.0667,0.0618,0.5804,2.3999,0.0436
3:43:47,89700,-0.6730,-0.1572,0.0029,0.0056,0.0601,0.1774,0.0640,0.9009,1.7294,0.0438
3:43:57,89800,-0.4787,-0.1586,0.0354,0.0070,0.9724,0.1591,0.0528,1.4230,3.7887,0.0402
3:44:08,89900,-0.5921,-0.1393,0.0588,0.0062,0.0293,0.1549,0.0684,1.3734,1.8933,0.0483
3:44:19,90000,-0.5459,-0.3171,0.0011,0.0077,0.0942,0.2810,0.0673,0.7164,1.8666,0.0406
3:48:09,90100,-0.8049,-0.1865,0.0001,0.0045,0.1532,0.1840,0.0807,0.1890,1.2216,0.0525
3:48:20,90200,-1.0091,0.3118,0.0421,0.0133,0.3578,-0.3343,0.0709,0.1556,3.2329,0.0527
3:48:31,90300,-0.7854,-0.0874,0.0012,0.0031,0.0709,0.1283,0.0592,1.1384,0.7584,0.0450
3:48:41,90400,-0.4902,-0.3452,0.0018,0.0052,0.0044,0.3599,0.0595,1.0628,3.0960,0.0429
3:48:52,90500,-0.9783,0.1840,0.0478,0.0065,0.0957,-0.2299,0.0712,0.4037,1.4796,0.0514
3:49:03,90600,-0.8988,0.0998,0.0077,0.0035,0.2036,-0.0219,0.0618,0.9574,2.7370,0.0496
3:49:14,90700,-0.5578,-0.1744,0.0508,0.0097,0.0348,0.1541,0.0574,1.7174,2.8185,0.0470
3:49:24,90800,-0.7049,-0.2078,0.0002,0.0117,0.0163,0.1869,0.0615,0.3572,3.1254,0.0492
3:49:35,90900,-0.4673,-0.3518,0.0022,0.0032,0.0209,0.3798,0.0603,1.9401,2.6623,0.0422
3:49:46,91000,-0.2791,-0.3075,0.0629,0.0030,0.0014,0.2876,0.0532,0.9201,2.6026,0.0382
3:50:18,91100,-0.3400,-0.3766,0.0002,0.0070,0.0209,0.4243,0.0499,0.1292,3.6739,0.0407
3:50:29,91200,-0.5700,-0.1250,0.0147,0.0047,1.0212,0.0310,0.0601,1.7305,3.4420,0.0455
3:50:40,91300,-0.6074,-0.2367,0.0038,0.0063,0.0048,0.2601,0.0565,1.0594,0.9793,0.0524
3:50:51,91400,-0.9897,0.2422,0.0002,0.0047,0.2455,-0.1385,0.0644,0.7178,2.0185,0.0523
3:51:02,91500,-0.6076,-0.1217,0.0260,0.0047,0.1848,0.0934,0.0579,1.0432,1.5383,0.0458
3:51:12,91600,-0.6983,-0.1668,0.0020,0.0058,0.0784,0.2197,0.0716,0.3090,2.2584,0.0493
3:51:23,91700,-0.7475,-0.1521,0.0016,0.0016,0.0062,0.1870,0.0610,1.1598,2.9437,0.0457
3:51:34,91800,-0.5420,-0.2116,0.2048,0.0038,0.0679,0.1772,0.0580,0.8547,2.4260,0.0450
3:51:44,91900,-1.1415,0.3881,0.0000,0.0062,0.0928,-0.3701,0.0902,0.0589,1.9921,0.0547
3:51:55,92000,-0.5288,-0.1422,0.0002,0.0041,0.0172,0.1627,0.0515,0.0072,1.7044,0.0426
3:52:30,92100,-0.5755,-0.1047,0.0006,0.0073,0.0290,0.1043,0.0674,0.2283,1.6729,0.0436
3:52:40,92200,-0.6612,-0.2682,0.0008,0.0035,0.1996,0.2830,0.0614,0.7999,1.6835,0.0441
3:52:51,92300,-0.4818,-0.2012,0.0091,0.0045,0.0424,0.2338,0.0618,0.7980,3.5860,0.0379
3:53:02,92400,-0.5978,-0.0167,0.0023,0.0055,0.0679,0.0478,0.0548,0.7251,2.0332,0.0415
3:53:13,92500,-0.4091,-0.2425,0.0094,0.0015,0.1633,0.2431,0.0540,1.2358,2.8594,0.0380
3:53:24,92600,-0.4236,-0.1913,0.0018,0.0064,0.0009,0.1999,0.0514,0.9513,1.9613,0.0382
3:53:35,92700,-0.8797,0.0301,0.1192,0.0043,0.1906,-0.0270,0.0606,1.6831,2.2259,0.0442
3:53:45,92800,-0.7271,-0.0825,0.0355,0.0027,0.0526,0.0922,0.0559,0.8739,2.6049,0.0419
3:53:56,92900,-0.7026,-0.1078,0.0021,0.0077,0.1969,0.0649,0.0570,0.4921,2.3469,0.0478
3:54:07,93000,-0.4511,-0.1864,0.0082,0.0061,0.0086,0.2249,0.0503,0.4087,2.1897,0.0382
3:54:40,93100,-0.8831,0.1535,0.0811,0.0035,0.0031,-0.1468,0.0651,0.1998,2.8613,0.0510
3:54:51,93200,-0.6960,-0.1894,0.0004,0.0094,0.0008,0.1667,0.0670,0.2967,2.7280,0.0460
3:55:02,93300,-0.7439,-0.1641,0.0540,0.0058,0.0388,0.1879,0.0654,2.3770,2.3935,0.0524
3:55:13,93400,-0.5980,-0.4392,0.0023,0.0077,0.0152,0.4275,0.0766,0.7245,3.2120,0.0482
3:55:24,93500,-0.5527,-0.2571,0.0001,0.0083,0.3358,0.2539,0.0633,0.4020,3.5556,0.0450
3:55:35,93600,-1.0013,0.0512,0.0008,0.0061,0.0418,-0.0374,0.0827,0.6709,2.0065,0.0550
3:55:46,93700,-0.4671,-0.2521,0.0025,0.0022,0.1547,0.2812,0.0606,0.3985,2.9534,0.0472
3:55:56,93800,-0.7544,-0.0068,0.0002,0.0031,0.0413,0.0243,0.0582,1.5725,2.3683,0.0411
3:56:07,93900,-0.4520,-0.2728,0.0023,0.0071,0.0393,0.2724,0.0597,0.2222,2.1145,0.0438
3:56:18,94000,-0.7538,-0.4528,0.0001,0.0039,0.0367,0.4719,0.0680,0.6224,2.6423,0.0520
3:56:53,94100,-0.9456,-0.1435,0.0013,0.0212,0.0019,0.0164,0.0704,1.2083,3.4600,0.0533
3:57:03,94200,-0.4327,-0.1255,0.0000,0.0062,0.0115,0.1112,0.0648,0.5242,2.2852,0.0414
3:57:14,94300,-0.5155,-0.2219,0.2366,0.0033,0.8408,-0.0168,0.0556,0.3860,2.5399,0.0409
3:57:25,94400,-0.6662,-0.1373,0.0003,0.0064,0.2879,0.1359,0.0666,0.1774,3.3287,0.0478
3:57:36,94500,-0.8870,-0.4319,0.0002,0.0152,0.2740,0.3718,0.0676,0.1900,3.2612,0.0548
3:57:47,94600,-0.6503,-0.2068,0.0003,0.0050,0.1536,0.2547,0.0663,0.5391,2.1826,0.0462
3:57:57,94700,-0.5724,-0.1570,0.0012,0.0047,0.0587,0.1613,0.0615,1.0819,2.6113,0.0447
3:58:08,94800,-0.6508,-0.2493,0.0021,0.0046,0.1583,0.2839,0.0551,0.7769,7.1809,0.0434
3:58:19,94900,-0.4166,-0.3061,0.1786,0.0044,0.0174,0.3767,0.0619,0.4493,1.9517,0.0459
3:58:30,95000,-0.7697,0.0992,0.0221,0.0083,0.0427,-0.0746,0.0654,0.3791,2.2633,0.0514
3:59:03,95100,-0.5256,-0.1429,0.0017,0.0013,0.0045,0.1957,0.0613,2.1033,2.5557,0.0412
3:59:14,95200,-0.5654,-0.1082,0.0341,0.0058,0.1332,0.1370,0.0576,0.2852,1.9867,0.0416
3:59:25,95300,-0.8206,-0.0887,0.0515,0.0052,0.0008,0.1063,0.0625,1.0375,1.2897,0.0471
3:59:36,95400,-0.7518,-0.0677,0.0165,0.0109,0.1704,0.1349,0.0567,1.9039,1.4654,0.0418
3:59:47,95500,-0.5844,-0.4023,0.0006,0.0048,0.0788,0.3620,0.0643,2.7383,2.6772,0.0449
3:59:58,95600,-0.4207,-0.4281,0.0012,0.0032,0.0128,0.4581,0.0639,0.4976,2.4898,0.0446
4:00:08,95700,-0.8372,-0.1007,0.0001,0.0042,0.3551,0.1239,0.0674,1.0472,4.7409,0.0549
4:00:19,95800,-0.5786,-0.0390,0.0709,0.0049,0.0709,0.1104,0.0569,0.3248,1.4858,0.0422
4:00:30,95900,-0.6956,-0.1463,0.0000,0.0045,0.0170,0.1528,0.0693,0.4430,2.4455,0.0486
4:00:41,96000,-0.5126,-0.1590,0.0079,0.0049,0.0027,0.1834,0.0585,0.0737,2.3257,0.0406
