step,source,target,domain,distance
10000,WAL,RUN,0,1.5893832445144653
10000,WAL,RUN,1,1.1566359996795654
10000,WAL,RUN,2,1.4855819940567017
10000,WAL,RUN,3,1.732042670249939
10000,WAL,RUN,4,2.100789785385132
10000,WAL,RUN,5,0.9618014097213745
10000,WAL,RUN,6,1.597373127937317
10000,WAL,RUN,7,1.3358572721481323
10000,WAL,RUN,8,1.012415885925293
10000,WAL,RUN,9,0.5175015926361084
10000,WAL,RUN,10,1.6744182109832764
10000,WAL,RUN,11,1.1846699714660645
10000,WAL,RUN,12,1.4547265768051147
10000,WAL,RUN,13,1.1472638845443726
10000,WAL,RUN,14,1.953951120376587
10000,WAL,RUN,15,1.0565615892410278
10000,WAL,RUN,16,1.3899579048156738
10000,WAL,RUN,17,1.8513307571411133
10000,WAL,RUN,18,1.139969825744629
10000,WAL,RUN,19,0.7665375471115112
10000,WAL,RUN,20,1.5987826585769653
10000,WAL,RUN,21,1.5785924196243286
10000,WAL,RUN,22,0.9895405173301697
10000,WAL,RUN,23,1.255846619606018
10000,WAL,RUN,24,1.5033752918243408
10000,WAL,RUN,25,1.2756273746490479
10000,WAL,RUN,26,1.2279164791107178
10000,WAL,RUN,27,1.4339711666107178
10000,WAL,RUN,28,1.4740968942642212
10000,WAL,RUN,29,1.5890223979949951
10000,WAL,RUN,30,2.131685733795166
10000,WAL,RUN,31,2.070712089538574
10000,WAL,RUN,32,1.6615997552871704
10000,WAL,RUN,33,1.409073829650879
10000,WAL,RUN,34,1.4667284488677979
10000,WAL,RUN,35,1.6548210382461548
10000,WAL,RUN,36,0.9510907530784607
10000,WAL,RUN,37,1.8626328706741333
10000,WAL,RUN,38,0.7845077514648438
10000,WAL,RUN,39,1.0125373601913452
10000,WAL,RUN,40,1.984990119934082
10000,WAL,RUN,41,0.9085110425949097
10000,WAL,RUN,42,1.2928555011749268
10000,WAL,RUN,43,1.4853079319000244
10000,WAL,RUN,44,1.9483109712600708
10000,WAL,RUN,45,1.019763708114624
10000,WAL,RUN,46,1.0885272026062012
10000,WAL,RUN,47,2.0680925846099854
10000,WAL,RUN,48,2.056764841079712
10000,WAL,RUN,49,2.1201679706573486
10000,WAL,RUN,50,1.3068217039108276
10000,WAL,RUN,51,1.2494769096374512
10000,WAL,RUN,52,1.095941424369812
10000,WAL,RUN,53,1.3990166187286377
10000,WAL,RUN,54,1.4693471193313599
10000,WAL,RUN,55,1.5185788869857788
10000,WAL,RUN,56,1.4298601150512695
10000,WAL,RUN,57,1.5580103397369385
10000,WAL,RUN,58,1.0483723878860474
10000,WAL,RUN,59,0.9260329604148865
10000,WAL,RUN,60,1.7046335935592651
10000,WAL,CLD,0,1.725055456161499
10000,WAL,CLD,1,1.3552907705307007
10000,WAL,CLD,2,1.825165867805481
10000,WAL,CLD,3,1.700272798538208
10000,WAL,CLD,4,2.0736052989959717
10000,WAL,CLD,5,1.4119353294372559
10000,WAL,CLD,6,1.6545755863189697
10000,WAL,CLD,7,1.39093017578125
10000,WAL,CLD,8,1.2594249248504639
10000,WAL,CLD,9,1.3874510526657104
10000,WAL,CLD,10,2.03256893157959
10000,WAL,CLD,11,1.1789439916610718
10000,WAL,CLD,12,1.6509286165237427
10000,WAL,CLD,13,1.5979679822921753
10000,WAL,CLD,14,1.899255394935608
10000,WAL,CLD,15,1.1622401475906372
10000,WAL,CLD,16,1.5784895420074463
10000,WAL,CLD,17,1.8923511505126953
10000,WAL,CLD,18,1.411134958267212
10000,WAL,CLD,19,0.6838901042938232
10000,WAL,CLD,20,1.9891202449798584
10000,WAL,CLD,21,1.6906882524490356
10000,WAL,CLD,22,1.276643991470337
10000,WAL,CLD,23,1.3358577489852905
10000,WAL,CLD,24,1.8415682315826416
10000,WAL,CLD,25,1.455675482749939
10000,WAL,CLD,26,1.1696045398712158
10000,WAL,CLD,27,1.6471928358078003
10000,WAL,CLD,28,1.6403921842575073
10000,WAL,CLD,29,1.838382363319397
10000,WAL,CLD,30,2.1820831298828125
10000,WAL,CLD,31,2.18562912940979
10000,WAL,CLD,32,1.9857691526412964
10000,WAL,CLD,33,1.467642903327942
10000,WAL,CLD,34,1.7358356714248657
10000,WAL,CLD,35,2.063549280166626
10000,WAL,CLD,36,1.284380555152893
10000,WAL,CLD,37,1.9223129749298096
10000,WAL,CLD,38,1.3883413076400757
10000,WAL,CLD,39,1.6981111764907837
10000,WAL,CLD,40,2.082009792327881
10000,WAL,CLD,41,1.475846290588379
10000,WAL,CLD,42,1.763796329498291
10000,WAL,CLD,43,1.7312936782836914
10000,WAL,CLD,44,2.1023409366607666
10000,WAL,CLD,45,1.3041785955429077
10000,WAL,CLD,46,1.2955427169799805
10000,WAL,CLD,47,2.08294415473938
10000,WAL,CLD,48,1.9109662771224976
10000,WAL,CLD,49,2.05947208404541
10000,WAL,CLD,50,1.3373466730117798
10000,WAL,CLD,51,1.4755034446716309
10000,WAL,CLD,52,1.7139664888381958
10000,WAL,CLD,53,1.7878154516220093
10000,WAL,CLD,54,1.8353204727172852
10000,WAL,CLD,55,1.4714847803115845
10000,WAL,CLD,56,1.6320618391036987
10000,WAL,CLD,57,1.888979196548462
10000,WAL,CLD,58,1.328012466430664
10000,WAL,CLD,59,1.2843141555786133
10000,WAL,CLD,60,1.947649598121643
10000,WAL,CLU,0,1.1474499702453613
10000,WAL,CLU,1,1.0640242099761963
10000,WAL,CLU,2,1.738698959350586
10000,WAL,CLU,3,1.2849931716918945
10000,WAL,CLU,4,2.1951043605804443
10000,WAL,CLU,5,1.1243807077407837
10000,WAL,CLU,6,1.230180263519287
10000,WAL,CLU,7,1.1715445518493652
10000,WAL,CLU,8,1.3129147291183472
10000,WAL,CLU,9,1.310045599937439
10000,WAL,CLU,10,1.5796231031417847
10000,WAL,CLU,11,0.9519944190979004
10000,WAL,CLU,12,1.4146161079406738
10000,WAL,CLU,13,0.9442759156227112
10000,WAL,CLU,14,1.6839566230773926
10000,WAL,CLU,15,1.1032496690750122
10000,WAL,CLU,16,1.056193232536316
10000,WAL,CLU,17,1.1590430736541748
10000,WAL,CLU,18,1.121982216835022
10000,WAL,CLU,19,0.8108490705490112
10000,WAL,CLU,20,1.6562508344650269
10000,WAL,CLU,21,1.0467690229415894
10000,WAL,CLU,22,1.284857988357544
10000,WAL,CLU,23,0.950181782245636
10000,WAL,CLU,24,1.191584587097168
10000,WAL,CLU,25,1.140578269958496
10000,WAL,CLU,26,0.6646624207496643
10000,WAL,CLU,27,1.1633538007736206
10000,WAL,CLU,28,0.859123170375824
10000,WAL,CLU,29,1.8550128936767578
10000,WAL,CLU,30,1.553493618965149
10000,WAL,CLU,31,1.773463249206543
10000,WAL,CLU,32,1.2805266380310059
10000,WAL,CLU,33,1.1878654956817627
10000,WAL,CLU,34,1.5424100160598755
10000,WAL,CLU,35,1.455718755722046
10000,WAL,CLU,36,1.312747597694397
10000,WAL,CLU,37,1.2153428792953491
10000,WAL,CLU,38,0.9961912631988525
10000,WAL,CLU,39,1.1108572483062744
10000,WAL,CLU,40,1.6737701892852783
10000,WAL,CLU,41,1.0392976999282837
10000,WAL,CLU,42,1.325168490409851
10000,WAL,CLU,43,1.2749022245407104
10000,WAL,CLU,44,1.3882553577423096
10000,WAL,CLU,45,1.0843545198440552
10000,WAL,CLU,46,1.1331089735031128
10000,WAL,CLU,47,1.7878525257110596
10000,WAL,CLU,48,1.186806559562683
10000,WAL,CLU,49,1.3552428483963013
10000,WAL,CLU,50,1.091347098350525
10000,WAL,CLU,51,0.9106622934341431
10000,WAL,CLU,52,1.0655784606933594
10000,WAL,CLU,53,1.0723234415054321
10000,WAL,CLU,54,1.1763148307800293
10000,WAL,CLU,55,1.0357598066329956
10000,WAL,CLU,56,1.3184221982955933
10000,WAL,CLU,57,1.4178972244262695
10000,WAL,CLU,58,0.9779057502746582
10000,WAL,CLU,59,0.8961448073387146
10000,WAL,CLU,60,1.2846258878707886
20000,WAL,RUN,0,1.5962570905685425
20000,WAL,RUN,1,1.1368197202682495
20000,WAL,RUN,2,1.4807319641113281
20000,WAL,RUN,3,1.7504360675811768
20000,WAL,RUN,4,2.118000030517578
20000,WAL,RUN,5,0.980323851108551
20000,WAL,RUN,6,1.6119056940078735
20000,WAL,RUN,7,1.2679022550582886
20000,WAL,RUN,8,1.0086326599121094
20000,WAL,RUN,9,0.6458214521408081
20000,WAL,RUN,10,1.7252024412155151
20000,WAL,RUN,11,1.232314109802246
20000,WAL,RUN,12,1.439011812210083
20000,WAL,RUN,13,1.1333922147750854
20000,WAL,RUN,14,2.0310826301574707
20000,WAL,RUN,15,1.0972957611083984
20000,WAL,RUN,16,1.4118691682815552
20000,WAL,RUN,17,1.695533037185669
20000,WAL,RUN,18,1.1067886352539062
20000,WAL,RUN,19,0.7467423677444458
20000,WAL,RUN,20,1.6493333578109741
20000,WAL,RUN,21,1.557226538658142
20000,WAL,RUN,22,0.9952124357223511
20000,WAL,RUN,23,1.2432273626327515
20000,WAL,RUN,24,1.4271643161773682
20000,WAL,RUN,25,1.2424601316452026
20000,WAL,RUN,26,1.2984539270401
20000,WAL,RUN,27,1.4153661727905273
20000,WAL,RUN,28,1.499699354171753
20000,WAL,RUN,29,1.5860471725463867
20000,WAL,RUN,30,2.0928590297698975
20000,WAL,RUN,31,2.1316797733306885
20000,WAL,RUN,32,1.6278783082962036
20000,WAL,RUN,33,1.3599660396575928
20000,WAL,RUN,34,1.4569734334945679
20000,WAL,RUN,35,1.6253057718276978
20000,WAL,RUN,36,0.9507935643196106
20000,WAL,RUN,37,1.766100287437439
20000,WAL,RUN,38,0.7771729826927185
20000,WAL,RUN,39,0.9881243109703064
20000,WAL,RUN,40,1.8892955780029297
20000,WAL,RUN,41,0.923228919506073
20000,WAL,RUN,42,1.2552865743637085
20000,WAL,RUN,43,1.4440943002700806
20000,WAL,RUN,44,1.9048763513565063
20000,WAL,RUN,45,1.0023560523986816
20000,WAL,RUN,46,1.1204527616500854
20000,WAL,RUN,47,2.1184916496276855
20000,WAL,RUN,48,1.9763226509094238
20000,WAL,RUN,49,2.045900821685791
20000,WAL,RUN,50,1.2613919973373413
20000,WAL,RUN,51,1.2603102922439575
20000,WAL,RUN,52,1.0760984420776367
20000,WAL,RUN,53,1.4122027158737183
20000,WAL,RUN,54,1.4447861909866333
20000,WAL,RUN,55,1.5989910364151
20000,WAL,RUN,56,1.3939207792282104
20000,WAL,RUN,57,1.4913090467453003
20000,WAL,RUN,58,1.0758180618286133
20000,WAL,RUN,59,0.9283207058906555
20000,WAL,RUN,60,1.7123593091964722
20000,WAL,CLD,0,1.7534096240997314
20000,WAL,CLD,1,1.4015891551971436
20000,WAL,CLD,2,1.8967782258987427
20000,WAL,CLD,3,1.7052072286605835
20000,WAL,CLD,4,2.1582212448120117
20000,WAL,CLD,5,1.4246238470077515
20000,WAL,CLD,6,1.6791521310806274
20000,WAL,CLD,7,1.4093852043151855
20000,WAL,CLD,8,1.2804374694824219
20000,WAL,CLD,9,1.4357661008834839
20000,WAL,CLD,10,2.068140745162964
20000,WAL,CLD,11,1.189084529876709
20000,WAL,CLD,12,1.6805256605148315
20000,WAL,CLD,13,1.6301989555358887
20000,WAL,CLD,14,1.9377986192703247
20000,WAL,CLD,15,1.1918768882751465
20000,WAL,CLD,16,1.6215310096740723
20000,WAL,CLD,17,1.8667393922805786
20000,WAL,CLD,18,1.4464874267578125
20000,WAL,CLD,19,0.7432946562767029
20000,WAL,CLD,20,2.048297882080078
20000,WAL,CLD,21,1.7310155630111694
20000,WAL,CLD,22,1.3639655113220215
20000,WAL,CLD,23,1.3481810092926025
20000,WAL,CLD,24,1.871167778968811
20000,WAL,CLD,25,1.5370757579803467
20000,WAL,CLD,26,1.1429847478866577
20000,WAL,CLD,27,1.686132788658142
20000,WAL,CLD,28,1.6666032075881958
20000,WAL,CLD,29,1.9251081943511963
20000,WAL,CLD,30,2.1833698749542236
20000,WAL,CLD,31,2.2092766761779785
20000,WAL,CLD,32,2.000563383102417
20000,WAL,CLD,33,1.4625346660614014
20000,WAL,CLD,34,1.8425182104110718
20000,WAL,CLD,35,2.060293436050415
20000,WAL,CLD,36,1.330405592918396
20000,WAL,CLD,37,1.9122086763381958
20000,WAL,CLD,38,1.4389750957489014
20000,WAL,CLD,39,1.749375343322754
20000,WAL,CLD,40,2.094306707382202
20000,WAL,CLD,41,1.4696245193481445
20000,WAL,CLD,42,1.7906445264816284
20000,WAL,CLD,43,1.7006242275238037
20000,WAL,CLD,44,2.0918755531311035
20000,WAL,CLD,45,1.3156089782714844
20000,WAL,CLD,46,1.3418985605239868
20000,WAL,CLD,47,2.1544246673583984
20000,WAL,CLD,48,1.8915832042694092
20000,WAL,CLD,49,2.0570755004882812
20000,WAL,CLD,50,1.416816234588623
20000,WAL,CLD,51,1.4744130373001099
20000,WAL,CLD,52,1.7478363513946533
20000,WAL,CLD,53,1.808680772781372
20000,WAL,CLD,54,1.8638861179351807
20000,WAL,CLD,55,1.5127060413360596
20000,WAL,CLD,56,1.6475024223327637
20000,WAL,CLD,57,1.903260588645935
20000,WAL,CLD,58,1.3737837076187134
20000,WAL,CLD,59,1.316884160041809
20000,WAL,CLD,60,1.9953444004058838
20000,WAL,CLU,0,1.153375267982483
20000,WAL,CLU,1,1.088370442390442
20000,WAL,CLU,2,1.775646686553955
20000,WAL,CLU,3,1.2611793279647827
20000,WAL,CLU,4,2.0962934494018555
20000,WAL,CLU,5,1.1530348062515259
20000,WAL,CLU,6,1.2290160655975342
20000,WAL,CLU,7,1.1420516967773438
20000,WAL,CLU,8,1.3482449054718018
20000,WAL,CLU,9,1.4358313083648682
20000,WAL,CLU,10,1.5115013122558594
20000,WAL,CLU,11,0.9191683530807495
20000,WAL,CLU,12,1.4289180040359497
20000,WAL,CLU,13,0.9820000529289246
20000,WAL,CLU,14,1.666948676109314
20000,WAL,CLU,15,1.1286659240722656
20000,WAL,CLU,16,1.115383505821228
20000,WAL,CLU,17,1.1749205589294434
20000,WAL,CLU,18,1.2504185438156128
20000,WAL,CLU,19,0.9186514019966125
20000,WAL,CLU,20,1.5963761806488037
20000,WAL,CLU,21,1.0331087112426758
20000,WAL,CLU,22,1.3854023218154907
20000,WAL,CLU,23,1.0103105306625366
20000,WAL,CLU,24,1.196784257888794
20000,WAL,CLU,25,1.1816864013671875
20000,WAL,CLU,26,0.5758004188537598
20000,WAL,CLU,27,1.2107775211334229
20000,WAL,CLU,28,0.8824657201766968
20000,WAL,CLU,29,1.8562885522842407
20000,WAL,CLU,30,1.5386807918548584
20000,WAL,CLU,31,1.738659381866455
20000,WAL,CLU,32,1.3084509372711182
20000,WAL,CLU,33,1.2556205987930298
20000,WAL,CLU,34,1.5753729343414307
20000,WAL,CLU,35,1.5248485803604126
20000,WAL,CLU,36,1.3343310356140137
20000,WAL,CLU,37,1.2234364748001099
20000,WAL,CLU,38,1.1143888235092163
20000,WAL,CLU,39,1.2484252452850342
20000,WAL,CLU,40,1.7103674411773682
20000,WAL,CLU,41,1.1111665964126587
20000,WAL,CLU,42,1.4273171424865723
20000,WAL,CLU,43,1.3577344417572021
20000,WAL,CLU,44,1.4410152435302734
20000,WAL,CLU,45,1.1478444337844849
20000,WAL,CLU,46,1.1706236600875854
20000,WAL,CLU,47,1.7993943691253662
20000,WAL,CLU,48,1.2418216466903687
20000,WAL,CLU,49,1.3083983659744263
20000,WAL,CLU,50,1.1187682151794434
20000,WAL,CLU,51,0.8888843059539795
20000,WAL,CLU,52,1.1578794717788696
20000,WAL,CLU,53,1.145975947380066
20000,WAL,CLU,54,1.210809588432312
20000,WAL,CLU,55,1.0781315565109253
20000,WAL,CLU,56,1.299912691116333
20000,WAL,CLU,57,1.4820250272750854
20000,WAL,CLU,58,1.1029537916183472
20000,WAL,CLU,59,0.8958351016044617
20000,WAL,CLU,60,1.325992465019226
30000,WAL,RUN,0,1.6035176515579224
30000,WAL,RUN,1,1.1727052927017212
30000,WAL,RUN,2,1.5772945880889893
30000,WAL,RUN,3,1.7572687864303589
30000,WAL,RUN,4,2.202854633331299
30000,WAL,RUN,5,1.0111808776855469
30000,WAL,RUN,6,1.6265441179275513
30000,WAL,RUN,7,1.2183012962341309
30000,WAL,RUN,8,1.063849925994873
30000,WAL,RUN,9,0.6245968341827393
30000,WAL,RUN,10,1.7923418283462524
30000,WAL,RUN,11,1.2243856191635132
30000,WAL,RUN,12,1.4939963817596436
30000,WAL,RUN,13,1.201951026916504
30000,WAL,RUN,14,2.1184802055358887
30000,WAL,RUN,15,1.1382195949554443
30000,WAL,RUN,16,1.337654709815979
30000,WAL,RUN,17,1.8193140029907227
30000,WAL,RUN,18,1.1022971868515015
30000,WAL,RUN,19,0.7342865467071533
30000,WAL,RUN,20,1.6580671072006226
30000,WAL,RUN,21,1.6680412292480469
30000,WAL,RUN,22,1.0387665033340454
30000,WAL,RUN,23,1.2425103187561035
30000,WAL,RUN,24,1.4514456987380981
30000,WAL,RUN,25,1.2620155811309814
30000,WAL,RUN,26,1.3176929950714111
30000,WAL,RUN,27,1.380231499671936
30000,WAL,RUN,28,1.4366629123687744
30000,WAL,RUN,29,1.6800587177276611
30000,WAL,RUN,30,2.1980581283569336
30000,WAL,RUN,31,2.1043384075164795
30000,WAL,RUN,32,1.750126838684082
30000,WAL,RUN,33,1.3873136043548584
30000,WAL,RUN,34,1.454641342163086
30000,WAL,RUN,35,1.6058224439620972
30000,WAL,RUN,36,0.9607660174369812
30000,WAL,RUN,37,1.8328052759170532
30000,WAL,RUN,38,0.7541619539260864
30000,WAL,RUN,39,1.081873893737793
30000,WAL,RUN,40,1.8941755294799805
30000,WAL,RUN,41,0.9074738621711731
30000,WAL,RUN,42,1.294628381729126
30000,WAL,RUN,43,1.4348028898239136
30000,WAL,RUN,44,1.955337643623352
30000,WAL,RUN,45,0.9987137317657471
30000,WAL,RUN,46,1.1725457906723022
30000,WAL,RUN,47,2.164271831512451
30000,WAL,RUN,48,2.056523084640503
30000,WAL,RUN,49,2.04146146774292
30000,WAL,RUN,50,1.2961533069610596
30000,WAL,RUN,51,1.2475361824035645
30000,WAL,RUN,52,1.1340441703796387
30000,WAL,RUN,53,1.4361016750335693
30000,WAL,RUN,54,1.4941716194152832
30000,WAL,RUN,55,1.591921329498291
30000,WAL,RUN,56,1.394594430923462
30000,WAL,RUN,57,1.518248200416565
30000,WAL,RUN,58,1.005764126777649
30000,WAL,RUN,59,0.9677157998085022
30000,WAL,RUN,60,1.743578553199768
30000,WAL,CLD,0,1.7615346908569336
30000,WAL,CLD,1,1.3708467483520508
30000,WAL,CLD,2,1.8800525665283203
30000,WAL,CLD,3,1.6859241724014282
30000,WAL,CLD,4,2.1385748386383057
30000,WAL,CLD,5,1.4208877086639404
30000,WAL,CLD,6,1.6625126600265503
30000,WAL,CLD,7,1.3808882236480713
30000,WAL,CLD,8,1.273221731185913
30000,WAL,CLD,9,1.398056983947754
30000,WAL,CLD,10,2.079272747039795
30000,WAL,CLD,11,1.180066466331482
30000,WAL,CLD,12,1.6752681732177734
30000,WAL,CLD,13,1.6362396478652954
30000,WAL,CLD,14,1.9331705570220947
30000,WAL,CLD,15,1.167809247970581
30000,WAL,CLD,16,1.5882081985473633
30000,WAL,CLD,17,1.8839170932769775
30000,WAL,CLD,18,1.4320170879364014
30000,WAL,CLD,19,0.7234972715377808
30000,WAL,CLD,20,2.0212581157684326
30000,WAL,CLD,21,1.7416107654571533
30000,WAL,CLD,22,1.3101202249526978
30000,WAL,CLD,23,1.3447794914245605
30000,WAL,CLD,24,1.869396448135376
30000,WAL,CLD,25,1.5168412923812866
30000,WAL,CLD,26,1.1615617275238037
30000,WAL,CLD,27,1.6971338987350464
30000,WAL,CLD,28,1.644102692604065
30000,WAL,CLD,29,1.8952834606170654
30000,WAL,CLD,30,2.1878042221069336
30000,WAL,CLD,31,2.193571090698242
30000,WAL,CLD,32,1.9980067014694214
30000,WAL,CLD,33,1.4803225994110107
30000,WAL,CLD,34,1.811736822128296
30000,WAL,CLD,35,2.0589511394500732
30000,WAL,CLD,36,1.297282099723816
30000,WAL,CLD,37,1.9002416133880615
30000,WAL,CLD,38,1.4389437437057495
30000,WAL,CLD,39,1.7402491569519043
30000,WAL,CLD,40,2.089414596557617
30000,WAL,CLD,41,1.4644793272018433
30000,WAL,CLD,42,1.7801597118377686
30000,WAL,CLD,43,1.7162421941757202
30000,WAL,CLD,44,2.062697649002075
30000,WAL,CLD,45,1.288277268409729
30000,WAL,CLD,46,1.3319653272628784
30000,WAL,CLD,47,2.14072847366333
30000,WAL,CLD,48,1.892425298690796
30000,WAL,CLD,49,2.0295498371124268
30000,WAL,CLD,50,1.4092397689819336
30000,WAL,CLD,51,1.47118079662323
30000,WAL,CLD,52,1.7459913492202759
30000,WAL,CLD,53,1.8233764171600342
30000,WAL,CLD,54,1.8430980443954468
30000,WAL,CLD,55,1.5047625303268433
30000,WAL,CLD,56,1.6548808813095093
30000,WAL,CLD,57,1.887251615524292
30000,WAL,CLD,58,1.348065733909607
30000,WAL,CLD,59,1.3193459510803223
30000,WAL,CLD,60,1.976027250289917
30000,WAL,CLU,0,1.154245138168335
30000,WAL,CLU,1,1.0409263372421265
30000,WAL,CLU,2,1.6126638650894165
30000,WAL,CLU,3,1.1842687129974365
30000,WAL,CLU,4,1.8733952045440674
30000,WAL,CLU,5,1.1371345520019531
30000,WAL,CLU,6,1.1435225009918213
30000,WAL,CLU,7,1.0021588802337646
30000,WAL,CLU,8,1.3281176090240479
30000,WAL,CLU,9,1.4058551788330078
30000,WAL,CLU,10,1.3913944959640503
30000,WAL,CLU,11,0.8672077655792236
30000,WAL,CLU,12,1.3908647298812866
30000,WAL,CLU,13,0.9551939368247986
30000,WAL,CLU,14,1.5606238842010498
30000,WAL,CLU,15,1.110682487487793
30000,WAL,CLU,16,1.1634314060211182
30000,WAL,CLU,17,1.1830312013626099
30000,WAL,CLU,18,1.2159744501113892
30000,WAL,CLU,19,0.9158728122711182
30000,WAL,CLU,20,1.554967999458313
30000,WAL,CLU,21,0.9471404552459717
30000,WAL,CLU,22,1.3059695959091187
30000,WAL,CLU,23,1.034482717514038
30000,WAL,CLU,24,1.1376268863677979
30000,WAL,CLU,25,1.2113265991210938
30000,WAL,CLU,26,0.6204025745391846
30000,WAL,CLU,27,1.2253226041793823
30000,WAL,CLU,28,0.9194625020027161
30000,WAL,CLU,29,1.6684237718582153
30000,WAL,CLU,30,1.5325849056243896
30000,WAL,CLU,31,1.632502555847168
30000,WAL,CLU,32,1.288628101348877
30000,WAL,CLU,33,1.216279149055481
30000,WAL,CLU,34,1.5118612051010132
30000,WAL,CLU,35,1.549591064453125
30000,WAL,CLU,36,1.2830066680908203
30000,WAL,CLU,37,1.2432653903961182
30000,WAL,CLU,38,1.0741307735443115
30000,WAL,CLU,39,1.2879379987716675
30000,WAL,CLU,40,1.725199818611145
30000,WAL,CLU,41,1.1487321853637695
30000,WAL,CLU,42,1.4526081085205078
30000,WAL,CLU,43,1.403295874595642
30000,WAL,CLU,44,1.443800449371338
30000,WAL,CLU,45,1.0754314661026
30000,WAL,CLU,46,1.160650610923767
30000,WAL,CLU,47,1.6649643182754517
30000,WAL,CLU,48,1.2240772247314453
30000,WAL,CLU,49,1.251401424407959
30000,WAL,CLU,50,1.1194862127304077
30000,WAL,CLU,51,0.9139134287834167
30000,WAL,CLU,52,1.1854859590530396
30000,WAL,CLU,53,1.1297184228897095
30000,WAL,CLU,54,1.2139086723327637
30000,WAL,CLU,55,1.097603678703308
30000,WAL,CLU,56,1.20736825466156
30000,WAL,CLU,57,1.4758646488189697
30000,WAL,CLU,58,1.1366219520568848
30000,WAL,CLU,59,0.9692695140838623
30000,WAL,CLU,60,1.3097790479660034
40000,WAL,RUN,0,1.6349283456802368
40000,WAL,RUN,1,1.144469976425171
40000,WAL,RUN,2,1.5360251665115356
40000,WAL,RUN,3,1.79218590259552
40000,WAL,RUN,4,2.1549572944641113
40000,WAL,RUN,5,0.9978143572807312
40000,WAL,RUN,6,1.6385877132415771
40000,WAL,RUN,7,1.3309656381607056
40000,WAL,RUN,8,1.0535516738891602
40000,WAL,RUN,9,0.5796560049057007
40000,WAL,RUN,10,1.8518517017364502
40000,WAL,RUN,11,1.26117742061615
40000,WAL,RUN,12,1.5353471040725708
40000,WAL,RUN,13,1.2090808153152466
40000,WAL,RUN,14,2.1547813415527344
40000,WAL,RUN,15,1.1490871906280518
40000,WAL,RUN,16,1.393991470336914
40000,WAL,RUN,17,1.8302333354949951
40000,WAL,RUN,18,1.0943783521652222
40000,WAL,RUN,19,0.7292056679725647
40000,WAL,RUN,20,1.6524202823638916
40000,WAL,RUN,21,1.6386170387268066
40000,WAL,RUN,22,1.0068063735961914
40000,WAL,RUN,23,1.2766075134277344
40000,WAL,RUN,24,1.5840905904769897
40000,WAL,RUN,25,1.2956316471099854
40000,WAL,RUN,26,1.3515477180480957
40000,WAL,RUN,27,1.4559104442596436
40000,WAL,RUN,28,1.4343862533569336
40000,WAL,RUN,29,1.6298788785934448
40000,WAL,RUN,30,2.1858174800872803
40000,WAL,RUN,31,2.1664717197418213
40000,WAL,RUN,32,1.7815899848937988
40000,WAL,RUN,33,1.4255130290985107
40000,WAL,RUN,34,1.4739326238632202
40000,WAL,RUN,35,1.6635260581970215
40000,WAL,RUN,36,0.9558863639831543
40000,WAL,RUN,37,1.83652663230896
40000,WAL,RUN,38,0.7423219680786133
40000,WAL,RUN,39,1.057900071144104
40000,WAL,RUN,40,1.9075348377227783
40000,WAL,RUN,41,0.9124466776847839
40000,WAL,RUN,42,1.2855887413024902
40000,WAL,RUN,43,1.456315517425537
40000,WAL,RUN,44,1.956503987312317
40000,WAL,RUN,45,1.0136542320251465
40000,WAL,RUN,46,1.1966750621795654
40000,WAL,RUN,47,2.1789114475250244
40000,WAL,RUN,48,2.0742077827453613
40000,WAL,RUN,49,2.0863871574401855
40000,WAL,RUN,50,1.320594072341919
40000,WAL,RUN,51,1.2405990362167358
40000,WAL,RUN,52,1.122376799583435
40000,WAL,RUN,53,1.440190315246582
40000,WAL,RUN,54,1.492809772491455
40000,WAL,RUN,55,1.656919240951538
40000,WAL,RUN,56,1.4313673973083496
40000,WAL,RUN,57,1.5208773612976074
40000,WAL,RUN,58,1.0043911933898926
40000,WAL,RUN,59,0.9498075842857361
40000,WAL,RUN,60,1.7217479944229126
40000,WAL,CLD,0,1.7590701580047607
40000,WAL,CLD,1,1.3510597944259644
40000,WAL,CLD,2,1.835996150970459
40000,WAL,CLD,3,1.6682840585708618
40000,WAL,CLD,4,2.112490177154541
40000,WAL,CLD,5,1.4215079545974731
40000,WAL,CLD,6,1.637519359588623
40000,WAL,CLD,7,1.3590083122253418
40000,WAL,CLD,8,1.267892837524414
40000,WAL,CLD,9,1.3640445470809937
40000,WAL,CLD,10,2.0573177337646484
40000,WAL,CLD,11,1.1670533418655396
40000,WAL,CLD,12,1.670061469078064
40000,WAL,CLD,13,1.6125532388687134
40000,WAL,CLD,14,1.898219108581543
40000,WAL,CLD,15,1.1617052555084229
40000,WAL,CLD,16,1.6195242404937744
40000,WAL,CLD,17,1.8889331817626953
40000,WAL,CLD,18,1.4383081197738647
40000,WAL,CLD,19,0.7115491032600403
40000,WAL,CLD,20,2.0211522579193115
40000,WAL,CLD,21,1.7066651582717896
40000,WAL,CLD,22,1.2779054641723633
40000,WAL,CLD,23,1.3298949003219604
40000,WAL,CLD,24,1.8622450828552246
40000,WAL,CLD,25,1.5074037313461304
40000,WAL,CLD,26,1.1472097635269165
40000,WAL,CLD,27,1.6538951396942139
40000,WAL,CLD,28,1.667233943939209
40000,WAL,CLD,29,1.8630638122558594
40000,WAL,CLD,30,2.2031185626983643
40000,WAL,CLD,31,2.175797939300537
40000,WAL,CLD,32,1.983802318572998
40000,WAL,CLD,33,1.4523011445999146
40000,WAL,CLD,34,1.803026556968689
40000,WAL,CLD,35,2.055370569229126
40000,WAL,CLD,36,1.2816917896270752
40000,WAL,CLD,37,1.8977218866348267
40000,WAL,CLD,38,1.4204071760177612
40000,WAL,CLD,39,1.7042555809020996
40000,WAL,CLD,40,2.073624610900879
40000,WAL,CLD,41,1.4498844146728516
40000,WAL,CLD,42,1.783074975013733
40000,WAL,CLD,43,1.6943004131317139
40000,WAL,CLD,44,2.0617361068725586
40000,WAL,CLD,45,1.2823894023895264
40000,WAL,CLD,46,1.3221935033798218
40000,WAL,CLD,47,2.1417388916015625
40000,WAL,CLD,48,1.8945969343185425
40000,WAL,CLD,49,2.0210230350494385
40000,WAL,CLD,50,1.3974424600601196
40000,WAL,CLD,51,1.4615364074707031
40000,WAL,CLD,52,1.6975550651550293
40000,WAL,CLD,53,1.8033854961395264
40000,WAL,CLD,54,1.8365669250488281
40000,WAL,CLD,55,1.5072238445281982
40000,WAL,CLD,56,1.6358015537261963
40000,WAL,CLD,57,1.8788483142852783
40000,WAL,CLD,58,1.324728012084961
40000,WAL,CLD,59,1.2908289432525635
40000,WAL,CLD,60,1.9815717935562134
40000,WAL,CLU,0,1.1602095365524292
40000,WAL,CLU,1,1.0537270307540894
40000,WAL,CLU,2,1.7341134548187256
40000,WAL,CLU,3,1.2362192869186401
40000,WAL,CLU,4,2.0174803733825684
40000,WAL,CLU,5,1.1269052028656006
40000,WAL,CLU,6,1.1817851066589355
40000,WAL,CLU,7,1.0709725618362427
40000,WAL,CLU,8,1.344429850578308
40000,WAL,CLU,9,1.3677970170974731
40000,WAL,CLU,10,1.4836405515670776
40000,WAL,CLU,11,0.9103323817253113
40000,WAL,CLU,12,1.3969752788543701
40000,WAL,CLU,13,0.960830807685852
40000,WAL,CLU,14,1.6645318269729614
40000,WAL,CLU,15,1.1192662715911865
40000,WAL,CLU,16,1.1317508220672607
40000,WAL,CLU,17,1.1847635507583618
40000,WAL,CLU,18,1.1990221738815308
40000,WAL,CLU,19,0.8973552584648132
40000,WAL,CLU,20,1.5716954469680786
40000,WAL,CLU,21,1.0177236795425415
40000,WAL,CLU,22,1.3135268688201904
40000,WAL,CLU,23,1.0133461952209473
40000,WAL,CLU,24,1.1553000211715698
40000,WAL,CLU,25,1.2038943767547607
40000,WAL,CLU,26,0.6262746453285217
40000,WAL,CLU,27,1.2078889608383179
40000,WAL,CLU,28,0.9034601449966431
40000,WAL,CLU,29,1.7928094863891602
40000,WAL,CLU,30,1.5399365425109863
40000,WAL,CLU,31,1.6818853616714478
40000,WAL,CLU,32,1.2995004653930664
40000,WAL,CLU,33,1.2050622701644897
40000,WAL,CLU,34,1.5539449453353882
40000,WAL,CLU,35,1.5211588144302368
40000,WAL,CLU,36,1.3269352912902832
40000,WAL,CLU,37,1.234505534172058
40000,WAL,CLU,38,1.0677446126937866
40000,WAL,CLU,39,1.2679345607757568
40000,WAL,CLU,40,1.7206809520721436
40000,WAL,CLU,41,1.0787917375564575
40000,WAL,CLU,42,1.4217549562454224
40000,WAL,CLU,43,1.3622757196426392
40000,WAL,CLU,44,1.4309606552124023
40000,WAL,CLU,45,1.1291426420211792
40000,WAL,CLU,46,1.183348536491394
40000,WAL,CLU,47,1.715446949005127
40000,WAL,CLU,48,1.2229764461517334
40000,WAL,CLU,49,1.2822978496551514
40000,WAL,CLU,50,1.1193194389343262
40000,WAL,CLU,51,0.9118451476097107
40000,WAL,CLU,52,1.1591755151748657
40000,WAL,CLU,53,1.1171499490737915
40000,WAL,CLU,54,1.1962558031082153
40000,WAL,CLU,55,1.0849032402038574
40000,WAL,CLU,56,1.247800350189209
40000,WAL,CLU,57,1.4775645732879639
40000,WAL,CLU,58,1.0749729871749878
40000,WAL,CLU,59,0.9594483971595764
40000,WAL,CLU,60,1.3089708089828491
50000,WAL,RUN,0,1.6296312808990479
50000,WAL,RUN,1,1.1947603225708008
50000,WAL,RUN,2,1.6120637655258179
50000,WAL,RUN,3,1.7965141534805298
50000,WAL,RUN,4,2.230942964553833
50000,WAL,RUN,5,1.0143187046051025
50000,WAL,RUN,6,1.6283749341964722
50000,WAL,RUN,7,1.288816213607788
50000,WAL,RUN,8,1.0776405334472656
50000,WAL,RUN,9,0.715022087097168
50000,WAL,RUN,10,1.89731764793396
50000,WAL,RUN,11,1.2200196981430054
50000,WAL,RUN,12,1.5275177955627441
50000,WAL,RUN,13,1.1861521005630493
50000,WAL,RUN,14,2.126866340637207
50000,WAL,RUN,15,1.1327624320983887
50000,WAL,RUN,16,1.3255912065505981
50000,WAL,RUN,17,1.8464462757110596
50000,WAL,RUN,18,1.1314040422439575
50000,WAL,RUN,19,0.6659025549888611
50000,WAL,RUN,20,1.638160228729248
50000,WAL,RUN,21,1.6953610181808472
50000,WAL,RUN,22,1.0193066596984863
50000,WAL,RUN,23,1.1978193521499634
50000,WAL,RUN,24,1.5915162563323975
50000,WAL,RUN,25,1.2899538278579712
50000,WAL,RUN,26,1.3165231943130493
50000,WAL,RUN,27,1.3952155113220215
50000,WAL,RUN,28,1.427753210067749
50000,WAL,RUN,29,1.6937766075134277
50000,WAL,RUN,30,2.2147679328918457
50000,WAL,RUN,31,2.1388909816741943
50000,WAL,RUN,32,1.8084049224853516
50000,WAL,RUN,33,1.3929619789123535
50000,WAL,RUN,34,1.5362368822097778
50000,WAL,RUN,35,1.6262739896774292
50000,WAL,RUN,36,1.0117472410202026
50000,WAL,RUN,37,1.817305088043213
50000,WAL,RUN,38,0.7838216423988342
50000,WAL,RUN,39,1.1458920240402222
50000,WAL,RUN,40,1.9612571001052856
50000,WAL,RUN,41,0.9378904104232788
50000,WAL,RUN,42,1.3114302158355713
50000,WAL,RUN,43,1.4909573793411255
50000,WAL,RUN,44,1.980674147605896
50000,WAL,RUN,45,0.9917998313903809
50000,WAL,RUN,46,1.1312376260757446
50000,WAL,RUN,47,2.1795876026153564
50000,WAL,RUN,48,2.0763301849365234
50000,WAL,RUN,49,2.0670275688171387
50000,WAL,RUN,50,1.3008267879486084
50000,WAL,RUN,51,1.2408459186553955
50000,WAL,RUN,52,1.1113967895507812
50000,WAL,RUN,53,1.4358073472976685
50000,WAL,RUN,54,1.5180327892303467
50000,WAL,RUN,55,1.6091363430023193
50000,WAL,RUN,56,1.5107409954071045
50000,WAL,RUN,57,1.5863120555877686
50000,WAL,RUN,58,0.9873239398002625
50000,WAL,RUN,59,0.8838943243026733
50000,WAL,RUN,60,1.730340600013733
50000,WAL,CLD,0,1.7600247859954834
50000,WAL,CLD,1,1.3735322952270508
50000,WAL,CLD,2,1.8553422689437866
50000,WAL,CLD,3,1.668459415435791
50000,WAL,CLD,4,2.153689384460449
50000,WAL,CLD,5,1.4201233386993408
50000,WAL,CLD,6,1.6505755186080933
50000,WAL,CLD,7,1.3763431310653687
50000,WAL,CLD,8,1.2806512117385864
50000,WAL,CLD,9,1.381622076034546
50000,WAL,CLD,10,2.0674562454223633
50000,WAL,CLD,11,1.1799825429916382
50000,WAL,CLD,12,1.6805903911590576
50000,WAL,CLD,13,1.6393107175827026
50000,WAL,CLD,14,1.8998310565948486
50000,WAL,CLD,15,1.1727279424667358
50000,WAL,CLD,16,1.6305406093597412
50000,WAL,CLD,17,1.8986880779266357
50000,WAL,CLD,18,1.4259822368621826
50000,WAL,CLD,19,0.7227500677108765
50000,WAL,CLD,20,2.0376086235046387
50000,WAL,CLD,21,1.702048897743225
50000,WAL,CLD,22,1.2913076877593994
50000,WAL,CLD,23,1.3491462469100952
50000,WAL,CLD,24,1.872585654258728
50000,WAL,CLD,25,1.522802710533142
50000,WAL,CLD,26,1.1513079404830933
50000,WAL,CLD,27,1.681006669998169
50000,WAL,CLD,28,1.6848691701889038
50000,WAL,CLD,29,1.879189372062683
50000,WAL,CLD,30,2.2012581825256348
50000,WAL,CLD,31,2.1841185092926025
50000,WAL,CLD,32,1.9899842739105225
50000,WAL,CLD,33,1.463148593902588
50000,WAL,CLD,34,1.8084149360656738
50000,WAL,CLD,35,2.042172908782959
50000,WAL,CLD,36,1.3071858882904053
50000,WAL,CLD,37,1.8926029205322266
50000,WAL,CLD,38,1.4106343984603882
50000,WAL,CLD,39,1.7316957712173462
50000,WAL,CLD,40,2.0794196128845215
50000,WAL,CLD,41,1.4722955226898193
50000,WAL,CLD,42,1.777685284614563
50000,WAL,CLD,43,1.7289032936096191
50000,WAL,CLD,44,2.0488083362579346
50000,WAL,CLD,45,1.2864644527435303
50000,WAL,CLD,46,1.3287725448608398
50000,WAL,CLD,47,2.1397275924682617
50000,WAL,CLD,48,1.898017168045044
50000,WAL,CLD,49,2.0354502201080322
50000,WAL,CLD,50,1.4096401929855347
50000,WAL,CLD,51,1.4641022682189941
50000,WAL,CLD,52,1.736844539642334
50000,WAL,CLD,53,1.802474856376648
50000,WAL,CLD,54,1.8558270931243896
50000,WAL,CLD,55,1.5271614789962769
50000,WAL,CLD,56,1.6513643264770508
50000,WAL,CLD,57,1.8901150226593018
50000,WAL,CLD,58,1.348678469657898
50000,WAL,CLD,59,1.31613028049469
50000,WAL,CLD,60,1.9859155416488647
50000,WAL,CLU,0,1.1584720611572266
50000,WAL,CLU,1,1.0822420120239258
50000,WAL,CLU,2,1.6983152627944946
50000,WAL,CLU,3,1.2457473278045654
50000,WAL,CLU,4,1.9593937397003174
50000,WAL,CLU,5,1.1414092779159546
50000,WAL,CLU,6,1.1840503215789795
50000,WAL,CLU,7,1.0604280233383179
50000,WAL,CLU,8,1.3403865098953247
50000,WAL,CLU,9,1.4043456315994263
50000,WAL,CLU,10,1.4637099504470825
50000,WAL,CLU,11,0.9160105586051941
50000,WAL,CLU,12,1.4169718027114868
50000,WAL,CLU,13,0.9809078574180603
50000,WAL,CLU,14,1.6397758722305298
50000,WAL,CLU,15,1.1500234603881836
50000,WAL,CLU,16,1.1225210428237915
50000,WAL,CLU,17,1.1835492849349976
50000,WAL,CLU,18,1.1969629526138306
50000,WAL,CLU,19,0.8832260370254517
50000,WAL,CLU,20,1.576615810394287
50000,WAL,CLU,21,0.9485708475112915
50000,WAL,CLU,22,1.317652940750122
50000,WAL,CLU,23,0.9846615195274353
50000,WAL,CLU,24,1.1844900846481323
50000,WAL,CLU,25,1.2344393730163574
50000,WAL,CLU,26,0.6302986145019531
50000,WAL,CLU,27,1.2162359952926636
50000,WAL,CLU,28,0.8984377384185791
50000,WAL,CLU,29,1.7710366249084473
50000,WAL,CLU,30,1.533423662185669
50000,WAL,CLU,31,1.6879048347473145
50000,WAL,CLU,32,1.2891663312911987
50000,WAL,CLU,33,1.1947270631790161
50000,WAL,CLU,34,1.5473524332046509
50000,WAL,CLU,35,1.5249384641647339
50000,WAL,CLU,36,1.356337308883667
50000,WAL,CLU,37,1.2398568391799927
50000,WAL,CLU,38,1.0254491567611694
50000,WAL,CLU,39,1.2988531589508057
50000,WAL,CLU,40,1.7301127910614014
50000,WAL,CLU,41,1.1120474338531494
50000,WAL,CLU,42,1.4283214807510376
50000,WAL,CLU,43,1.3648490905761719
50000,WAL,CLU,44,1.4270906448364258
50000,WAL,CLU,45,1.089891791343689
50000,WAL,CLU,46,1.1902574300765991
50000,WAL,CLU,47,1.6917273998260498
50000,WAL,CLU,48,1.229737639427185
50000,WAL,CLU,49,1.2679649591445923
50000,WAL,CLU,50,1.1313575506210327
50000,WAL,CLU,51,0.9135541319847107
50000,WAL,CLU,52,1.1565322875976562
50000,WAL,CLU,53,1.0841223001480103
50000,WAL,CLU,54,1.205114722251892
50000,WAL,CLU,55,1.0853378772735596
50000,WAL,CLU,56,1.2048386335372925
50000,WAL,CLU,57,1.4854662418365479
50000,WAL,CLU,58,1.0674169063568115
50000,WAL,CLU,59,0.9635889530181885
50000,WAL,CLU,60,1.313180923461914
60000,WAL,RUN,0,1.6245574951171875
60000,WAL,RUN,1,1.172139286994934
60000,WAL,RUN,2,1.5985561609268188
60000,WAL,RUN,3,1.7969629764556885
60000,WAL,RUN,4,2.2220475673675537
60000,WAL,RUN,5,0.9940738677978516
60000,WAL,RUN,6,1.6596590280532837
60000,WAL,RUN,7,1.3015483617782593
60000,WAL,RUN,8,1.067615270614624
60000,WAL,RUN,9,0.7114576697349548
60000,WAL,RUN,10,1.9466400146484375
60000,WAL,RUN,11,1.250777244567871
60000,WAL,RUN,12,1.512266755104065
60000,WAL,RUN,13,1.1623647212982178
60000,WAL,RUN,14,2.1416096687316895
60000,WAL,RUN,15,1.131447434425354
60000,WAL,RUN,16,1.3014222383499146
60000,WAL,RUN,17,1.8576635122299194
60000,WAL,RUN,18,1.0865099430084229
60000,WAL,RUN,19,0.6292170882225037
60000,WAL,RUN,20,1.649464726448059
60000,WAL,RUN,21,1.6705013513565063
60000,WAL,RUN,22,1.0039992332458496
60000,WAL,RUN,23,1.2725640535354614
60000,WAL,RUN,24,1.585781216621399
60000,WAL,RUN,25,1.2988086938858032
60000,WAL,RUN,26,1.3370243310928345
60000,WAL,RUN,27,1.4177906513214111
60000,WAL,RUN,28,1.4322949647903442
60000,WAL,RUN,29,1.6886149644851685
60000,WAL,RUN,30,2.229236364364624
60000,WAL,RUN,31,2.1328580379486084
60000,WAL,RUN,32,1.822037696838379
60000,WAL,RUN,33,1.4128960371017456
60000,WAL,RUN,34,1.5446001291275024
60000,WAL,RUN,35,1.6456845998764038
60000,WAL,RUN,36,1.0001273155212402
60000,WAL,RUN,37,1.8235152959823608
60000,WAL,RUN,38,0.7678693532943726
60000,WAL,RUN,39,1.1156340837478638
60000,WAL,RUN,40,1.9914615154266357
60000,WAL,RUN,41,0.9542519450187683
60000,WAL,RUN,42,1.3099877834320068
60000,WAL,RUN,43,1.4652308225631714
60000,WAL,RUN,44,1.9824613332748413
60000,WAL,RUN,45,0.9996244311332703
60000,WAL,RUN,46,1.1194075345993042
60000,WAL,RUN,47,2.175905466079712
60000,WAL,RUN,48,2.084627389907837
60000,WAL,RUN,49,2.1149063110351562
60000,WAL,RUN,50,1.3038504123687744
60000,WAL,RUN,51,1.2558330297470093
60000,WAL,RUN,52,1.1081634759902954
60000,WAL,RUN,53,1.4516997337341309
60000,WAL,RUN,54,1.5194200277328491
60000,WAL,RUN,55,1.5743328332901
60000,WAL,RUN,56,1.5144134759902954
60000,WAL,RUN,57,1.6056368350982666
60000,WAL,RUN,58,0.9780789613723755
60000,WAL,RUN,59,0.8815851807594299
60000,WAL,RUN,60,1.720363974571228
60000,WAL,CLD,0,1.7599952220916748
60000,WAL,CLD,1,1.3666313886642456
60000,WAL,CLD,2,1.8213647603988647
60000,WAL,CLD,3,1.6889753341674805
60000,WAL,CLD,4,2.1382596492767334
60000,WAL,CLD,5,1.4283249378204346
60000,WAL,CLD,6,1.6588246822357178
60000,WAL,CLD,7,1.3663966655731201
60000,WAL,CLD,8,1.2565912008285522
60000,WAL,CLD,9,1.3753679990768433
60000,WAL,CLD,10,2.0672507286071777
60000,WAL,CLD,11,1.1898527145385742
60000,WAL,CLD,12,1.6780198812484741
60000,WAL,CLD,13,1.6449397802352905
60000,WAL,CLD,14,1.902835488319397
60000,WAL,CLD,15,1.171324372291565
60000,WAL,CLD,16,1.636788249015808
60000,WAL,CLD,17,1.9121453762054443
60000,WAL,CLD,18,1.4444804191589355
60000,WAL,CLD,19,0.7246509194374084
60000,WAL,CLD,20,2.0399699211120605
60000,WAL,CLD,21,1.7067815065383911
60000,WAL,CLD,22,1.2559551000595093
60000,WAL,CLD,23,1.351178526878357
60000,WAL,CLD,24,1.8746626377105713
60000,WAL,CLD,25,1.526261806488037
60000,WAL,CLD,26,1.197116732597351
60000,WAL,CLD,27,1.6977002620697021
60000,WAL,CLD,28,1.6722004413604736
60000,WAL,CLD,29,1.868073582649231
60000,WAL,CLD,30,2.2193679809570312
60000,WAL,CLD,31,2.2004854679107666
60000,WAL,CLD,32,2.0028538703918457
60000,WAL,CLD,33,1.4522424936294556
60000,WAL,CLD,34,1.7924768924713135
60000,WAL,CLD,35,2.060181140899658
60000,WAL,CLD,36,1.291274905204773
60000,WAL,CLD,37,1.9065290689468384
60000,WAL,CLD,38,1.4092154502868652
60000,WAL,CLD,39,1.7147694826126099
60000,WAL,CLD,40,2.0882387161254883
60000,WAL,CLD,41,1.4804351329803467
60000,WAL,CLD,42,1.7827845811843872
60000,WAL,CLD,43,1.7303612232208252
60000,WAL,CLD,44,2.085179328918457
60000,WAL,CLD,45,1.2907596826553345
60000,WAL,CLD,46,1.3198097944259644
60000,WAL,CLD,47,2.1492581367492676
60000,WAL,CLD,48,1.8911620378494263
60000,WAL,CLD,49,2.045790910720825
60000,WAL,CLD,50,1.4047882556915283
60000,WAL,CLD,51,1.468583345413208
60000,WAL,CLD,52,1.7525118589401245
60000,WAL,CLD,53,1.7907394170761108
60000,WAL,CLD,54,1.85683274269104
60000,WAL,CLD,55,1.5387835502624512
60000,WAL,CLD,56,1.6692595481872559
60000,WAL,CLD,57,1.898107647895813
60000,WAL,CLD,58,1.3463045358657837
60000,WAL,CLD,59,1.33797287940979
60000,WAL,CLD,60,2.008310317993164
60000,WAL,CLU,0,1.1565274000167847
60000,WAL,CLU,1,1.0856138467788696
60000,WAL,CLU,2,1.6941999197006226
60000,WAL,CLU,3,1.249704122543335
60000,WAL,CLU,4,1.9703369140625
60000,WAL,CLU,5,1.145117163658142
60000,WAL,CLU,6,1.1917197704315186
60000,WAL,CLU,7,1.072840690612793
60000,WAL,CLU,8,1.3615734577178955
60000,WAL,CLU,9,1.4601860046386719
60000,WAL,CLU,10,1.464036226272583
60000,WAL,CLU,11,0.9155031442642212
60000,WAL,CLU,12,1.4533782005310059
60000,WAL,CLU,13,1.0139613151550293
60000,WAL,CLU,14,1.636525273323059
60000,WAL,CLU,15,1.167539119720459
60000,WAL,CLU,16,1.1502537727355957
60000,WAL,CLU,17,1.1827675104141235
60000,WAL,CLU,18,1.2524100542068481
60000,WAL,CLU,19,0.912148654460907
60000,WAL,CLU,20,1.5934919118881226
60000,WAL,CLU,21,0.9551056027412415
60000,WAL,CLU,22,1.35919988155365
60000,WAL,CLU,23,1.025984525680542
60000,WAL,CLU,24,1.226883053779602
60000,WAL,CLU,25,1.2527785301208496
60000,WAL,CLU,26,0.6159776449203491
60000,WAL,CLU,27,1.2459629774093628
60000,WAL,CLU,28,0.9184314608573914
60000,WAL,CLU,29,1.7717205286026
60000,WAL,CLU,30,1.5213007926940918
60000,WAL,CLU,31,1.684561014175415
60000,WAL,CLU,32,1.2937772274017334
60000,WAL,CLU,33,1.207332968711853
60000,WAL,CLU,34,1.5443931818008423
60000,WAL,CLU,35,1.5408918857574463
60000,WAL,CLU,36,1.354382038116455
60000,WAL,CLU,37,1.2442213296890259
60000,WAL,CLU,38,1.066717505455017
60000,WAL,CLU,39,1.325591802597046
60000,WAL,CLU,40,1.732798457145691
60000,WAL,CLU,41,1.1092162132263184
60000,WAL,CLU,42,1.4617425203323364
60000,WAL,CLU,43,1.3989812135696411
60000,WAL,CLU,44,1.4466423988342285
60000,WAL,CLU,45,1.0873329639434814
60000,WAL,CLU,46,1.2114322185516357
60000,WAL,CLU,47,1.6807924509048462
60000,WAL,CLU,48,1.2328723669052124
60000,WAL,CLU,49,1.2849810123443604
60000,WAL,CLU,50,1.1500694751739502
60000,WAL,CLU,51,0.9056407809257507
60000,WAL,CLU,52,1.1856504678726196
60000,WAL,CLU,53,1.1046018600463867
60000,WAL,CLU,54,1.2077417373657227
60000,WAL,CLU,55,1.132540225982666
60000,WAL,CLU,56,1.203174114227295
60000,WAL,CLU,57,1.5018434524536133
60000,WAL,CLU,58,1.0906754732131958
60000,WAL,CLU,59,0.943561315536499
60000,WAL,CLU,60,1.3154447078704834
70000,WAL,RUN,0,1.4966758489608765
70000,WAL,RUN,1,1.154610514640808
70000,WAL,RUN,2,1.5570844411849976
70000,WAL,RUN,3,1.6996121406555176
70000,WAL,RUN,4,2.1177072525024414
70000,WAL,RUN,5,0.9732346534729004
70000,WAL,RUN,6,1.5438101291656494
70000,WAL,RUN,7,1.15529203414917
70000,WAL,RUN,8,0.9870550632476807
70000,WAL,RUN,9,0.7913845181465149
70000,WAL,RUN,10,1.7281897068023682
70000,WAL,RUN,11,1.1836951971054077
70000,WAL,RUN,12,1.366072416305542
70000,WAL,RUN,13,1.103172779083252
70000,WAL,RUN,14,2.0128285884857178
70000,WAL,RUN,15,1.0422157049179077
70000,WAL,RUN,16,1.2869813442230225
70000,WAL,RUN,17,1.6551485061645508
70000,WAL,RUN,18,1.0366772413253784
70000,WAL,RUN,19,0.7468830943107605
70000,WAL,RUN,20,1.5910437107086182
70000,WAL,RUN,21,1.5742722749710083
70000,WAL,RUN,22,1.0259939432144165
70000,WAL,RUN,23,1.256072998046875
70000,WAL,RUN,24,1.4626902341842651
70000,WAL,RUN,25,1.2342889308929443
70000,WAL,RUN,26,1.3614453077316284
70000,WAL,RUN,27,1.4026834964752197
70000,WAL,RUN,28,1.4131736755371094
70000,WAL,RUN,29,1.6190403699874878
70000,WAL,RUN,30,2.0271902084350586
70000,WAL,RUN,31,1.997803807258606
70000,WAL,RUN,32,1.627038598060608
70000,WAL,RUN,33,1.3760745525360107
70000,WAL,RUN,34,1.4352580308914185
70000,WAL,RUN,35,1.5591541528701782
70000,WAL,RUN,36,1.0323435068130493
70000,WAL,RUN,37,1.7064568996429443
70000,WAL,RUN,38,0.7216742038726807
70000,WAL,RUN,39,1.0133881568908691
70000,WAL,RUN,40,1.8474218845367432
70000,WAL,RUN,41,0.8626963496208191
70000,WAL,RUN,42,1.2060681581497192
70000,WAL,RUN,43,1.3974553346633911
70000,WAL,RUN,44,1.9252742528915405
70000,WAL,RUN,45,0.9494503140449524
70000,WAL,RUN,46,1.08992338180542
70000,WAL,RUN,47,2.0222902297973633
70000,WAL,RUN,48,1.9197877645492554
70000,WAL,RUN,49,1.9871619939804077
70000,WAL,RUN,50,1.2309379577636719
70000,WAL,RUN,51,1.2005009651184082
70000,WAL,RUN,52,1.0556535720825195
70000,WAL,RUN,53,1.411849856376648
70000,WAL,RUN,54,1.445650577545166
70000,WAL,RUN,55,1.5108872652053833
70000,WAL,RUN,56,1.341215968132019
70000,WAL,RUN,57,1.482020616531372
70000,WAL,RUN,58,0.9901355504989624
70000,WAL,RUN,59,0.8813693523406982
70000,WAL,RUN,60,1.6220916509628296
70000,WAL,CLD,0,1.7196141481399536
70000,WAL,CLD,1,1.3007501363754272
70000,WAL,CLD,2,1.730913758277893
70000,WAL,CLD,3,1.6450752019882202
70000,WAL,CLD,4,2.0716376304626465
70000,WAL,CLD,5,1.401566743850708
70000,WAL,CLD,6,1.6243880987167358
70000,WAL,CLD,7,1.3381621837615967
70000,WAL,CLD,8,1.2371822595596313
70000,WAL,CLD,9,1.3489290475845337
70000,WAL,CLD,10,2.0051403045654297
70000,WAL,CLD,11,1.1528013944625854
70000,WAL,CLD,12,1.671062707901001
70000,WAL,CLD,13,1.6151564121246338
70000,WAL,CLD,14,1.8042877912521362
70000,WAL,CLD,15,1.1610161066055298
70000,WAL,CLD,16,1.6038678884506226
70000,WAL,CLD,17,1.8734220266342163
70000,WAL,CLD,18,1.4049632549285889
70000,WAL,CLD,19,0.6867256760597229
70000,WAL,CLD,20,1.9958851337432861
70000,WAL,CLD,21,1.6586538553237915
70000,WAL,CLD,22,1.2101495265960693
70000,WAL,CLD,23,1.325624704360962
70000,WAL,CLD,24,1.8568191528320312
70000,WAL,CLD,25,1.4953330755233765
70000,WAL,CLD,26,1.16977059841156
70000,WAL,CLD,27,1.6741671562194824
70000,WAL,CLD,28,1.655982255935669
70000,WAL,CLD,29,1.7983181476593018
70000,WAL,CLD,30,2.1856491565704346
70000,WAL,CLD,31,2.1871495246887207
70000,WAL,CLD,32,1.9654772281646729
70000,WAL,CLD,33,1.4163109064102173
70000,WAL,CLD,34,1.7791668176651
70000,WAL,CLD,35,2.014434337615967
70000,WAL,CLD,36,1.2393819093704224
70000,WAL,CLD,37,1.8758914470672607
70000,WAL,CLD,38,1.360513687133789
70000,WAL,CLD,39,1.674289345741272
70000,WAL,CLD,40,2.0592215061187744
70000,WAL,CLD,41,1.406941294670105
70000,WAL,CLD,42,1.7500464916229248
70000,WAL,CLD,43,1.701169490814209
70000,WAL,CLD,44,2.034478187561035
70000,WAL,CLD,45,1.2955725193023682
70000,WAL,CLD,46,1.243368148803711
70000,WAL,CLD,47,2.104987144470215
70000,WAL,CLD,48,1.872505784034729
70000,WAL,CLD,49,2.008225917816162
70000,WAL,CLD,50,1.3683791160583496
70000,WAL,CLD,51,1.4481205940246582
70000,WAL,CLD,52,1.7182116508483887
70000,WAL,CLD,53,1.729868769645691
70000,WAL,CLD,54,1.8092844486236572
70000,WAL,CLD,55,1.5052372217178345
70000,WAL,CLD,56,1.603243350982666
70000,WAL,CLD,57,1.8476368188858032
70000,WAL,CLD,58,1.336117148399353
70000,WAL,CLD,59,1.306775689125061
70000,WAL,CLD,60,1.9828695058822632
70000,WAL,CLU,0,1.1224015951156616
70000,WAL,CLU,1,1.0085647106170654
70000,WAL,CLU,2,1.6524821519851685
70000,WAL,CLU,3,1.247836947441101
70000,WAL,CLU,4,1.955348253250122
70000,WAL,CLU,5,1.0728107690811157
70000,WAL,CLU,6,1.1706761121749878
70000,WAL,CLU,7,1.045557975769043
70000,WAL,CLU,8,1.2864017486572266
70000,WAL,CLU,9,1.3334846496582031
70000,WAL,CLU,10,1.5006600618362427
70000,WAL,CLU,11,0.9104633331298828
70000,WAL,CLU,12,1.361741065979004
70000,WAL,CLU,13,0.9221693277359009
70000,WAL,CLU,14,1.61131751537323
70000,WAL,CLU,15,1.092577338218689
70000,WAL,CLU,16,1.0796626806259155
70000,WAL,CLU,17,1.165340781211853
70000,WAL,CLU,18,1.1187889575958252
70000,WAL,CLU,19,0.8317130208015442
70000,WAL,CLU,20,1.5903340578079224
70000,WAL,CLU,21,0.9675902128219604
70000,WAL,CLU,22,1.2056481838226318
70000,WAL,CLU,23,0.9634225368499756
70000,WAL,CLU,24,1.1101523637771606
70000,WAL,CLU,25,1.1660780906677246
70000,WAL,CLU,26,0.6504533290863037
70000,WAL,CLU,27,1.1543411016464233
70000,WAL,CLU,28,0.8586533665657043
70000,WAL,CLU,29,1.7234013080596924
70000,WAL,CLU,30,1.5365232229232788
70000,WAL,CLU,31,1.7083669900894165
70000,WAL,CLU,32,1.246634840965271
70000,WAL,CLU,33,1.163612723350525
70000,WAL,CLU,34,1.5099239349365234
70000,WAL,CLU,35,1.47310209274292
70000,WAL,CLU,36,1.2658612728118896
70000,WAL,CLU,37,1.2200380563735962
70000,WAL,CLU,38,0.9722262620925903
70000,WAL,CLU,39,1.1997809410095215
70000,WAL,CLU,40,1.701528787612915
70000,WAL,CLU,41,0.9915621280670166
70000,WAL,CLU,42,1.3587684631347656
70000,WAL,CLU,43,1.3117603063583374
70000,WAL,CLU,44,1.399230718612671
70000,WAL,CLU,45,1.0100215673446655
70000,WAL,CLU,46,1.1377313137054443
70000,WAL,CLU,47,1.6726715564727783
70000,WAL,CLU,48,1.1987711191177368
70000,WAL,CLU,49,1.3186101913452148
70000,WAL,CLU,50,1.0619816780090332
70000,WAL,CLU,51,0.8659563064575195
70000,WAL,CLU,52,1.088252305984497
70000,WAL,CLU,53,1.0335702896118164
70000,WAL,CLU,54,1.1610749959945679
70000,WAL,CLU,55,1.0229458808898926
70000,WAL,CLU,56,1.19658625125885
70000,WAL,CLU,57,1.4367293119430542
70000,WAL,CLU,58,1.0119775533676147
70000,WAL,CLU,59,0.9028787612915039
70000,WAL,CLU,60,1.2738609313964844
