Elapsed Time,Iteration,Total Iterations,D/latent_real,D/latent_fake,D/latent_reg,D/ref_real,D/ref_fake,D/ref_reg,G/latent_adv,G/latent_dom,G/latent_trts,G/latent_cyc,G/latent_id,G/latent_sty,G/latent_ds,G/ref_adv,G/ref_dom,G/ref_trts,G/ref_cyc,G/ref_id,G/ref_sty,G/ref_ds,G/lambda_ds,G/lambda_dom,G/lambda_trts
0:01:06,100,100000,0.038047,0.025238,0.005371,0.005211,0.014310,0.005434,0.731389,930.717529,469.095154,0.312992,0.279975,1.280861,0.760968,0.434431,444.657501,171.621399,0.324667,0.218627,2.541561,0.000285,0.000000,0.000000,0.000000
0:01:44,200,100000,0.105087,0.018140,0.007019,0.014796,0.038068,0.004524,0.556658,156.552643,403.243469,0.133283,0.115794,0.941979,0.646510,0.354780,38.778896,74.469498,0.139349,0.084462,0.964353,0.000188,0.000000,0.000000,0.000000
0:02:21,300,100000,0.039497,0.005117,0.029209,0.004474,0.118399,0.006174,0.660153,443.113190,432.876587,0.072555,0.060111,0.734316,0.605860,0.494433,43.077515,47.428371,0.075439,0.053228,0.541806,0.000147,0.000000,0.000000,0.000000
0:02:58,400,100000,0.032371,0.011307,0.009080,0.004631,0.019627,0.007342,0.406673,400.024384,265.687775,0.055227,0.053897,0.577531,0.541587,0.411983,60.747356,19.094416,0.053243,0.042967,0.268828,0.000081,0.000000,0.000000,0.000000
0:03:35,500,100000,0.071791,0.005065,0.062250,0.015249,0.082286,0.019631,0.430135,381.595398,537.054626,0.041887,0.046118,0.597401,0.503651,0.389885,32.350323,34.226925,0.043299,0.037715,0.176990,0.000077,0.000000,0.000000,0.000000
0:04:31,600,100000,0.007622,0.003857,0.066643,0.000227,0.025119,0.024103,0.448071,323.186157,99.573196,0.060174,0.063265,0.630215,0.473489,0.535519,27.031998,4.459367,0.048339,0.047813,0.181656,0.000050,0.000000,0.000000,0.000000
0:05:09,700,100000,0.200448,0.000748,0.026821,0.032828,0.013667,0.019769,0.532758,458.605652,318.931915,0.034781,0.040613,0.578906,0.415783,0.389920,29.535252,13.091247,0.035518,0.035161,0.439244,0.000056,0.000000,0.000000,0.000000
0:05:48,800,100000,0.011080,0.000727,0.038766,0.000741,0.072214,0.024260,0.531523,662.812622,416.717377,0.031693,0.033179,0.718177,0.452027,0.468799,48.231480,30.069077,0.036211,0.028893,0.171905,0.000029,0.000000,0.000000,0.000000
0:06:26,900,100000,0.057497,0.001986,0.025215,0.011047,0.102482,0.009300,0.505594,220.535568,295.578308,0.027383,0.028140,0.522887,0.378495,0.340708,12.780092,5.617516,0.029380,0.027003,0.099532,0.000034,0.000000,0.000000,0.000000
0:07:04,1000,100000,0.023682,0.000155,0.152249,0.007351,0.049615,0.034495,0.467482,470.386169,156.633957,0.044552,0.045490,0.513292,0.328307,0.434716,34.495491,12.812950,0.039839,0.042447,1.653843,0.000070,0.000000,0.000000,0.000000
0:07:56,1100,100000,0.087057,0.000987,0.085613,0.030729,0.023062,0.014241,0.444466,350.740509,172.471817,0.047592,0.048359,0.473945,0.327321,0.342202,20.787500,2.968941,0.047512,0.041319,2.486442,0.000091,0.000000,0.000000,0.000000
0:09:01,1200,100000,0.009841,0.001267,0.042925,0.001907,0.076593,0.023522,0.470458,201.052933,114.916199,0.044316,0.039530,0.442336,0.298576,0.332977,16.505449,12.283592,0.033513,0.032647,0.385462,0.000156,0.000000,0.000000,0.000000
0:09:39,1300,100000,0.027724,0.000986,0.022383,0.009343,0.032615,0.014452,0.493674,312.710876,224.917099,0.034924,0.041950,0.539799,0.293126,0.449298,56.293411,18.657270,0.037163,0.041316,1.463616,0.000071,0.000000,0.000000,0.000000
0:10:17,1400,100000,0.034675,0.000797,0.156968,0.012417,0.097243,0.014169,0.474722,142.061035,221.944031,0.018087,0.017916,0.484060,0.299907,0.443105,14.621373,6.023921,0.021478,0.022211,0.346047,0.000058,0.000000,0.000000,0.000000
0:10:55,1500,100000,0.062952,0.000091,0.023317,0.032121,0.033018,0.007895,0.514810,210.127197,263.127197,0.040164,0.046327,0.492523,0.285741,0.292413,27.325691,24.756218,0.039157,0.038035,1.659096,0.000037,0.000000,0.000000,0.000000
0:11:50,1600,100000,0.025581,0.001361,0.011835,0.009337,0.099618,0.011114,0.505651,158.531662,239.333130,0.023322,0.022267,0.508207,0.208286,0.370245,45.307903,7.403558,0.019861,0.018275,0.638053,0.000061,0.000000,0.000000,0.000000
0:12:29,1700,100000,0.031938,0.000226,0.025722,0.013743,0.034457,0.016973,0.495109,262.005310,196.127106,0.057023,0.049930,0.488229,0.239815,0.391879,38.667427,4.553616,0.032841,0.031861,1.135872,0.000004,0.000000,0.000000,0.000000
0:13:07,1800,100000,0.001807,0.002516,0.032079,0.000847,0.134870,0.008716,0.464494,231.186417,203.272018,0.091680,0.085377,0.510192,0.258452,0.354981,21.582640,6.473592,0.066696,0.062495,1.367135,0.000011,0.000000,0.000000,0.000000
0:13:45,1900,100000,0.008702,0.000192,0.017580,0.002410,0.034000,0.012616,0.545124,185.315033,153.055298,0.026748,0.028034,0.867507,0.216887,0.515851,19.091999,5.242200,0.033994,0.025191,1.957744,0.000026,0.000000,0.000000,0.000000
0:14:23,2000,100000,0.038062,0.000752,0.060228,0.017139,0.144393,0.017019,0.484855,270.757477,114.979996,0.025908,0.024013,0.476123,0.206194,0.266820,21.332010,10.291277,0.026730,0.022409,0.321376,0.000029,0.000000,0.000000,0.000000
0:23:53,2100,100000,0.050209,0.000043,0.013632,0.029954,0.193792,0.011861,0.526708,256.378906,280.351898,0.019400,0.019917,0.505859,0.273832,0.212486,23.511339,8.233653,0.017152,0.016241,0.117456,0.000011,0.000000,0.000000,0.000000
0:24:32,2200,100000,0.059520,0.001966,0.018193,0.033772,0.155333,0.006251,0.486831,415.291809,193.026123,0.019779,0.018228,0.463608,0.201962,0.139027,11.276146,6.254784,0.016777,0.016596,0.057615,0.000006,0.000000,0.000000,0.000000
0:25:10,2300,100000,0.036117,0.000225,0.026282,0.020440,0.107897,0.011560,0.507859,486.971466,209.969788,0.034550,0.034892,0.450369,0.176256,0.265267,43.584991,19.871111,0.027922,0.027165,0.970052,0.000012,0.000000,0.000000,0.000000
0:26:11,2400,100000,0.028393,0.001278,0.080025,0.012041,0.174938,0.016184,0.467528,279.338074,176.629272,0.032642,0.030614,0.516213,0.158373,0.164133,23.837780,4.862556,0.029703,0.028620,0.090746,0.000008,0.000000,0.000000,0.000000
0:26:49,2500,100000,0.042651,0.001253,0.071601,0.026679,0.174592,0.011605,0.541749,250.006424,69.290169,0.017715,0.018221,0.450759,0.163363,0.252068,27.520046,6.395255,0.018231,0.018282,0.467155,0.000026,0.000000,0.000000,0.000000
0:27:42,2600,100000,0.013565,0.001918,0.023959,0.005565,0.096176,0.007826,0.560332,194.541565,152.440781,0.051625,0.048632,0.414632,0.160582,0.586085,52.758007,44.336998,0.054396,0.051942,3.130127,0.000027,0.000000,0.000000,0.000000
0:28:20,2700,100000,0.027291,0.000613,0.025779,0.012981,0.148916,0.013681,0.595743,357.348999,162.543427,0.018107,0.018277,0.455479,0.168740,0.219619,11.923873,5.537202,0.020157,0.017618,0.249025,0.000023,0.000000,0.000000,0.000000
0:28:58,2800,100000,0.028937,0.000403,0.048983,0.015571,0.200953,0.009755,0.517174,264.785950,131.211838,0.022442,0.021911,0.523982,0.162615,0.144909,6.790725,7.218564,0.024612,0.021168,0.519089,0.000032,0.000000,0.000000,0.000000
0:29:36,2900,100000,0.020858,0.000700,0.024830,0.009111,0.081061,0.007938,0.532077,269.203522,72.259445,0.051320,0.047675,0.494029,0.162616,0.308797,7.360404,18.975021,0.044453,0.043538,3.115324,0.000050,0.000000,0.000000,0.000000
0:30:14,3000,100000,0.048001,0.000176,0.028939,0.032893,0.186648,0.010012,0.511360,379.302429,144.328491,0.016254,0.015111,0.416264,0.138995,0.199207,13.194121,3.389374,0.017742,0.017560,0.825926,0.000014,0.000000,0.000000,0.000000
0:31:07,3100,100000,0.042369,0.000469,0.011198,0.028113,0.168838,0.012186,0.531992,234.226715,122.266533,0.017595,0.017549,0.462262,0.137365,0.166209,23.260256,6.656672,0.015765,0.015729,0.773236,0.000032,0.000000,0.000000,0.000000
0:31:45,3200,100000,0.068039,0.000230,0.015520,0.046941,0.177749,0.010609,0.491548,312.684326,207.658035,0.016472,0.015767,0.444024,0.115725,0.113252,6.580328,7.262981,0.016848,0.016875,0.079801,0.000005,0.000000,0.000000,0.000000
0:32:23,3300,100000,0.059442,0.000665,0.015068,0.041968,0.159004,0.008691,0.539634,147.461441,58.669067,0.012416,0.012251,0.446229,0.110294,0.192843,7.953125,11.777905,0.014153,0.014166,0.047368,0.000009,0.000000,0.000000,0.000000
0:33:01,3400,100000,0.029989,0.000825,0.062564,0.017353,0.158229,0.012457,0.494208,305.743286,104.247314,0.047717,0.046926,0.446647,0.110821,0.196054,54.834465,12.651748,0.044946,0.043563,1.439967,0.000011,0.000000,0.000000,0.000000
0:33:39,3500,100000,0.052009,0.002415,0.039200,0.033349,0.145800,0.013429,0.478479,143.008438,80.601456,0.022916,0.021327,0.565000,0.107240,0.172596,16.146309,6.473400,0.021713,0.020319,0.139390,0.000017,0.000000,0.000000,0.000000
0:34:56,3600,100000,0.039919,0.002934,0.019287,0.018449,0.094188,0.009801,0.534078,326.336823,133.387604,0.023007,0.023871,0.416236,0.137464,0.328897,23.697571,5.653467,0.024737,0.022523,0.563690,0.000011,0.000000,0.000000,0.000000
0:35:34,3700,100000,0.036321,0.002088,0.057185,0.018697,0.156248,0.006588,0.523222,210.373352,116.186165,0.023506,0.024463,0.491291,0.144390,0.248913,37.234726,9.631218,0.023569,0.023718,0.854986,0.000027,0.000000,0.000000,0.000000
0:36:12,3800,100000,0.048896,0.001304,0.042708,0.033761,0.102399,0.009308,0.528643,154.690140,106.064568,0.016986,0.016627,0.462994,0.165325,0.266591,29.279825,7.275685,0.017121,0.016283,0.521302,0.000097,0.000000,0.000000,0.000000
0:36:50,3900,100000,0.015539,0.003973,0.015241,0.008206,0.111501,0.009097,0.521979,125.372177,106.488083,0.031676,0.035745,0.469064,0.136596,0.298253,13.180802,19.542776,0.032090,0.034068,0.577862,0.000036,0.000000,0.000000,0.000000
0:37:31,4000,100000,0.015483,0.000363,0.025904,0.005236,0.020732,0.013427,0.502407,242.809189,84.840378,0.054095,0.056445,0.491109,0.116168,0.406044,48.119610,8.397339,0.042871,0.042926,2.750808,0.000030,0.000000,0.000000,0.000000
0:46:29,4100,100000,0.020857,0.000608,0.032701,0.007151,0.093417,0.012669,0.519906,184.173584,176.017960,0.019071,0.021453,0.533892,0.103215,0.313683,26.739538,6.112004,0.025922,0.024213,0.582784,0.000026,0.000000,0.000000,0.000000
0:47:07,4200,100000,0.026803,0.000708,0.030579,0.017296,0.087290,0.006740,0.547696,202.487091,107.341934,0.016363,0.016192,0.421154,0.086962,0.427432,22.681034,10.362082,0.024637,0.023679,1.041138,0.000095,0.000000,0.000000,0.000000
0:47:45,4300,100000,0.060540,0.000454,0.020411,0.036385,0.146811,0.009531,0.485729,267.028290,163.374664,0.012880,0.013432,0.392573,0.105341,0.147835,22.618185,6.046887,0.012267,0.012156,0.992784,0.000028,0.000000,0.000000,0.000000
0:48:24,4400,100000,0.039101,0.000624,0.027320,0.025506,0.058324,0.008741,0.485353,200.437927,77.603256,0.042686,0.042583,0.436913,0.122317,0.324563,18.802437,8.860884,0.031551,0.030636,1.902807,0.000020,0.000000,0.000000,0.000000
0:49:02,4500,100000,0.042851,0.000296,0.022454,0.028766,0.100393,0.016551,0.505491,314.577881,160.204987,0.022570,0.021568,0.510760,0.098372,0.242824,49.736595,12.798720,0.020716,0.020259,0.327469,0.000013,0.000000,0.000000,0.000000
0:49:56,4600,100000,0.018913,0.000757,0.087083,0.015614,0.104106,0.017356,0.500820,79.992050,115.858910,0.029160,0.029478,0.544465,0.097178,0.256210,41.343113,10.337237,0.029899,0.027469,1.933806,0.000064,0.000000,0.000000,0.000000
0:50:34,4700,100000,0.035586,0.001612,0.038172,0.025416,0.114965,0.027767,0.460369,233.367294,129.583939,0.022608,0.022817,0.485086,0.112716,0.256577,40.065697,3.327284,0.021871,0.021518,2.537352,0.000050,0.000000,0.000000,0.000000
0:51:36,4800,100000,0.044145,0.000335,0.014585,0.032465,0.149637,0.015813,0.493856,327.577271,235.317261,0.015223,0.015335,0.538200,0.116703,0.159500,22.660025,6.106668,0.014487,0.014752,0.372274,0.000034,0.000000,0.000000,0.000000
0:52:15,4900,100000,0.041318,0.000793,0.036716,0.029380,0.159183,0.024049,0.502037,222.326523,162.382965,0.016606,0.015764,0.712401,0.097138,0.205844,15.350136,2.798373,0.020191,0.017874,0.589370,0.000469,0.000000,0.000000,0.000000
0:52:53,5000,100000,0.024855,0.000751,0.012334,0.016282,0.192602,0.006355,0.551260,250.421036,174.942245,0.049725,0.050046,0.440023,0.120783,0.161360,29.253365,8.752616,0.041591,0.042127,1.120343,0.000021,0.000000,0.000000,0.000000
0:53:45,5100,100000,0.031535,0.000786,0.020926,0.019129,0.063945,0.007355,0.488232,136.313293,53.863861,0.033098,0.033989,0.416441,0.104849,0.271191,14.212467,6.108208,0.021012,0.021293,5.075401,0.000035,0.000000,0.000000,0.000000
0:54:24,5200,100000,0.038461,0.001382,0.010111,0.027964,0.089238,0.010386,0.511577,116.482819,103.655090,0.059420,0.059544,0.469123,0.098542,0.311310,82.443977,39.392097,0.049305,0.049281,4.345311,0.000029,0.000000,0.000000,0.000000
0:55:01,5300,100000,0.017762,0.000597,0.002190,0.010839,0.001744,0.001622,0.501444,48.716042,19.556942,0.073109,0.076881,0.886924,0.073210,0.485389,51.099838,23.327433,0.114493,0.110527,0.115116,0.000818,0.000000,0.000000,0.000000
0:55:39,5400,100000,0.032661,0.001597,0.187563,0.024423,0.157470,0.004395,0.420762,69.990097,24.530579,0.020224,0.019642,0.594531,0.042998,0.161667,27.362663,12.332265,0.019887,0.021059,0.024625,0.000060,0.000000,0.000000,0.000000
0:56:17,5500,100000,0.021679,0.008460,0.013228,0.015152,0.073382,0.019663,0.523862,52.695484,13.416706,0.019864,0.021581,0.683370,0.027749,0.104207,20.597319,8.937246,0.021979,0.023179,0.045954,0.000070,0.000000,0.000000,0.000000
0:57:11,5600,100000,0.094456,0.050649,0.017853,0.077266,0.105214,0.017525,0.380963,21.583342,18.234892,0.013733,0.017315,0.592608,0.022347,0.173948,9.372402,10.751963,0.014286,0.017847,0.142682,0.000192,0.000000,0.000000,0.000000
0:57:49,5700,100000,0.033745,0.049252,0.007056,0.038233,0.004160,0.031728,0.342610,33.279064,7.003844,0.013336,0.015396,0.665563,0.013966,0.142343,31.068197,10.458335,0.014559,0.016951,0.325446,0.000187,0.000000,0.000000,0.000000
0:58:27,5800,100000,0.076157,0.077064,0.028619,0.075549,0.075176,0.026199,0.255037,15.046309,9.984870,0.014475,0.015673,0.518065,0.007775,0.151096,20.176083,10.406240,0.014716,0.016619,0.083097,0.000124,0.000000,0.000000,0.000000
0:59:05,5900,100000,0.054080,0.126074,0.020557,0.080256,0.072941,0.034048,0.242446,20.017181,13.646865,0.011888,0.013750,0.547288,0.007104,0.176340,17.572071,17.952995,0.012573,0.014639,0.122710,0.000072,0.000000,0.000000,0.000000
1:00:05,6000,100000,0.078383,0.136176,0.019467,0.084619,0.113130,0.037621,0.151352,21.401894,8.333405,0.012936,0.014554,0.453521,0.004994,0.116864,8.340758,10.013161,0.012778,0.014460,0.029488,0.000058,0.000000,0.000000,0.000000
1:09:15,6100,100000,0.107954,0.112016,0.008606,0.100128,0.108607,0.008140,0.169070,36.696735,6.533441,0.011642,0.013990,0.491011,0.005417,0.148568,7.556837,9.754000,0.011554,0.014277,0.038146,0.000029,0.000000,0.000000,0.000000
1:09:53,6200,100000,0.079863,0.031116,0.036037,0.058311,0.039477,0.116361,0.141782,30.846094,8.773297,0.013322,0.015870,0.428800,0.004373,0.085397,26.403885,14.484385,0.012633,0.013378,0.016900,0.000028,0.000000,0.000000,0.000000
1:10:30,6300,100000,0.072732,0.125275,0.026440,0.067011,0.116298,0.020485,0.172055,12.499528,13.362848,0.016651,0.017421,0.450856,0.003580,0.170252,23.392921,17.012152,0.017334,0.017916,0.046419,0.000027,0.000000,0.000000,0.000000
1:11:08,6400,100000,0.073017,0.057363,0.089949,0.052607,0.109234,0.015501,0.203735,14.408553,12.819714,0.014105,0.015944,0.367561,0.003145,0.150350,10.546108,11.335765,0.013827,0.016004,0.041825,0.000010,0.000000,0.000000,0.000000
1:11:46,6500,100000,0.054661,0.088487,0.014223,0.094311,0.024269,0.030413,0.218802,32.848106,15.038801,0.013118,0.015765,0.352738,0.002547,0.100603,14.463614,15.852196,0.012986,0.014596,0.044490,0.000019,0.000000,0.000000,0.000000
1:12:39,6600,100000,0.151021,0.086846,0.019396,0.094035,0.121079,0.012338,0.156431,13.765437,11.709943,0.010653,0.011850,0.435104,0.002952,0.145419,35.102646,7.456889,0.010607,0.011527,0.046334,0.000008,0.000000,0.000000,0.000000
1:13:17,6700,100000,0.123922,0.091216,0.016129,0.101571,0.101890,0.013738,0.180382,22.326868,6.588633,0.012584,0.015097,0.408409,0.002666,0.175164,45.871235,12.637403,0.012717,0.016162,0.066661,0.000024,0.000000,0.000000,0.000000
1:13:54,6800,100000,0.112203,0.104672,0.010477,0.109975,0.097519,0.012419,0.159838,21.490696,12.688862,0.009236,0.010544,0.376209,0.002388,0.149098,11.769481,7.128400,0.009535,0.011326,0.043020,0.000005,0.000000,0.000000,0.000000
1:14:32,6900,100000,0.119847,0.091263,0.008161,0.108837,0.082795,0.008850,0.197905,27.919024,3.491164,0.009792,0.011816,0.415907,0.002653,0.177790,14.612057,13.020812,0.009747,0.012725,0.040278,0.000009,0.000000,0.000000,0.000000
1:15:10,7000,100000,0.114771,0.057913,0.021298,0.086733,0.073259,0.018572,0.272737,49.591251,11.877604,0.011636,0.013967,0.331198,0.001987,0.225592,19.405167,16.704014,0.011448,0.014011,0.012820,0.000008,0.000000,0.000000,0.000000
1:16:03,7100,100000,0.110882,0.120247,0.029515,0.087087,0.112560,0.024061,0.167420,25.251890,9.423389,0.012435,0.013716,0.348807,0.002117,0.138798,30.264767,10.279426,0.012324,0.013100,0.035628,0.000009,0.000000,0.000000,0.000000
1:17:03,7200,100000,0.103544,0.117611,0.021608,0.078614,0.111956,0.017566,0.167600,35.965664,11.544508,0.011159,0.012473,0.402978,0.002037,0.144770,13.049335,12.061977,0.011187,0.012651,0.022854,0.000007,0.000000,0.000000,0.000000
1:17:41,7300,100000,0.071786,0.085908,0.030283,0.045754,0.048624,0.046537,0.271551,23.211529,8.280453,0.014302,0.016151,0.330757,0.001774,0.164810,26.339771,12.351756,0.013522,0.015490,0.058979,0.000005,0.000000,0.000000,0.000000
1:18:19,7400,100000,0.096089,0.107823,0.043113,0.047606,0.131992,0.018306,0.218325,12.339773,14.781902,0.013880,0.015839,0.365650,0.001540,0.183459,25.445522,11.805139,0.013788,0.015550,0.040009,0.000007,0.000000,0.000000,0.000000
1:18:57,7500,100000,0.120318,0.088269,0.043234,0.072091,0.140243,0.024415,0.191420,18.824202,18.640507,0.012126,0.013343,0.311253,0.001823,0.177830,6.826246,17.684555,0.012072,0.012685,0.024978,0.000013,0.000000,0.000000,0.000000
1:19:52,7600,100000,0.102825,0.099667,0.024146,0.080310,0.093866,0.027673,0.178356,16.443314,9.820744,0.010839,0.012415,0.346069,0.001292,0.160987,16.780613,9.440687,0.010881,0.012534,0.019632,0.000003,0.000000,0.000000,0.000000
1:20:29,7700,100000,0.095367,0.100536,0.020011,0.092384,0.081796,0.020023,0.191489,22.929649,17.372568,0.014169,0.014956,0.336704,0.001426,0.184707,8.824299,17.698452,0.014129,0.014604,0.014343,0.000007,0.000000,0.000000,0.000000
1:21:07,7800,100000,0.104962,0.087277,0.027893,0.080636,0.107361,0.020506,0.189199,12.938566,10.232567,0.012777,0.013573,0.360720,0.001568,0.171474,12.482677,10.461850,0.012706,0.013182,0.002012,0.000005,0.000000,0.000000,0.000000
1:21:45,7900,100000,0.118084,0.082995,0.020677,0.091762,0.098011,0.017965,0.190630,13.411036,16.900236,0.011724,0.012569,0.287450,0.001357,0.176003,15.528000,15.374578,0.011566,0.012770,0.012146,0.000006,0.000000,0.000000,0.000000
1:22:22,8000,100000,0.130247,0.075509,0.031024,0.067113,0.127690,0.017167,0.186222,6.905146,14.554571,0.013574,0.014558,0.334031,0.001487,0.174841,5.949192,14.573545,0.013410,0.014221,0.010353,0.000005,0.000000,0.000000,0.000000
1:31:42,8100,100000,0.102263,0.098811,0.020202,0.087729,0.108263,0.019556,0.166192,17.441620,8.995932,0.013055,0.014285,0.303165,0.001602,0.157589,6.796785,16.580606,0.013027,0.014182,0.012323,0.000009,0.000000,0.000000,0.000000
1:32:20,8200,100000,0.126321,0.166653,0.027275,0.072164,0.148272,0.008533,0.168699,34.559948,6.636184,0.012494,0.014021,0.278997,0.001175,0.165140,15.993309,7.393170,0.012350,0.013871,0.019243,0.000005,0.000000,0.000000,0.000000
1:32:59,8300,100000,0.089525,0.093792,0.023436,0.094673,0.085620,0.025324,0.180991,16.915024,13.376179,0.013716,0.014431,0.262417,0.001253,0.173192,23.441105,17.470507,0.013677,0.014227,0.003880,0.000009,0.000000,0.000000,0.000000
1:34:01,8400,100000,0.077624,0.093225,0.038211,0.049943,0.079052,0.023293,0.228479,9.363086,5.979089,0.017142,0.017576,0.314531,0.001384,0.218594,8.847411,7.383589,0.017068,0.017567,0.004215,0.000004,0.000000,0.000000,0.000000
1:34:39,8500,100000,0.110498,0.055394,0.041946,0.032672,0.156151,0.012599,0.228874,11.457276,20.444223,0.016923,0.017120,0.308676,0.001260,0.227693,14.957205,12.716150,0.016895,0.017136,0.001430,0.000004,0.000000,0.000000,0.000000
1:35:34,8600,100000,0.078837,0.142371,0.012496,0.128655,0.067748,0.019720,0.145977,11.704751,12.826762,0.010275,0.011026,0.319004,0.001387,0.144016,6.529235,18.042612,0.010218,0.011134,0.015031,0.000007,0.000000,0.000000,0.000000
1:36:13,8700,100000,0.095301,0.100645,0.026837,0.101932,0.066991,0.029087,0.191118,29.027145,12.048225,0.013748,0.014627,0.282552,0.001285,0.184101,16.852943,16.193363,0.013798,0.014748,0.005758,0.000008,0.000000,0.000000,0.000000
1:36:51,8800,100000,0.093535,0.139100,0.028944,0.076477,0.126083,0.022711,0.157676,15.829847,9.957992,0.013081,0.014104,0.259275,0.001138,0.153608,5.398667,16.819069,0.013033,0.013888,0.003464,0.000007,0.000000,0.000000,0.000000
1:37:30,8900,100000,0.108639,0.081821,0.016268,0.109241,0.074892,0.019621,0.198873,18.096891,10.325136,0.012504,0.012942,0.287398,0.001281,0.199766,11.216932,19.053707,0.012262,0.012557,0.002592,0.000012,0.000000,0.000000,0.000000
1:38:08,9000,100000,0.083060,0.136405,0.010260,0.098650,0.106395,0.014539,0.156432,12.520903,11.578888,0.013038,0.013848,0.254271,0.001102,0.154266,11.805571,14.197868,0.012983,0.013624,0.004775,0.000017,0.000000,0.000000,0.000000
1:39:03,9100,100000,0.107041,0.108523,0.033431,0.064816,0.132804,0.025865,0.170430,15.701975,16.602255,0.014803,0.015806,0.283282,0.001273,0.166531,7.842823,10.539831,0.014658,0.015329,0.003945,0.000027,0.000000,0.000000,0.000000
1:39:41,9200,100000,0.088073,0.109539,0.024392,0.079805,0.110932,0.025730,0.145894,17.296839,13.020745,0.012714,0.013656,0.273979,0.000982,0.133242,8.652187,13.236052,0.012659,0.013747,0.012696,0.000030,0.000000,0.000000,0.000000
1:40:19,9300,100000,0.108235,0.114461,0.018878,0.153542,0.056370,0.024130,0.141523,13.006471,14.436945,0.012043,0.012676,0.246003,0.001161,0.137621,18.983166,12.518751,0.011815,0.012588,0.007470,0.000035,0.000000,0.000000,0.000000
1:40:57,9400,100000,0.073698,0.112768,0.030959,0.086465,0.092634,0.032896,0.154749,24.955339,15.108224,0.015210,0.016237,0.266779,0.001176,0.142737,22.158079,10.692657,0.015173,0.015925,0.009159,0.000052,0.000000,0.000000,0.000000
1:41:35,9500,100000,0.093136,0.084587,0.008423,0.102989,0.053855,0.012631,0.193962,18.909817,14.021546,0.012696,0.013524,0.227618,0.001142,0.190475,10.845081,15.411466,0.012610,0.012891,0.006433,0.000046,0.000000,0.000000,0.000000
1:42:51,9600,100000,0.112066,0.124755,0.013090,0.120435,0.096345,0.007593,0.176953,8.711222,11.333881,0.008170,0.008770,0.250427,0.001069,0.174157,20.209267,8.990377,0.008202,0.009468,0.007008,0.000060,0.000000,0.000000,0.000000
1:43:29,9700,100000,0.106567,0.059117,0.020865,0.054657,0.119179,0.011841,0.331092,13.098707,17.825724,0.011522,0.012307,0.182023,0.001117,0.328341,19.456934,11.944405,0.011449,0.012321,0.018092,0.000065,0.000000,0.000000,0.000000
1:44:07,9800,100000,0.073948,0.111618,0.030030,0.072344,0.090052,0.023832,0.216992,41.519028,12.456441,0.014599,0.015709,0.234349,0.000952,0.191964,30.128214,12.868039,0.014127,0.015159,0.021763,0.000147,0.000000,0.000000,0.000000
1:44:45,9900,100000,0.067361,0.115128,0.029770,0.064416,0.094901,0.030162,0.161000,33.353420,10.140539,0.016154,0.017077,0.270839,0.001012,0.143102,16.368879,13.404672,0.015935,0.016842,0.007477,0.000141,0.000000,0.000000,0.000000
1:45:23,10000,100000,0.134281,0.100859,0.024951,0.085665,0.140700,0.017964,0.142634,11.507483,13.621849,0.011910,0.012444,0.223248,0.001256,0.140560,12.443224,11.820578,0.011833,0.012489,0.010493,0.000114,0.000000,0.000000,0.000000
1:54:52,10100,100000,0.074136,0.095562,0.020011,0.084107,0.069704,0.021091,0.212908,16.858850,14.724367,0.015178,0.015517,0.229925,0.001235,0.213803,14.816451,20.993467,0.015063,0.015521,0.009224,0.000110,0.000000,0.000000,0.000000
1:55:30,10200,100000,0.085740,0.097628,0.020449,0.097698,0.080092,0.021336,0.187075,17.511757,14.763725,0.014033,0.014928,0.250458,0.001613,0.180960,21.078184,9.126965,0.013962,0.015118,0.008695,0.000098,0.000000,0.000000,0.000000
1:56:08,10300,100000,0.091954,0.089928,0.027798,0.075573,0.102300,0.022632,0.164556,10.725348,11.070266,0.014490,0.015136,0.241293,0.001080,0.160915,19.154358,9.641114,0.014402,0.014904,0.009267,0.000059,0.000000,0.000000,0.000000
1:56:46,10400,100000,0.108911,0.088494,0.035218,0.068321,0.121340,0.023814,0.185662,14.727229,15.319226,0.014113,0.014727,0.198826,0.001020,0.179932,14.384004,15.941112,0.014008,0.014791,0.020441,0.000120,0.000000,0.000000,0.000000
1:57:24,10500,100000,0.088837,0.104123,0.030289,0.080889,0.102340,0.025869,0.177212,14.259891,15.062848,0.012862,0.013216,0.199134,0.000941,0.173467,10.385987,14.332773,0.012752,0.013666,0.016041,0.000139,0.000000,0.000000,0.000000
1:58:17,10600,100000,0.106060,0.092719,0.028221,0.090570,0.101235,0.023365,0.174554,19.850607,13.696336,0.013138,0.014247,0.217518,0.001065,0.156327,21.695154,11.338490,0.012986,0.014085,0.007349,0.000146,0.000000,0.000000,0.000000
1:58:55,10700,100000,0.056411,0.171241,0.020650,0.086888,0.119878,0.027247,0.126223,3.967776,12.895844,0.011341,0.012187,0.217862,0.001001,0.119889,10.533278,5.738569,0.011265,0.012387,0.018511,0.000106,0.000000,0.000000,0.000000
1:59:58,10800,100000,0.094240,0.091449,0.019742,0.095180,0.084549,0.017985,0.174674,7.635689,14.541241,0.011344,0.011898,0.184411,0.001071,0.172155,11.038135,10.576737,0.011254,0.012178,0.010307,0.000105,0.000000,0.000000,0.000000
2:00:36,10900,100000,0.113842,0.100205,0.029359,0.081499,0.116044,0.021585,0.179875,19.940203,14.078979,0.011612,0.012765,0.224279,0.001261,0.179780,15.418589,13.375848,0.011565,0.012530,0.016396,0.000132,0.000000,0.000000,0.000000
2:01:14,11000,100000,0.082718,0.110904,0.029178,0.096634,0.076988,0.015825,0.207129,6.159205,16.180714,0.011502,0.012276,0.204854,0.001042,0.204314,20.809547,12.553573,0.011422,0.012165,0.017577,0.000234,0.000000,0.000000,0.000000
2:02:07,11100,100000,0.074096,0.089030,0.022330,0.070827,0.086387,0.021178,0.213553,10.387001,8.993627,0.012500,0.014195,0.205844,0.001043,0.209634,18.103539,16.709618,0.012307,0.013209,0.009795,0.000189,0.000000,0.000000,0.000000
2:02:45,11200,100000,0.115002,0.100141,0.012565,0.120383,0.085335,0.013367,0.182746,16.764622,14.008449,0.009949,0.010891,0.215487,0.001004,0.181280,20.530701,13.993878,0.009901,0.010977,0.008075,0.000073,0.000000,0.000000,0.000000
2:03:24,11300,100000,0.089467,0.119362,0.034373,0.068511,0.121670,0.022063,0.138079,9.070485,7.008204,0.012629,0.013104,0.196470,0.000896,0.134917,18.311171,4.536336,0.012615,0.013141,0.011172,0.000083,0.000000,0.000000,0.000000
2:04:02,11400,100000,0.097290,0.117420,0.031562,0.076144,0.127599,0.022941,0.142803,20.057922,8.354995,0.013645,0.014589,0.197338,0.000970,0.140366,11.117759,11.337628,0.013598,0.014346,0.018709,0.000098,0.000000,0.000000,0.000000
2:04:40,11500,100000,0.105466,0.101915,0.022020,0.095267,0.106967,0.015944,0.159244,18.767637,11.885315,0.010963,0.011521,0.204453,0.000891,0.154241,7.869851,7.361758,0.010906,0.011503,0.029834,0.000095,0.000000,0.000000,0.000000
2:05:34,11600,100000,0.155678,0.082490,0.013099,0.118918,0.104352,0.012661,0.168985,9.837516,9.137980,0.010140,0.010960,0.178959,0.001079,0.166314,10.823883,12.862071,0.010151,0.011605,0.006652,0.000125,0.000000,0.000000,0.000000
2:06:12,11700,100000,0.120556,0.090068,0.016650,0.098940,0.101997,0.015161,0.172498,12.684038,14.738688,0.012194,0.012839,0.221985,0.000769,0.166690,25.436316,9.009335,0.012030,0.012302,0.008426,0.000225,0.000000,0.000000,0.000000
2:06:50,11800,100000,0.088553,0.109154,0.030774,0.063760,0.111246,0.019348,0.161652,21.247448,7.811869,0.014228,0.014489,0.225534,0.000979,0.160561,13.799047,13.159010,0.014092,0.014199,0.022382,0.000213,0.000000,0.000000,0.000000
2:07:28,11900,100000,0.123841,0.081677,0.027867,0.105139,0.099599,0.020853,0.193369,13.528886,18.102167,0.011045,0.011269,0.180632,0.000849,0.191428,17.163425,14.521378,0.010967,0.011472,0.013033,0.000187,0.000000,0.000000,0.000000
2:08:31,12000,100000,0.092948,0.080224,0.024838,0.088274,0.077014,0.025634,0.195377,25.494398,16.992939,0.014352,0.014813,0.184093,0.000890,0.187634,17.494360,14.093526,0.013911,0.014560,0.007011,0.000189,0.000000,0.000000,0.000000
2:17:59,12100,100000,0.117731,0.112755,0.038142,0.086846,0.128427,0.022175,0.156816,14.148201,15.417640,0.010415,0.010461,0.159691,0.001017,0.153096,11.390250,16.113871,0.010347,0.010429,0.051668,0.000257,0.000000,0.000000,0.000000
2:18:37,12200,100000,0.114331,0.083284,0.022900,0.102849,0.083906,0.020383,0.196843,18.818581,10.094521,0.011726,0.011808,0.196170,0.000883,0.196614,18.835388,9.507392,0.011665,0.011897,0.017137,0.000206,0.000000,0.000000,0.000000
2:19:15,12300,100000,0.093639,0.097826,0.020090,0.097476,0.088761,0.022645,0.190180,11.937225,17.010965,0.012802,0.013019,0.160552,0.000864,0.188697,7.335686,19.275728,0.012719,0.013074,0.019095,0.000309,0.000000,0.000000,0.000000
2:19:53,12400,100000,0.113179,0.089302,0.034938,0.060332,0.121726,0.021431,0.164029,18.350986,12.750784,0.015090,0.015449,0.171875,0.000992,0.161982,7.631848,17.296080,0.015022,0.015634,0.007023,0.000125,0.000000,0.000000,0.000000
2:20:31,12500,100000,0.115454,0.114668,0.016923,0.096734,0.119300,0.017163,0.155865,15.811205,12.984368,0.011110,0.011340,0.167507,0.000813,0.151341,16.349791,11.014164,0.010990,0.011418,0.003193,0.000108,0.000000,0.000000,0.000000
2:21:24,12600,100000,0.116070,0.109570,0.029122,0.085734,0.119318,0.025235,0.164496,14.114554,13.021118,0.012170,0.012594,0.146435,0.000653,0.162897,14.066311,10.179955,0.012091,0.012764,0.004338,0.000076,0.000000,0.000000,0.000000
2:22:02,12700,100000,0.114145,0.081328,0.021297,0.103105,0.085047,0.018428,0.198297,7.677732,14.521244,0.010035,0.010375,0.153992,0.000905,0.194530,9.890815,12.787390,0.010035,0.010669,0.010575,0.000160,0.000000,0.000000,0.000000
2:22:41,12800,100000,0.113840,0.090166,0.018131,0.112842,0.083165,0.019324,0.177851,6.306173,13.885802,0.011692,0.012224,0.168389,0.000819,0.172736,14.604323,8.854524,0.011580,0.012284,0.024946,0.000135,0.000000,0.000000,0.000000
2:23:19,12900,100000,0.138969,0.096937,0.010828,0.135242,0.070924,0.010350,0.222611,23.474249,16.363544,0.009129,0.009617,0.170626,0.000915,0.218912,16.116322,11.820628,0.009029,0.009555,0.008528,0.000214,0.000000,0.000000,0.000000
2:23:57,13000,100000,0.108833,0.110864,0.012523,0.109754,0.095912,0.012526,0.167196,14.750517,9.775254,0.011864,0.012599,0.178833,0.001022,0.161002,15.624311,13.645101,0.011617,0.011856,0.018237,0.000237,0.000000,0.000000,0.000000
2:24:50,13100,100000,0.108179,0.086014,0.012406,0.109132,0.065095,0.014115,0.232018,13.871311,10.744664,0.010181,0.010441,0.187589,0.001122,0.232047,5.381907,15.862402,0.010073,0.010602,0.003115,0.000147,0.000000,0.000000,0.000000
2:25:53,13200,100000,0.090141,0.136076,0.028403,0.102629,0.106295,0.021215,0.148912,5.573039,10.609579,0.011612,0.012080,0.175428,0.001071,0.135042,10.193913,8.787849,0.011351,0.011859,0.008162,0.000152,0.000000,0.000000,0.000000
2:26:31,13300,100000,0.130293,0.129237,0.009756,0.127759,0.101839,0.011652,0.164169,11.790489,11.120293,0.011152,0.011332,0.177875,0.000976,0.161507,5.813571,12.035863,0.011306,0.011260,0.049188,0.000177,0.000000,0.000000,0.000000
2:27:09,13400,100000,0.084643,0.127467,0.019975,0.085325,0.112708,0.022121,0.147052,9.521613,10.194969,0.012993,0.013382,0.160269,0.001035,0.138833,9.115245,11.543171,0.012821,0.013039,0.016955,0.000257,0.000000,0.000000,0.000000
2:27:46,13500,100000,0.094516,0.105155,0.012078,0.095829,0.075880,0.013764,0.230513,8.725829,8.750393,0.008367,0.009410,0.164458,0.001261,0.228523,4.603893,11.298846,0.008405,0.009830,0.006672,0.000325,0.000000,0.000000,0.000000
2:28:39,13600,100000,0.080867,0.114834,0.009998,0.119208,0.053108,0.018645,0.203942,13.098297,15.002249,0.014448,0.014363,0.173754,0.001171,0.204244,6.260585,16.047680,0.014400,0.014430,0.009037,0.000215,0.000000,0.000000,0.000000
2:29:16,13700,100000,0.072087,0.105622,0.022091,0.068371,0.102463,0.021349,0.168829,7.556613,8.225705,0.011952,0.012346,0.157996,0.000836,0.165650,11.354088,8.099148,0.011839,0.012360,0.007947,0.000279,0.000000,0.000000,0.000000
2:29:54,13800,100000,0.095583,0.102721,0.020752,0.087577,0.105763,0.021268,0.161661,5.631830,16.847225,0.012936,0.013266,0.152841,0.000939,0.159036,8.155242,11.479326,0.012879,0.013233,0.024386,0.000253,0.000000,0.000000,0.000000
2:30:32,13900,100000,0.095575,0.148259,0.020222,0.088915,0.129212,0.017847,0.131147,12.038115,7.656166,0.011617,0.012132,0.136826,0.000870,0.128725,13.942388,9.846718,0.011462,0.011693,0.006095,0.000200,0.000000,0.000000,0.000000
2:31:11,14000,100000,0.071677,0.105230,0.016240,0.086451,0.075169,0.017777,0.202294,4.469068,12.914602,0.012053,0.012706,0.147300,0.000902,0.196946,20.387819,10.475282,0.011841,0.012381,0.006852,0.000144,0.000000,0.000000,0.000000
2:40:40,14100,100000,0.097244,0.097723,0.025121,0.088244,0.098575,0.028657,0.175379,23.127193,11.500955,0.013352,0.013807,0.131481,0.000888,0.174821,5.544427,15.675616,0.013210,0.013587,0.007483,0.000174,0.000000,0.000000,0.000000
2:41:18,14200,100000,0.081564,0.086480,0.031249,0.080995,0.077273,0.031380,0.211129,8.480453,16.455164,0.013671,0.014016,0.156181,0.000915,0.208875,15.488607,10.108877,0.013511,0.014054,0.012217,0.000172,0.000000,0.000000,0.000000
2:42:18,14300,100000,0.086043,0.143656,0.017527,0.088012,0.130262,0.018273,0.137961,19.837910,5.838991,0.010387,0.010950,0.169797,0.001050,0.135925,10.015370,11.139238,0.009916,0.010685,0.005593,0.000263,0.000000,0.000000,0.000000
2:42:56,14400,100000,0.095599,0.111357,0.019836,0.083629,0.115466,0.016606,0.141294,9.814785,6.062800,0.013219,0.013093,0.134646,0.000928,0.139945,11.870890,5.633147,0.013012,0.012901,0.002944,0.000122,0.000000,0.000000,0.000000
2:43:34,14500,100000,0.110639,0.104720,0.022530,0.096143,0.110882,0.020820,0.152163,13.795073,4.996307,0.011054,0.011381,0.141265,0.000806,0.143015,2.157080,14.212469,0.010896,0.011398,0.017041,0.000148,0.000000,0.000000,0.000000
2:44:28,14600,100000,0.103659,0.075321,0.032616,0.080163,0.089133,0.026877,0.205727,8.571400,12.331461,0.012652,0.013056,0.151908,0.000931,0.202568,9.772864,11.860571,0.012573,0.012785,0.002744,0.000210,0.000000,0.000000,0.000000
2:45:05,14700,100000,0.100865,0.112097,0.007792,0.108018,0.097074,0.008800,0.178946,10.344238,13.228081,0.009808,0.010303,0.152806,0.001010,0.173935,19.566133,6.532460,0.009733,0.010334,0.016893,0.000191,0.000000,0.000000,0.000000
2:45:43,14800,100000,0.090578,0.112430,0.010016,0.092502,0.102181,0.012556,0.169012,16.932423,6.817458,0.009422,0.009727,0.132575,0.000824,0.164129,5.101090,9.434094,0.009385,0.009940,0.010977,0.000182,0.000000,0.000000,0.000000
2:46:20,14900,100000,0.090691,0.126263,0.013026,0.089554,0.122371,0.012852,0.137840,14.004029,4.822285,0.009705,0.010185,0.137017,0.000907,0.135976,7.498466,8.053332,0.009578,0.010374,0.011145,0.000158,0.000000,0.000000,0.000000
2:46:57,15000,100000,0.115868,0.078238,0.018904,0.113149,0.076780,0.018779,0.195503,3.502820,11.570761,0.009638,0.010303,0.122330,0.000936,0.193586,5.043736,10.778032,0.009520,0.010111,0.004232,0.000097,0.000000,0.000000,0.000000
2:47:50,15100,100000,0.100727,0.082149,0.024611,0.094115,0.073113,0.022392,0.237040,15.278240,9.312727,0.010397,0.011596,0.147597,0.000964,0.213258,6.722538,11.397119,0.010170,0.010324,0.010823,0.000298,0.000000,0.001980,0.000000
2:48:27,15200,100000,0.113851,0.097529,0.029917,0.099173,0.110543,0.023413,0.158259,16.776474,10.094390,0.011160,0.011030,0.137138,0.000981,0.157862,31.327127,9.681702,0.011255,0.011986,0.018758,0.000229,0.000000,0.003980,0.000000
2:49:05,15300,100000,0.135242,0.098852,0.014448,0.094839,0.115615,0.013039,0.143125,29.184145,5.608651,0.010808,0.011927,0.141170,0.001237,0.138589,22.816010,3.881689,0.010397,0.010806,0.059180,0.000104,0.000000,0.005980,0.000000
2:49:43,15400,100000,0.115913,0.086752,0.017937,0.103747,0.092964,0.017533,0.172394,10.280746,7.171144,0.010586,0.011100,0.137052,0.001073,0.164586,26.404526,6.404701,0.010335,0.010738,0.041251,0.000348,0.000000,0.007980,0.000000
2:50:43,15500,100000,0.090248,0.079401,0.021905,0.084881,0.073661,0.025222,0.215011,25.306477,7.450991,0.011865,0.012247,0.119738,0.001333,0.204929,19.028095,6.910421,0.011469,0.011703,0.041163,0.000605,0.000000,0.009980,0.000000
2:51:37,15600,100000,0.104754,0.095935,0.015248,0.108106,0.072291,0.016427,0.215469,14.519983,10.581641,0.011126,0.011796,0.149642,0.001012,0.214973,2.197463,9.345753,0.011160,0.012148,0.042589,0.000422,0.000000,0.011980,0.000000
2:52:15,15700,100000,0.081543,0.099057,0.022835,0.094883,0.077346,0.026993,0.174854,6.007913,6.987164,0.014148,0.014783,0.131609,0.001125,0.166788,2.068863,7.455617,0.014051,0.014103,0.072297,0.000235,0.000000,0.013980,0.000000
2:52:53,15800,100000,0.116026,0.093587,0.023312,0.099299,0.103920,0.020584,0.155293,26.698458,5.516547,0.012789,0.013782,0.144478,0.001146,0.152477,19.049963,7.194676,0.012468,0.013115,0.083453,0.000184,0.000000,0.015980,0.000000
2:53:31,15900,100000,0.090566,0.120792,0.026359,0.091109,0.084613,0.024450,0.192008,11.476676,4.456849,0.013431,0.013659,0.132814,0.001291,0.191441,9.360744,9.271070,0.013257,0.013436,0.171685,0.000433,0.000000,0.017980,0.000000
2:54:09,16000,100000,0.116338,0.094095,0.021901,0.099968,0.109628,0.019420,0.157547,23.187706,4.975473,0.010834,0.011405,0.113804,0.001192,0.150023,13.945673,6.023016,0.010451,0.011076,0.040464,0.000345,0.000000,0.019980,0.000000
3:03:27,16100,100000,0.118238,0.108751,0.043682,0.067226,0.118179,0.019865,0.165165,5.675899,2.559907,0.014747,0.015106,0.121930,0.001278,0.156081,4.522276,11.528740,0.014628,0.014783,0.117804,0.000582,0.000000,0.021980,0.000000
3:04:04,16200,100000,0.096785,0.093494,0.022463,0.096966,0.096887,0.024138,0.169477,34.140640,3.780735,0.012385,0.012892,0.115551,0.001324,0.153400,5.599913,5.804470,0.012090,0.012614,0.303996,0.000360,0.000000,0.023980,0.000000
3:04:43,16300,100000,0.082604,0.109402,0.012065,0.093189,0.101290,0.014373,0.185010,6.312933,4.261451,0.010558,0.011528,0.119389,0.001513,0.165230,8.303898,3.856434,0.010103,0.010693,0.549471,0.000250,0.000000,0.025980,0.000000
3:05:21,16400,100000,0.077023,0.121717,0.026713,0.092733,0.095953,0.028112,0.169663,15.481564,5.937761,0.014771,0.015234,0.136724,0.001254,0.157034,15.870617,10.643227,0.014458,0.014903,0.059288,0.000271,0.000000,0.027980,0.000000
3:05:58,16500,100000,0.112424,0.075037,0.018949,0.101935,0.090573,0.018573,0.239569,3.487936,8.285238,0.009814,0.010579,0.110679,0.001411,0.193720,9.861355,7.922636,0.009527,0.010040,0.537220,0.000313,0.000000,0.029980,0.000000
3:06:53,16600,100000,0.112039,0.083035,0.042917,0.070976,0.118763,0.031592,0.164170,5.749050,6.435259,0.013777,0.014103,0.110600,0.001227,0.154730,2.022881,5.055255,0.013604,0.013714,0.706787,0.000176,0.000000,0.031980,0.000000
3:07:54,16700,100000,0.085716,0.095677,0.032898,0.072606,0.115550,0.033389,0.176947,6.066058,8.142934,0.014667,0.014801,0.125204,0.001333,0.154817,3.289193,7.553085,0.014479,0.014577,0.084667,0.000397,0.000000,0.033980,0.000000
3:08:33,16800,100000,0.102282,0.093227,0.021195,0.088309,0.117740,0.019021,0.176954,3.704926,5.229603,0.008623,0.008935,0.133528,0.001571,0.152846,4.324348,8.724177,0.008603,0.008823,0.153801,0.000256,0.000000,0.035980,0.000000
3:09:11,16900,100000,0.104178,0.092702,0.022135,0.086332,0.110393,0.021784,0.179685,4.820004,6.825079,0.012253,0.012558,0.105251,0.001278,0.160284,2.834444,6.171683,0.011943,0.012254,0.248819,0.000210,0.000000,0.037980,0.000000
3:09:49,17000,100000,0.095012,0.064948,0.028087,0.091348,0.062997,0.033476,0.257126,2.758908,7.103353,0.013398,0.014068,0.130892,0.001285,0.213412,2.041605,11.478249,0.012987,0.013497,0.530765,0.000241,0.000000,0.039980,0.000000
3:10:42,17100,100000,0.119411,0.079262,0.034229,0.080622,0.124841,0.025361,0.168458,0.609599,4.130774,0.011985,0.012692,0.128043,0.001311,0.144613,5.759152,7.028589,0.011828,0.012199,0.594773,0.000117,0.000000,0.041980,0.000000
3:11:20,17200,100000,0.091084,0.078312,0.033681,0.066984,0.104271,0.021166,0.192618,7.658351,6.984801,0.014845,0.016230,0.156974,0.001176,0.182129,11.533349,6.750254,0.014163,0.014917,0.927836,0.001276,0.000000,0.043980,0.000000
3:11:58,17300,100000,0.101048,0.093161,0.020004,0.082554,0.112238,0.018397,0.180742,5.912032,4.031890,0.010952,0.011614,0.136263,0.001229,0.151912,8.053276,6.059395,0.010847,0.011405,0.411218,0.000286,0.000000,0.045980,0.000000
3:12:36,17400,100000,0.126408,0.114108,0.011246,0.106520,0.131992,0.009976,0.167064,3.202484,6.041660,0.007313,0.007465,0.113216,0.001131,0.139198,2.088507,6.256917,0.007304,0.007496,0.131369,0.000184,0.000000,0.047980,0.000000
3:13:14,17500,100000,0.110855,0.068158,0.023903,0.098834,0.098835,0.019793,0.217818,8.435195,5.479822,0.010481,0.011289,0.123051,0.001359,0.172149,0.840702,6.112816,0.009780,0.010889,0.291230,0.000164,0.000000,0.049980,0.000000
3:14:08,17600,100000,0.085636,0.096181,0.021405,0.087993,0.107925,0.026423,0.185865,3.827028,4.600549,0.011974,0.012640,0.119898,0.001139,0.155051,3.661736,4.705438,0.011607,0.012129,0.119717,0.000210,0.000000,0.051980,0.000000
3:14:46,17700,100000,0.075048,0.098633,0.033048,0.071777,0.103105,0.038562,0.175359,4.239068,4.412526,0.014747,0.015356,0.116881,0.001157,0.150815,2.067055,4.930006,0.014602,0.014803,0.500628,0.000178,0.000000,0.053980,0.000000
3:15:24,17800,100000,0.087652,0.079245,0.037541,0.082615,0.116600,0.036300,0.191355,8.174494,6.532460,0.013468,0.013778,0.117661,0.001051,0.139126,2.309804,7.234509,0.013656,0.013041,0.087300,0.000104,0.000000,0.055980,0.000000
3:16:27,17900,100000,0.085808,0.078379,0.031413,0.070514,0.128521,0.026706,0.215008,0.471071,6.696500,0.014282,0.014453,0.106935,0.001213,0.157132,0.737759,6.418262,0.014216,0.014094,0.044877,0.000103,0.000000,0.057980,0.000000
3:17:05,18000,100000,0.078768,0.068391,0.040139,0.080692,0.078247,0.034351,0.225546,1.308609,8.778105,0.012595,0.012779,0.132998,0.001188,0.187486,3.931936,10.032576,0.012550,0.012701,0.735935,0.000723,0.000000,0.059980,0.000000
0:01:04,18100,100000,0.080931,0.100367,0.038130,0.078887,0.124491,0.021336,0.172355,1.085917,7.188242,0.011859,0.012517,0.137638,0.001266,0.148748,1.788529,4.175828,0.011741,0.012113,0.230438,0.000128,0.000000,0.061980,0.000000
0:01:41,18200,100000,0.101100,0.098858,0.017827,0.103164,0.096006,0.017728,0.189287,0.746023,6.407194,0.011057,0.011474,0.139723,0.001644,0.163781,5.048837,8.960940,0.010783,0.010745,0.633278,0.000096,0.000000,0.063980,0.000000
0:02:17,18300,100000,0.079785,0.093200,0.024502,0.088010,0.094728,0.024822,0.227563,4.646857,8.231217,0.010423,0.011373,0.120020,0.001440,0.171703,1.554575,10.361298,0.010131,0.010553,0.407020,0.000130,0.000000,0.065980,0.000000
0:02:53,18400,100000,0.119606,0.067440,0.021580,0.099533,0.112247,0.019890,0.198318,0.903165,6.236804,0.008485,0.009210,0.118468,0.001198,0.152459,1.099980,1.572119,0.008597,0.008371,0.246167,0.000143,0.000000,0.067980,0.000000
0:03:29,18500,100000,0.128314,0.076225,0.028728,0.093192,0.112831,0.017218,0.180489,1.534347,5.484322,0.012418,0.012828,0.134815,0.001232,0.152663,2.282802,9.835223,0.011868,0.012188,0.102295,0.000397,0.000000,0.069980,0.000000
0:04:20,18600,100000,0.093530,0.091879,0.024399,0.097961,0.105442,0.027772,0.195774,5.075973,6.347572,0.011547,0.011592,0.141140,0.001623,0.154964,2.308403,5.279224,0.010777,0.010852,0.121308,0.000237,0.000000,0.071980,0.000000
0:04:57,18700,100000,0.115339,0.085294,0.017890,0.086640,0.108891,0.021071,0.189937,0.880063,8.891886,0.013289,0.013394,0.135822,0.001540,0.153344,3.500567,0.346735,0.012726,0.012515,0.147428,0.000127,0.000000,0.073980,0.000000
0:05:34,18800,100000,0.102590,0.105478,0.031073,0.073831,0.140889,0.021406,0.164579,7.033598,10.773072,0.012698,0.013648,0.517160,0.001061,0.143354,1.817309,4.802952,0.012871,0.013052,0.956322,0.000262,0.000000,0.075980,0.000000
0:06:11,18900,100000,0.100563,0.096930,0.023726,0.077994,0.119172,0.023798,0.178630,2.456846,6.093619,0.013085,0.013432,0.109545,0.001354,0.133312,1.354903,4.437044,0.012658,0.012453,0.484793,0.000133,0.000000,0.077980,0.000000
0:06:48,19000,100000,0.096541,0.077712,0.021663,0.087084,0.094849,0.028722,0.195243,3.552122,8.147277,0.012136,0.012796,0.125108,0.001388,0.156022,8.033746,4.196196,0.011308,0.011723,1.105771,0.000181,0.000000,0.079980,0.000000
0:07:41,19100,100000,0.100681,0.065089,0.021235,0.088779,0.086079,0.025146,0.220771,2.578984,11.397538,0.011435,0.011766,0.110193,0.001148,0.178875,4.054224,5.220220,0.011086,0.010971,1.730400,0.000094,0.000000,0.081980,0.000000
0:08:44,19200,100000,0.113501,0.079432,0.023952,0.089427,0.117070,0.025190,0.175129,0.054893,4.932595,0.013530,0.013661,0.114863,0.001021,0.145194,0.524490,4.262696,0.012687,0.012747,0.557895,0.000065,0.000000,0.083980,0.000000
0:09:21,19300,100000,0.085247,0.091649,0.014321,0.095511,0.094572,0.018690,0.226895,4.266493,5.633418,0.011146,0.010993,0.136276,0.001429,0.182925,1.289871,8.229393,0.010784,0.010635,0.173962,0.000079,0.000000,0.085980,0.000000
0:09:58,19400,100000,0.099522,0.080707,0.028289,0.084794,0.111687,0.016074,0.200949,2.307224,6.521092,0.012184,0.012126,0.147318,0.001377,0.160399,1.132691,5.552064,0.011869,0.011768,1.170810,0.000401,0.000000,0.087980,0.000000
0:10:35,19500,100000,0.106772,0.088860,0.016864,0.099931,0.111200,0.023399,0.177563,1.980649,7.922989,0.011421,0.011695,0.111781,0.001284,0.142837,1.384786,5.195421,0.011095,0.011037,0.649953,0.000172,0.000000,0.089980,0.000000
0:11:29,19600,100000,0.107185,0.080836,0.021954,0.092722,0.121800,0.021325,0.190912,0.064969,5.869103,0.011126,0.011218,0.124328,0.001288,0.144690,1.506767,2.779474,0.010885,0.010730,0.391622,0.000137,0.000000,0.091980,0.000000
0:12:06,19700,100000,0.099028,0.100838,0.025597,0.090056,0.122487,0.030089,0.155827,1.240026,9.633258,0.011549,0.012122,0.127244,0.001192,0.128901,0.446842,5.157312,0.011404,0.011379,0.707257,0.000171,0.000000,0.093980,0.000000
0:12:43,19800,100000,0.087441,0.081678,0.038642,0.058670,0.116350,0.029290,0.209009,8.060116,5.771644,0.016009,0.015737,0.126720,0.001298,0.164370,1.883246,3.873791,0.016597,0.014837,0.445293,0.000072,0.000000,0.095980,0.000000
0:13:20,19900,100000,0.106839,0.060048,0.018093,0.089377,0.071954,0.017321,0.264006,5.946139,6.120881,0.011797,0.012150,0.105139,0.001054,0.225953,0.003896,9.033387,0.010386,0.010793,2.161520,0.000161,0.000000,0.097980,0.000000
0:13:57,20000,100000,0.095412,0.082920,0.027161,0.094887,0.111374,0.030355,0.191727,1.584998,6.583572,0.012712,0.012654,0.108839,0.001315,0.144676,0.007883,7.292895,0.012158,0.012193,0.973586,0.000109,0.000000,0.099980,0.000000
0:23:04,20100,100000,0.110384,0.090348,0.022286,0.090318,0.118159,0.023595,0.168051,7.023456,6.855292,0.012059,0.012040,0.115630,0.001207,0.145959,2.519778,7.825025,0.011704,0.012037,0.478091,0.000086,0.000000,0.100000,0.000000
0:23:41,20200,100000,0.100889,0.081525,0.021618,0.091412,0.098865,0.023940,0.186356,0.213878,11.910809,0.014968,0.015137,0.106591,0.001185,0.162425,3.771846,7.894708,0.012704,0.013129,1.775748,0.000115,0.000000,0.100000,0.000000
0:24:18,20300,100000,0.122281,0.083783,0.027884,0.073359,0.116791,0.020140,0.208510,0.206313,10.888042,0.014559,0.015363,0.106576,0.001325,0.174864,2.000952,0.357018,0.013945,0.013963,1.704844,0.000127,0.000000,0.100000,0.000000
0:25:17,20400,100000,0.123549,0.103340,0.034599,0.070528,0.135270,0.025382,0.156688,1.526873,4.983998,0.013157,0.013489,0.112088,0.001045,0.130270,1.149059,1.299816,0.013008,0.012984,1.283161,0.000191,0.000000,0.100000,0.000000
0:25:54,20500,100000,0.085889,0.087203,0.073364,0.084088,0.120215,0.016909,0.239612,0.030524,10.861342,0.012178,0.012040,0.101850,0.001056,0.192491,2.842733,6.206476,0.011109,0.011014,0.397858,0.000158,0.000000,0.100000,0.000000
0:26:47,20600,100000,0.113595,0.081335,0.021662,0.089506,0.121116,0.023057,0.187499,0.485072,7.000036,0.011357,0.012306,0.090770,0.000862,0.144491,2.405085,4.796525,0.011162,0.011825,0.218035,0.000129,0.000000,0.100000,0.000000
0:27:24,20700,100000,0.106339,0.070811,0.022199,0.092224,0.101616,0.018967,0.249029,0.674144,10.872143,0.010808,0.011362,0.102164,0.001024,0.170843,0.705359,4.707469,0.010371,0.010671,1.801091,0.000125,0.000000,0.100000,0.000000
0:28:01,20800,100000,0.093849,0.077405,0.035537,0.071823,0.133465,0.023463,0.204012,2.081850,8.519731,0.014929,0.015269,0.130260,0.001306,0.149172,1.917696,6.968867,0.014243,0.014117,0.357402,0.000176,0.000000,0.100000,0.000000
0:28:37,20900,100000,0.092209,0.105764,0.041244,0.081928,0.121719,0.024538,0.169126,0.241247,9.263494,0.013175,0.013020,0.122675,0.001367,0.146588,1.721604,5.763306,0.013303,0.012155,0.348972,0.000094,0.000000,0.100000,0.000000
0:29:14,21000,100000,0.099996,0.063481,0.025968,0.075382,0.081802,0.024297,0.248184,3.554846,4.556183,0.013108,0.013690,0.100182,0.001075,0.201950,1.855650,1.663980,0.012476,0.012647,1.897061,0.000056,0.000000,0.100000,0.000000
0:30:06,21100,100000,0.096951,0.075415,0.018750,0.087082,0.108674,0.018493,0.251464,0.621100,8.412431,0.013175,0.013319,0.112307,0.001076,0.177946,2.471601,0.803151,0.012454,0.012522,0.191204,0.000291,0.000000,0.100000,0.000000
0:30:43,21200,100000,0.120625,0.060076,0.023275,0.086004,0.106454,0.019047,0.208701,0.248988,7.398317,0.012231,0.012183,0.107951,0.001022,0.160712,2.740674,1.619198,0.012318,0.011816,1.510455,0.000188,0.000000,0.100000,0.000000
0:31:19,21300,100000,0.101520,0.089023,0.025084,0.101269,0.076270,0.024339,0.214430,0.037914,7.600253,0.009710,0.009653,0.100234,0.001080,0.207084,0.512597,9.205120,0.009005,0.009092,1.636547,0.000098,0.000000,0.100000,0.000000
0:31:57,21400,100000,0.125779,0.075567,0.029931,0.090134,0.135609,0.019982,0.163128,0.096099,4.929204,0.013726,0.013465,0.103048,0.001271,0.132600,1.264262,5.107894,0.012427,0.012064,1.247103,0.000081,0.000000,0.100000,0.000000
0:32:33,21500,100000,0.119630,0.041832,0.033006,0.079851,0.083744,0.015674,0.284537,0.558063,8.398142,0.014393,0.015188,0.123671,0.001388,0.226950,1.760214,3.552625,0.013912,0.013932,1.986247,0.000187,0.000000,0.100000,0.000000
0:33:48,21600,100000,0.111353,0.076772,0.014887,0.092181,0.115343,0.013482,0.191401,1.462402,7.694823,0.012985,0.012719,0.100019,0.001181,0.160572,0.007591,0.165582,0.011923,0.011642,1.510174,0.000138,0.000000,0.100000,0.000000
0:34:25,21700,100000,0.099929,0.079995,0.028356,0.086623,0.106322,0.022159,0.187440,2.095399,8.504530,0.011745,0.011623,0.110303,0.001052,0.159347,1.002076,8.334750,0.011821,0.011199,0.291466,0.000070,0.000000,0.100000,0.000000
0:35:02,21800,100000,0.132783,0.079297,0.018100,0.099408,0.109446,0.019556,0.197381,1.575549,7.555235,0.009853,0.010607,0.119541,0.001334,0.177141,11.932669,9.062536,0.008931,0.009545,0.502010,0.000086,0.000000,0.100000,0.000000
0:35:39,21900,100000,0.077605,0.061020,0.020521,0.055495,0.072558,0.025939,0.270060,0.238031,7.328715,0.014842,0.015221,0.102089,0.001224,0.235583,0.553858,6.929307,0.013372,0.014200,1.601537,0.000113,0.000000,0.100000,0.000000
0:36:16,22000,100000,0.083767,0.060821,0.031684,0.068878,0.095010,0.027525,0.254234,1.290067,10.434752,0.012438,0.011831,0.119984,0.001009,0.226924,3.643477,8.703274,0.012015,0.011278,0.124590,0.000358,0.000000,0.100000,0.000000
0:45:06,22100,100000,0.093505,0.100596,0.019767,0.086654,0.115032,0.017402,0.169895,3.331925,3.991129,0.010435,0.010783,0.117570,0.001088,0.151755,0.297959,3.305218,0.010431,0.010660,0.037030,0.000061,0.000000,0.100000,0.000000
0:45:43,22200,100000,0.098351,0.077254,0.018122,0.088543,0.084828,0.011632,0.261189,2.359969,7.083505,0.008133,0.008935,0.099663,0.001123,0.216271,0.218985,4.216967,0.007947,0.008508,0.370062,0.000192,0.000000,0.100000,0.000000
0:46:21,22300,100000,0.142243,0.084725,0.013868,0.105573,0.124284,0.013452,0.154348,1.332904,6.685485,0.008721,0.009135,0.096422,0.001030,0.136082,1.431849,2.600151,0.008686,0.008924,0.079716,0.000181,0.000000,0.100000,0.000000
0:46:58,22400,100000,0.081256,0.083849,0.035274,0.081864,0.098496,0.028271,0.198558,3.759721,9.991663,0.013749,0.014470,0.096875,0.001023,0.164729,6.372131,6.250304,0.013820,0.014160,0.506585,0.000302,0.000000,0.100000,0.000000
0:47:35,22500,100000,0.114433,0.089718,0.016166,0.104438,0.113947,0.016266,0.177894,0.191528,8.174607,0.009171,0.009203,0.111039,0.001104,0.145356,0.000071,2.027007,0.008911,0.008707,0.348629,0.000123,0.000000,0.100000,0.000000
0:48:28,22600,100000,0.095112,0.090505,0.024995,0.100237,0.103096,0.022379,0.203256,2.838846,8.996019,0.010591,0.010972,0.110056,0.001049,0.161553,0.068768,8.018563,0.010850,0.010613,0.375713,0.000221,0.000000,0.100000,0.000000
0:49:05,22700,100000,0.085082,0.100836,0.031658,0.106429,0.087356,0.042713,0.170890,0.000024,8.753769,0.009671,0.009908,0.117202,0.000941,0.151670,0.004394,8.165598,0.009301,0.009526,0.140714,0.000212,0.000000,0.100000,0.000000
0:50:05,22800,100000,0.109913,0.074890,0.016435,0.096908,0.113998,0.014731,0.195831,0.064477,9.527906,0.010024,0.010001,0.113321,0.001508,0.150917,0.224579,2.632907,0.009691,0.009609,0.095195,0.000202,0.000000,0.100000,0.000000
0:50:43,22900,100000,0.134458,0.076968,0.015661,0.101983,0.124489,0.013208,0.171968,0.009218,8.273666,0.009496,0.009702,0.108245,0.000991,0.140779,0.000978,3.216398,0.009079,0.009135,0.055420,0.000063,0.000000,0.100000,0.000000
0:51:20,23000,100000,0.126143,0.097969,0.011313,0.112643,0.107780,0.013149,0.195163,0.000060,6.798127,0.009050,0.008912,0.092672,0.000838,0.168218,0.000011,8.779322,0.008622,0.008162,0.034618,0.000118,0.000000,0.100000,0.000000
0:52:11,23100,100000,0.102829,0.096980,0.018881,0.107447,0.095711,0.017245,0.193018,0.218011,12.068303,0.010507,0.010697,0.102450,0.001003,0.167329,0.001816,6.191967,0.010578,0.010527,0.111222,0.000179,0.000000,0.100000,0.000000
0:52:48,23200,100000,0.102180,0.097022,0.035967,0.093568,0.112086,0.024799,0.153084,1.227542,7.379139,0.010513,0.010634,0.106115,0.001094,0.142961,0.859361,4.869218,0.010118,0.010236,0.656182,0.000090,0.000000,0.100000,0.000000
0:53:24,23300,100000,0.119032,0.087927,0.007981,0.111067,0.075725,0.008518,0.296138,0.897224,12.078817,0.006976,0.007385,0.095146,0.000903,0.257331,0.450363,8.241117,0.006979,0.007231,0.120497,0.000266,0.000000,0.100000,0.000000
0:54:02,23400,100000,0.099481,0.100986,0.021103,0.096927,0.105382,0.018162,0.165810,0.466990,7.492914,0.011125,0.011735,0.098935,0.000845,0.152779,0.251873,9.203858,0.011231,0.011213,0.219981,0.000291,0.000000,0.100000,0.000000
0:54:39,23500,100000,0.093590,0.093860,0.023247,0.085726,0.120188,0.020878,0.174195,1.074270,5.644759,0.012513,0.012750,0.097436,0.000985,0.143750,3.297940,4.088596,0.012602,0.012202,1.213703,0.000217,0.000000,0.100000,0.000000
0:55:30,23600,100000,0.131198,0.082921,0.013321,0.105217,0.111802,0.013488,0.186870,0.002152,4.886434,0.009604,0.010167,0.094366,0.001009,0.156532,0.000722,1.667146,0.009433,0.009765,0.392299,0.000279,0.000000,0.100000,0.000000
0:56:08,23700,100000,0.104906,0.095408,0.019329,0.098284,0.084601,0.016822,0.199062,0.546490,8.622437,0.010028,0.011369,1.420054,0.001319,0.228714,0.879243,2.973196,0.009983,0.011441,1.134382,0.000466,0.000000,0.100000,0.000000
0:56:45,23800,100000,0.128572,0.061616,0.022272,0.084597,0.099258,0.011478,0.244558,0.952093,8.891003,0.011757,0.011976,0.104694,0.000901,0.233467,3.940700,5.058311,0.010391,0.010558,1.329685,0.000353,0.000000,0.100000,0.000000
0:57:22,23900,100000,0.110006,0.089355,0.014274,0.116142,0.095816,0.022121,0.191007,1.604245,8.219688,0.009317,0.009162,0.125227,0.001063,0.160002,0.124541,5.167200,0.009139,0.008995,0.034032,0.000125,0.000000,0.100000,0.000000
0:58:21,24000,100000,0.109256,0.109505,0.015284,0.105711,0.112859,0.017010,0.156990,1.135331,7.030465,0.009886,0.009440,0.099102,0.000997,0.143936,1.081260,5.974041,0.009695,0.009277,0.027894,0.000045,0.000000,0.100000,0.000000
1:07:14,24100,100000,0.116349,0.083365,0.013832,0.096040,0.110014,0.012573,0.166989,0.014303,11.165102,0.009511,0.009801,0.111644,0.001139,0.147527,0.022590,1.511871,0.009298,0.009358,0.059063,0.000099,0.000000,0.100000,0.000000
1:07:51,24200,100000,0.118900,0.076313,0.023109,0.097321,0.122563,0.018175,0.172088,0.020304,10.170316,0.010022,0.010295,0.091046,0.001068,0.142307,2.906203,3.150824,0.009995,0.009832,0.083764,0.000202,0.000000,0.100000,0.000000
1:08:28,24300,100000,0.079455,0.090192,0.024342,0.078406,0.071596,0.033445,0.205801,0.000218,10.076849,0.015820,0.016145,0.100655,0.000922,0.169587,2.690594,8.666714,0.014657,0.014733,1.622427,0.000385,0.000000,0.100000,0.000000
1:09:04,24400,100000,0.081965,0.089283,0.024695,0.071793,0.088673,0.023222,0.200169,2.942376,7.994863,0.011867,0.012660,0.086486,0.000790,0.185204,1.850207,3.185852,0.011804,0.012446,0.597977,0.000182,0.000000,0.100000,0.000000
1:09:41,24500,100000,0.100653,0.070720,0.033300,0.094809,0.081321,0.018294,0.234488,0.927236,9.719940,0.010698,0.010917,0.091127,0.000768,0.213558,0.027989,7.748006,0.010918,0.010431,0.269604,0.000464,0.000000,0.100000,0.000000
1:10:34,24600,100000,0.125426,0.099752,0.021831,0.098241,0.130272,0.019073,0.146356,0.050949,7.675260,0.009377,0.009455,0.111731,0.000857,0.125390,0.006265,7.134091,0.009328,0.009221,0.107182,0.000050,0.000000,0.100000,0.000000
1:11:11,24700,100000,0.116197,0.092057,0.018447,0.096351,0.110454,0.017176,0.161815,0.007673,8.022076,0.010969,0.011280,0.096129,0.000965,0.154462,0.570903,8.099217,0.010513,0.010623,0.210059,0.000084,0.000000,0.100000,0.000000
1:11:48,24800,100000,0.096853,0.092542,0.064423,0.079298,0.124351,0.015563,0.175414,1.592845,4.235671,0.010077,0.011360,0.103199,0.001162,0.148257,0.809132,0.001711,0.009441,0.010097,0.915158,0.000307,0.000000,0.100000,0.000000
1:12:25,24900,100000,0.122842,0.089151,0.018815,0.103625,0.100963,0.015353,0.181324,1.167282,4.374478,0.008716,0.009082,0.109002,0.001093,0.170730,0.001300,7.935472,0.008602,0.008800,0.225552,0.000151,0.000000,0.100000,0.000000
1:13:02,25000,100000,0.107431,0.083872,0.013744,0.112843,0.085835,0.017009,0.226571,0.000696,11.206584,0.009501,0.009154,0.085948,0.000958,0.193563,0.000424,5.605091,0.008939,0.008670,0.390073,0.000358,0.000000,0.100000,0.000000
1:13:52,25100,100000,0.115846,0.121369,0.024261,0.101683,0.125931,0.019273,0.157028,0.000277,10.306598,0.009850,0.009970,0.096738,0.000808,0.140101,0.285295,7.391668,0.009503,0.009460,0.042863,0.000158,0.000000,0.100000,0.000000
1:14:51,25200,100000,0.099077,0.122623,0.014530,0.095335,0.119214,0.016230,0.147499,1.677424,4.977654,0.008544,0.008559,0.105869,0.001048,0.141955,0.000473,7.443972,0.008743,0.008381,0.056067,0.000134,0.000000,0.100000,0.000000
1:15:28,25300,100000,0.054013,0.164899,0.010480,0.078815,0.113593,0.019033,0.177356,0.006471,9.773895,0.009788,0.009665,0.085479,0.001191,0.167263,0.012564,1.648512,0.010038,0.009418,0.366917,0.000234,0.000000,0.100000,0.000000
1:16:05,25400,100000,0.099958,0.089538,0.021819,0.078250,0.089340,0.023463,0.201293,1.335688,12.080263,0.011389,0.011934,0.118391,0.000912,0.178003,3.676885,5.674168,0.010683,0.010617,1.447263,0.000122,0.000000,0.100000,0.000000
1:16:42,25500,100000,0.114106,0.089556,0.035747,0.102526,0.100895,0.033892,0.164193,2.163701,10.191826,0.009606,0.009858,0.090263,0.000942,0.153234,1.670195,5.929304,0.009350,0.008890,0.838234,0.000578,0.000000,0.100000,0.000000
1:17:34,25600,100000,0.098410,0.101399,0.026429,0.081532,0.124233,0.018680,0.175275,0.051863,9.371125,0.010100,0.010214,0.101394,0.000784,0.143495,0.019285,0.598944,0.009817,0.009808,1.105882,0.000598,0.000000,0.100000,0.000000
1:18:11,25700,100000,0.101502,0.088663,0.019302,0.090221,0.098712,0.022007,0.193327,0.000097,8.832281,0.011244,0.011097,0.101845,0.000795,0.174198,0.033794,9.788082,0.011092,0.010648,0.064573,0.000195,0.000000,0.100000,0.000000
1:18:48,25800,100000,0.106022,0.091505,0.173726,0.084057,0.138685,0.013021,0.151779,0.011147,8.288536,0.010443,0.010927,0.102284,0.000979,0.130046,0.029179,1.925073,0.009960,0.010074,0.654653,0.000267,0.000000,0.100000,0.000000
1:19:25,25900,100000,0.088825,0.086988,0.029353,0.089311,0.078486,0.041887,0.173665,0.603047,7.927072,0.010362,0.011191,0.090783,0.000780,0.161458,0.000041,6.062060,0.010321,0.010765,0.472430,0.000481,0.000000,0.100000,0.000000
1:20:02,26000,100000,0.126714,0.076614,0.033254,0.083133,0.116330,0.018808,0.174853,0.000154,11.038320,0.010697,0.010736,0.094224,0.000981,0.166198,0.057527,6.844337,0.009891,0.009764,0.325737,0.000242,0.000000,0.100000,0.000000
1:28:53,26100,100000,0.080542,0.112594,0.027230,0.090241,0.102656,0.030471,0.154948,6.199322,10.672687,0.012677,0.013347,0.090321,0.000848,0.147537,0.001596,7.553702,0.012702,0.012785,0.071563,0.000264,0.000000,0.100000,0.000000
1:29:29,26200,100000,0.130597,0.128166,0.022271,0.083493,0.151287,0.014390,0.146141,0.509997,12.004053,0.010021,0.009972,0.078587,0.000713,0.124762,0.085193,3.263864,0.010254,0.009613,0.049410,0.000068,0.000000,0.100000,0.000000
1:30:06,26300,100000,0.084463,0.096838,0.037050,0.090859,0.109548,0.023268,0.196003,1.267094,6.179641,0.011168,0.011480,0.081849,0.000772,0.151529,0.529519,5.957951,0.011251,0.010649,1.205364,0.000307,0.000000,0.100000,0.000000
1:31:05,26400,100000,0.097927,0.046576,0.028474,0.060193,0.052080,0.021047,0.288673,0.000026,15.454615,0.013423,0.012545,0.098570,0.000817,0.264611,0.710653,8.248863,0.012286,0.011425,1.193461,0.000077,0.000000,0.100000,0.000000
1:31:42,26500,100000,0.082676,0.075649,0.040422,0.058818,0.110989,0.021476,0.245089,0.008246,8.600111,0.014413,0.014729,0.088710,0.000988,0.222755,3.244549,7.357067,0.014258,0.014117,0.305263,0.000587,0.000000,0.100000,0.000000
1:32:35,26600,100000,0.092368,0.115802,0.016423,0.109192,0.087609,0.019299,0.176065,0.409158,11.013085,0.009798,0.009963,0.098217,0.000822,0.169810,0.969772,10.023964,0.009799,0.010115,0.093678,0.000213,0.000000,0.100000,0.000000
1:33:13,26700,100000,0.102249,0.099537,0.014809,0.109270,0.100705,0.022462,0.196000,0.000693,9.255352,0.009737,0.009265,0.088182,0.000798,0.164307,0.590767,6.803474,0.009247,0.008709,0.049952,0.000188,0.000000,0.100000,0.000000
1:33:50,26800,100000,0.118544,0.114447,0.016872,0.093209,0.121893,0.019844,0.149741,0.000046,9.309091,0.010452,0.010138,0.081534,0.000691,0.142109,0.016905,5.081679,0.010269,0.009854,0.122599,0.000211,0.000000,0.100000,0.000000
1:34:26,26900,100000,0.102988,0.082750,0.021448,0.102351,0.095978,0.024190,0.190372,0.037725,11.290582,0.009515,0.010010,0.093664,0.000983,0.148166,0.096274,2.660702,0.008783,0.008708,0.900319,0.000330,0.000000,0.100000,0.000000
1:35:04,27000,100000,0.080784,0.131060,0.036831,0.097024,0.102114,0.014924,0.161040,2.551385,3.273703,0.010550,0.011048,0.078563,0.000906,0.152190,0.420975,1.555493,0.010243,0.010285,0.923149,0.000197,0.000000,0.100000,0.000000
1:35:55,27100,100000,0.119616,0.094937,0.026600,0.080618,0.140443,0.023737,0.161925,0.027676,7.220290,0.011929,0.012059,0.098154,0.000897,0.129350,2.073089,1.633739,0.011958,0.011609,0.080775,0.000811,0.000000,0.100000,0.000000
1:36:32,27200,100000,0.100059,0.101517,0.019839,0.088389,0.112212,0.018710,0.158348,0.011913,8.919039,0.009678,0.009797,0.090950,0.000708,0.145909,0.083088,5.435644,0.009515,0.008975,0.114238,0.000111,0.000000,0.100000,0.000000
1:37:10,27300,100000,0.095748,0.123892,0.059582,0.103122,0.139213,0.014495,0.172717,1.643649,12.739244,0.009138,0.008948,0.090688,0.000867,0.136024,0.002170,2.599042,0.009109,0.008970,0.261832,0.000844,0.000000,0.100000,0.000000
1:37:47,27400,100000,0.085592,0.109098,0.027004,0.091179,0.096294,0.030910,0.153708,0.183032,11.084877,0.012726,0.012840,0.087441,0.000709,0.152063,0.553778,11.218140,0.012415,0.012229,0.046862,0.000056,0.000000,0.100000,0.000000
1:38:25,27500,100000,0.102764,0.082396,0.012828,0.102895,0.104937,0.013081,0.243203,0.005211,11.451848,0.008972,0.008730,0.077124,0.000821,0.173933,2.484426,3.044309,0.008563,0.008078,0.181732,0.000259,0.000000,0.100000,0.000000
1:39:39,27600,100000,0.108091,0.093044,0.012788,0.111134,0.069289,0.017594,0.219800,0.000181,13.378792,0.009176,0.010528,0.088613,0.000753,0.169076,0.012282,9.299076,0.008078,0.008402,1.280318,0.000131,0.000000,0.100000,0.000000
1:40:17,27700,100000,0.103897,0.049085,0.030937,0.074908,0.078675,0.011225,0.276942,0.216513,8.996161,0.010177,0.010719,0.074554,0.000862,0.235437,0.240094,3.146916,0.009955,0.009973,0.109566,0.000295,0.000000,0.100000,0.000000
1:40:54,27800,100000,0.101761,0.104526,0.014191,0.099820,0.085645,0.020173,0.195269,2.977026,10.512498,0.010133,0.010241,0.079041,0.000602,0.189535,0.922625,10.137362,0.009961,0.009065,0.187142,0.000113,0.000000,0.100000,0.000000
1:41:32,27900,100000,0.101345,0.102872,0.021410,0.084263,0.103765,0.018050,0.176329,0.010049,7.064239,0.011260,0.010319,0.098794,0.000747,0.173510,0.010873,7.822276,0.011096,0.010078,0.086304,0.000105,0.000000,0.100000,0.000000
1:42:09,28000,100000,0.119071,0.098570,0.025413,0.096121,0.123940,0.019107,0.147262,0.000004,11.346804,0.010318,0.010698,0.078889,0.000876,0.138267,0.000712,5.771775,0.009971,0.010121,0.090926,0.000358,0.000000,0.100000,0.000000
1:51:06,28100,100000,0.081380,0.083479,0.024342,0.092674,0.081450,0.026869,0.206169,0.000002,12.442741,0.011688,0.011822,0.091701,0.000855,0.186687,0.003573,6.183661,0.011412,0.011235,0.083886,0.000232,0.000000,0.100000,0.000000
1:51:42,28200,100000,0.088696,0.102585,0.029505,0.100026,0.118778,0.020068,0.204390,0.000174,10.919615,0.010234,0.010096,0.089588,0.000900,0.148307,0.044286,5.646609,0.010038,0.009421,0.105581,0.000277,0.000000,0.100000,0.000000
1:52:19,28300,100000,0.092462,0.090879,0.019300,0.084264,0.111671,0.019160,0.176782,0.228500,12.681440,0.011649,0.011344,0.084765,0.000697,0.152766,2.983987,4.817491,0.011177,0.010502,0.091432,0.000332,0.000000,0.100000,0.000000
1:52:56,28400,100000,0.112128,0.092288,0.021287,0.093985,0.118025,0.020772,0.179627,0.000021,11.024731,0.010671,0.010550,0.080185,0.000917,0.148935,0.019629,4.929215,0.010599,0.010120,0.070542,0.000296,0.000000,0.100000,0.000000
1:53:33,28500,100000,0.090673,0.104330,0.021602,0.092166,0.099503,0.019955,0.170419,0.000009,5.395320,0.009748,0.009439,0.080762,0.000807,0.159687,0.198505,5.914399,0.009699,0.008857,0.066374,0.000263,0.000000,0.100000,0.000000
1:54:24,28600,100000,0.108603,0.095121,0.024869,0.102511,0.097469,0.020655,0.155463,0.064545,10.196387,0.009554,0.009425,0.081379,0.000742,0.148602,0.000373,4.718352,0.009127,0.008812,0.156510,0.000237,0.000000,0.100000,0.000000
1:55:01,28700,100000,0.091963,0.125256,0.017921,0.097581,0.131892,0.017925,0.149170,4.369435,6.231657,0.009506,0.009436,0.080579,0.000674,0.123943,0.595074,5.051977,0.009201,0.009264,0.799176,0.000507,0.000000,0.100000,0.000000
1:56:01,28800,100000,0.095184,0.087729,0.020356,0.092666,0.101773,0.016989,0.191772,11.013174,9.746801,0.009199,0.009308,0.073372,0.000651,0.158564,6.917755,7.431222,0.009425,0.009450,0.044630,0.000185,0.000000,0.100000,0.000000
1:56:39,28900,100000,0.107693,0.101602,0.014037,0.100295,0.109660,0.014749,0.185338,0.000139,8.731346,0.008015,0.007876,0.083059,0.000996,0.165236,0.000148,8.985323,0.008007,0.007504,0.102802,0.000174,0.000000,0.100000,0.000000
1:57:15,29000,100000,0.096500,0.083173,0.015766,0.089389,0.104994,0.019224,0.198582,0.000043,10.448687,0.010573,0.010532,0.083864,0.000852,0.174032,0.000039,3.999147,0.010510,0.010349,0.137705,0.000819,0.000000,0.100000,0.000000
1:58:09,29100,100000,0.054738,0.093935,0.026273,0.070810,0.049833,0.038509,0.178260,0.022298,10.186604,0.012327,0.014160,0.095285,0.000724,0.202790,0.185907,6.014328,0.011748,0.012300,0.400366,0.000062,0.000000,0.100000,0.000000
1:58:46,29200,100000,0.102800,0.097634,0.018564,0.110826,0.111951,0.019612,0.179981,0.004151,9.683875,0.009334,0.009558,0.087390,0.000743,0.141781,0.029624,6.958103,0.009413,0.009524,0.087035,0.000296,0.000000,0.100000,0.000000
1:59:24,29300,100000,0.094481,0.113095,0.029475,0.079951,0.134226,0.023071,0.159234,0.012702,6.239081,0.011579,0.011659,0.080231,0.000628,0.138310,0.000013,1.308148,0.011484,0.011290,0.059408,0.000130,0.000000,0.100000,0.000000
2:00:01,29400,100000,0.107015,0.107080,0.023565,0.091401,0.131363,0.023206,0.160871,1.418807,8.422146,0.011380,0.011817,0.080417,0.000735,0.130853,3.150233,5.635165,0.010979,0.010619,0.108967,0.000180,0.000000,0.100000,0.000000
2:00:39,29500,100000,0.102158,0.102570,0.018131,0.099736,0.111833,0.017673,0.160339,0.063721,9.538294,0.009165,0.009330,0.081315,0.000670,0.142348,0.000011,6.194302,0.008795,0.008707,0.051922,0.000289,0.000000,0.100000,0.000000
2:01:29,29600,100000,0.146817,0.071680,0.016721,0.110953,0.112339,0.017307,0.158977,0.000779,11.399051,0.009529,0.008953,0.076557,0.000674,0.143646,0.112375,7.756439,0.009199,0.008740,0.098561,0.000142,0.000000,0.100000,0.000000
2:02:07,29700,100000,0.113535,0.093417,0.015451,0.109409,0.116943,0.018893,0.173585,0.080372,3.871201,0.009086,0.008764,0.083970,0.000686,0.138531,0.000110,3.006577,0.009089,0.008799,0.047600,0.000638,0.000000,0.100000,0.000000
2:02:44,29800,100000,0.095999,0.104808,0.029445,0.076725,0.092033,0.020916,0.166159,0.243492,2.898724,0.012126,0.012163,0.100290,0.000798,0.170583,6.401444,0.000127,0.012155,0.011640,1.122110,0.000227,0.000000,0.100000,0.000000
2:03:22,29900,100000,0.103584,0.090056,0.029707,0.101319,0.102189,0.020260,0.198994,1.342821,9.116428,0.010744,0.010862,0.074338,0.000842,0.162458,0.001802,6.350140,0.009526,0.009492,0.675230,0.000807,0.000000,0.100000,0.000000
2:04:22,30000,100000,0.095873,0.080865,0.022889,0.092090,0.087275,0.021952,0.191892,3.284152,10.936977,0.011375,0.011529,0.073779,0.000709,0.174022,0.011091,2.231036,0.011326,0.010880,0.487151,0.000689,0.000000,0.100000,0.000000
2:13:20,30100,100000,0.124195,0.106805,0.028736,0.089381,0.133557,0.020897,0.157120,0.000108,7.250400,0.009037,0.008909,0.067135,0.000756,0.142379,0.028071,6.832236,0.008758,0.008684,0.115033,0.000390,0.000000,0.100000,0.000000
2:13:57,30200,100000,0.104637,0.077712,0.049169,0.081581,0.102398,0.013678,0.193664,0.000001,10.340952,0.009334,0.009721,0.081363,0.000664,0.195083,0.643017,7.268560,0.009038,0.009015,0.238510,0.000131,0.000000,0.100000,0.000000
2:14:34,30300,100000,0.099312,0.089128,0.014947,0.103172,0.115312,0.023165,0.199358,0.031214,8.259185,0.010034,0.009834,0.069934,0.000630,0.144119,0.006860,5.510883,0.009734,0.009345,0.165260,0.000372,0.000000,0.100000,0.000000
2:15:12,30400,100000,0.092557,0.094060,0.039975,0.065421,0.084711,0.023307,0.171492,0.520207,7.798909,0.013231,0.013857,0.073561,0.000730,0.185603,0.000003,8.261110,0.013055,0.013203,0.105976,0.000253,0.000000,0.100000,0.000000
2:15:49,30500,100000,0.097580,0.126904,0.019308,0.098677,0.126168,0.014863,0.146592,0.647779,9.402748,0.009171,0.009155,0.069183,0.000646,0.131863,0.011893,7.528159,0.008856,0.008706,0.093693,0.000099,0.000000,0.100000,0.000000
2:16:41,30600,100000,0.121393,0.099079,0.017856,0.105704,0.117698,0.018593,0.178432,0.000000,13.058619,0.009602,0.008798,0.059194,0.000500,0.153259,0.417592,7.780910,0.009472,0.008960,0.100193,0.000095,0.000000,0.100000,0.000000
2:17:17,30700,100000,0.088499,0.117831,0.024169,0.101276,0.098779,0.016351,0.174310,0.005015,11.080480,0.008678,0.008570,0.067797,0.000639,0.161191,0.892021,7.560020,0.008161,0.008320,0.154588,0.000314,0.000000,0.100000,0.000000
2:17:54,30800,100000,0.115517,0.084780,0.014225,0.113021,0.107592,0.017896,0.183816,0.000161,11.453080,0.008849,0.008741,0.075965,0.000620,0.143846,0.021994,8.790574,0.008598,0.008124,0.060530,0.000446,0.000000,0.100000,0.000000
2:18:30,30900,100000,0.127206,0.086907,0.015456,0.114895,0.107463,0.016342,0.191132,1.561568,5.691228,0.008721,0.008890,0.073876,0.000700,0.151733,0.706495,5.414123,0.008643,0.008856,0.298791,0.000833,0.000000,0.100000,0.000000
2:19:07,31000,100000,0.082515,0.118033,0.023883,0.099053,0.069377,0.066330,0.127338,0.000159,5.591585,0.011178,0.011831,0.084558,0.000733,0.127541,0.000196,8.976755,0.010650,0.010956,0.596944,0.000214,0.000000,0.100000,0.000000
2:19:59,31100,100000,0.096407,0.076446,0.012093,0.096401,0.088394,0.019290,0.251757,0.000001,10.646940,0.008817,0.008580,0.082229,0.000621,0.197625,0.025493,7.628564,0.008140,0.007903,0.350094,0.000293,0.000000,0.100000,0.000000
2:21:00,31200,100000,0.099161,0.136665,0.015709,0.104055,0.118719,0.018578,0.138206,0.000009,7.031570,0.009429,0.009905,0.074220,0.000678,0.140700,1.373357,6.070729,0.009138,0.008541,0.066610,0.000082,0.000000,0.100000,0.000000
2:21:37,31300,100000,0.130036,0.106858,0.015692,0.110336,0.143067,0.014640,0.164855,0.000000,6.508633,0.008313,0.008158,0.077229,0.000679,0.119049,0.000454,3.871851,0.007993,0.007573,0.091355,0.000600,0.000000,0.100000,0.000000
2:22:14,31400,100000,0.093742,0.118309,0.015622,0.100093,0.120823,0.022180,0.149122,0.009754,10.558221,0.009555,0.009472,0.072449,0.000650,0.128986,0.013307,7.130427,0.009587,0.009024,0.087590,0.000161,0.000000,0.100000,0.000000
2:22:51,31500,100000,0.101762,0.098206,0.007834,0.098386,0.100208,0.009693,0.228485,0.000281,10.105141,0.007028,0.007168,0.078833,0.000790,0.199319,0.003337,6.314487,0.007029,0.006998,0.166629,0.000174,0.000000,0.100000,0.000000
2:23:44,31600,100000,0.092873,0.094120,0.011186,0.110979,0.120491,0.018797,0.254727,0.285769,10.709264,0.010301,0.009193,0.080984,0.000842,0.154869,1.710901,2.688334,0.009639,0.008694,0.078769,0.000381,0.000000,0.100000,0.000000
2:24:21,31700,100000,0.084749,0.084073,0.021019,0.075214,0.115367,0.019952,0.200287,0.000010,8.574349,0.011100,0.010917,0.074386,0.000505,0.159137,0.000377,4.088678,0.010828,0.010586,0.176807,0.000618,0.000000,0.100000,0.000000
2:24:57,31800,100000,0.096161,0.090689,0.022985,0.091907,0.084186,0.026662,0.161558,0.000556,7.741984,0.011951,0.012693,0.069916,0.000642,0.161503,0.013124,9.194144,0.011586,0.011568,0.428900,0.000266,0.000000,0.100000,0.000000
2:25:34,31900,100000,0.092971,0.142431,0.014557,0.099130,0.133762,0.018565,0.146821,0.136984,6.518646,0.009787,0.009372,0.064229,0.000721,0.125118,1.854084,6.107144,0.009236,0.008816,0.106046,0.000223,0.000000,0.100000,0.000000
2:26:11,32000,100000,0.083443,0.082549,0.012538,0.083397,0.080261,0.014259,0.241168,0.000164,8.830185,0.010743,0.009868,0.066535,0.000595,0.201478,0.009098,4.627196,0.010639,0.009270,0.877686,0.000576,0.000000,0.100000,0.000000
2:35:05,32100,100000,0.107438,0.087126,0.021866,0.098086,0.117866,0.023383,0.180426,0.154801,9.732753,0.009400,0.009225,0.063073,0.000660,0.143560,0.573729,7.034250,0.009779,0.009010,0.145786,0.000366,0.000000,0.100000,0.000000
2:35:42,32200,100000,0.105206,0.065719,0.022585,0.078021,0.123324,0.020366,0.218933,0.005173,10.990278,0.010231,0.009742,0.086496,0.000657,0.167610,0.069578,6.779492,0.009874,0.009528,0.132335,0.001218,0.000000,0.100000,0.000000
2:36:41,32300,100000,0.090177,0.131998,0.013822,0.097884,0.125868,0.015177,0.165984,1.870213,9.901518,0.010583,0.010991,0.075689,0.000605,0.134119,0.540928,5.268773,0.009378,0.009072,0.840917,0.000321,0.000000,0.100000,0.000000
2:37:18,32400,100000,0.083335,0.096146,0.057099,0.081948,0.096456,0.015402,0.167552,0.015057,14.417025,0.010106,0.010633,0.062487,0.000654,0.159415,0.053150,5.076617,0.010434,0.009400,0.196356,0.000113,0.000000,0.100000,0.000000
2:37:55,32500,100000,0.105879,0.101168,0.020075,0.099719,0.120882,0.020484,0.158301,5.893149,7.321301,0.009909,0.010215,0.068076,0.000802,0.135659,1.185746,8.736245,0.009861,0.009768,0.122583,0.000466,0.000000,0.100000,0.000000
2:38:48,32600,100000,0.083150,0.091046,0.026989,0.090498,0.082101,0.033854,0.182369,0.000459,8.423287,0.010530,0.011254,0.071366,0.000616,0.160396,0.000025,4.888959,0.010178,0.010198,0.156945,0.000630,0.000000,0.100000,0.000000
2:39:25,32700,100000,0.104700,0.102081,0.009423,0.106211,0.118329,0.011566,0.177469,0.000000,7.459771,0.007980,0.008075,0.076397,0.000698,0.140119,0.000074,2.201025,0.007596,0.007752,0.357576,0.000217,0.000000,0.100000,0.000000
2:40:02,32800,100000,0.093220,0.103265,0.013136,0.095894,0.103862,0.013540,0.164614,0.002343,6.100310,0.009500,0.009762,0.065997,0.000581,0.151987,0.015875,5.109569,0.009449,0.009571,0.137794,0.000494,0.000000,0.100000,0.000000
2:40:39,32900,100000,0.087958,0.121614,0.014362,0.092678,0.123690,0.014438,0.150696,0.002516,9.454044,0.009325,0.009386,0.067835,0.000673,0.132109,0.154559,5.883917,0.009282,0.009263,0.053239,0.000215,0.000000,0.100000,0.000000
2:41:15,33000,100000,0.100554,0.095242,0.027391,0.107810,0.107784,0.019635,0.189488,0.001292,8.063076,0.007541,0.007856,0.066111,0.000731,0.152857,0.475481,6.309731,0.007093,0.006808,0.075181,0.000247,0.000000,0.100000,0.000000
2:42:06,33100,100000,0.106911,0.079694,0.021988,0.096211,0.099986,0.021270,0.215712,0.000253,9.128603,0.010131,0.010247,0.068294,0.000737,0.175395,0.004541,4.119183,0.010061,0.010142,0.098735,0.000445,0.000000,0.100000,0.000000
2:42:42,33200,100000,0.120608,0.090529,0.019869,0.105800,0.119425,0.015346,0.164565,0.000050,8.612837,0.009166,0.009018,0.067659,0.000829,0.135267,0.005991,6.191643,0.008991,0.008646,0.192305,0.000715,0.000000,0.100000,0.000000
2:43:19,33300,100000,0.112118,0.106595,0.017927,0.096296,0.129419,0.017275,0.155406,0.028907,7.072001,0.009869,0.009835,0.064852,0.000693,0.133307,0.098659,1.344759,0.009666,0.009580,0.372069,0.000399,0.000000,0.100000,0.000000
2:43:56,33400,100000,0.102714,0.094579,0.020753,0.093554,0.117301,0.018858,0.167445,0.091577,9.766533,0.009931,0.010062,0.065276,0.000596,0.139623,0.004026,4.637581,0.009831,0.009866,0.094126,0.000250,0.000000,0.100000,0.000000
2:44:55,33500,100000,0.097241,0.063575,0.018585,0.082748,0.059604,0.018894,0.232619,4.746833,14.259675,0.011274,0.012990,0.064777,0.000773,0.216248,5.141617,1.557905,0.010486,0.011011,0.854290,0.000763,0.000000,0.100000,0.000000
2:45:48,33600,100000,0.091485,0.082065,0.028736,0.092115,0.067906,0.019464,0.279140,0.004824,10.436815,0.011333,0.012819,0.078463,0.000818,0.210651,14.448129,6.874079,0.010213,0.009625,1.585168,0.000170,0.000000,0.100000,0.000000
2:46:25,33700,100000,0.096495,0.083825,0.022065,0.092338,0.116627,0.023721,0.180719,0.370132,11.074280,0.011018,0.010712,0.062953,0.000563,0.140142,0.083974,4.705873,0.011115,0.010687,0.106932,0.000310,0.000000,0.100000,0.000000
2:47:02,33800,100000,0.118542,0.093380,0.015913,0.101497,0.119127,0.016602,0.155178,0.000015,9.375270,0.009826,0.009851,0.078649,0.000679,0.134574,0.514048,6.323222,0.009121,0.008796,0.076086,0.000141,0.000000,0.100000,0.000000
2:47:38,33900,100000,0.106920,0.098153,0.014850,0.095917,0.065741,0.024824,0.184793,0.000088,9.177959,0.010045,0.010325,0.064629,0.000699,0.200373,0.117134,6.208306,0.009900,0.008965,0.357084,0.000140,0.000000,0.100000,0.000000
2:48:15,34000,100000,0.109057,0.107027,0.017128,0.112497,0.125923,0.013406,0.153946,0.000002,8.555222,0.008983,0.009511,0.059225,0.000628,0.125558,0.003273,0.517549,0.008067,0.008070,0.177634,0.000463,0.000000,0.100000,0.000000
2:57:12,34100,100000,0.124812,0.108818,0.026502,0.085125,0.127486,0.020816,0.154240,0.000572,8.226024,0.010821,0.010733,0.061360,0.000607,0.140570,0.002137,6.932731,0.010614,0.010282,0.110176,0.000224,0.000000,0.100000,0.000000
2:57:48,34200,100000,0.097126,0.102980,0.016829,0.099481,0.109070,0.018526,0.152833,0.000433,7.944471,0.009634,0.009504,0.059802,0.000701,0.139750,0.008480,5.795461,0.009305,0.009009,0.221762,0.000308,0.000000,0.100000,0.000000
2:58:25,34300,100000,0.087818,0.112659,0.011503,0.099914,0.112565,0.014656,0.170556,0.099144,10.537450,0.008602,0.008714,0.055933,0.000641,0.146697,0.199983,6.005140,0.008557,0.008531,0.230072,0.000307,0.000000,0.100000,0.000000
2:59:02,34400,100000,0.094200,0.119595,0.023003,0.100180,0.111154,0.025544,0.168352,0.000007,10.209735,0.010642,0.009471,0.072959,0.000584,0.147591,0.000102,9.535025,0.010669,0.009333,0.111770,0.000172,0.000000,0.100000,0.000000
2:59:39,34500,100000,0.106486,0.094805,0.018762,0.111260,0.104104,0.020207,0.192359,0.147789,9.972448,0.008725,0.008824,0.059352,0.000556,0.160939,0.000794,6.178890,0.008610,0.008683,0.098888,0.000295,0.000000,0.100000,0.000000
3:00:32,34600,100000,0.113706,0.101188,0.028634,0.086769,0.123324,0.018119,0.155510,1.859463,11.152679,0.009389,0.009029,0.058208,0.000579,0.146727,0.000003,9.504893,0.009076,0.008471,0.111498,0.000159,0.000000,0.100000,0.000000
3:01:31,34700,100000,0.096738,0.103174,0.022655,0.087108,0.126030,0.022103,0.156921,0.001208,9.440525,0.010607,0.010255,0.059826,0.000586,0.134004,0.183143,4.898544,0.010577,0.009931,0.224048,0.000855,0.000000,0.100000,0.000000
3:02:08,34800,100000,0.095122,0.100294,0.021974,0.086655,0.120495,0.020989,0.171085,0.678556,8.557713,0.008365,0.008502,0.060624,0.000594,0.150220,2.713216,5.463449,0.008402,0.008564,0.072587,0.000398,0.000000,0.100000,0.000000
3:02:45,34900,100000,0.101277,0.103429,0.020633,0.094580,0.106584,0.021439,0.156119,0.016693,9.134587,0.010907,0.011151,0.053933,0.000576,0.149463,0.190025,2.818616,0.010675,0.010685,0.154428,0.000533,0.000000,0.100000,0.000000
3:03:22,35000,100000,0.088456,0.077165,0.052037,0.084841,0.090878,0.030915,0.245101,0.000126,12.815207,0.009982,0.009713,0.068239,0.000708,0.199397,0.000054,7.978085,0.009145,0.008722,0.607506,0.000668,0.000000,0.100000,0.000000
3:04:14,35100,100000,0.119831,0.091192,0.026518,0.091731,0.126533,0.023011,0.155296,0.000247,10.327357,0.010331,0.010288,0.064087,0.000672,0.135304,0.001615,6.178729,0.010205,0.010099,0.117138,0.000231,0.000000,0.100000,0.000000
3:04:51,35200,100000,0.070686,0.032773,0.041440,0.051489,0.034325,0.020006,0.328747,0.049636,12.154105,0.013537,0.014450,0.065928,0.000680,0.298816,0.000211,7.193730,0.012317,0.012721,1.876188,0.000173,0.000000,0.100000,0.000000
3:05:28,35300,100000,0.098597,0.104613,0.015865,0.091147,0.117423,0.016505,0.156215,0.000043,6.870463,0.010289,0.010547,0.071302,0.000669,0.134951,0.374508,3.418334,0.010256,0.010429,0.061714,0.000339,0.000000,0.100000,0.000000
3:06:05,35400,100000,0.115811,0.118661,0.011642,0.110329,0.100324,0.012274,0.166904,7.092267,12.348475,0.007738,0.008298,0.056773,0.000577,0.159956,0.931001,3.221843,0.007716,0.008761,0.549067,0.000691,0.000000,0.100000,0.000000
3:06:42,35500,100000,0.114578,0.088614,0.014696,0.114160,0.119694,0.016429,0.180292,0.000007,13.482450,0.008019,0.008284,0.062554,0.000583,0.138969,0.000001,2.745388,0.007803,0.007840,0.074138,0.000398,0.000000,0.100000,0.000000
3:07:32,35600,100000,0.104214,0.102799,0.016249,0.100600,0.110836,0.016562,0.161868,0.001985,6.406244,0.009973,0.010006,0.062124,0.000521,0.146491,0.000751,7.061810,0.009903,0.009792,0.046934,0.000056,0.000000,0.100000,0.000000
3:08:09,35700,100000,0.078808,0.117853,0.031895,0.081066,0.110491,0.022605,0.153520,0.000001,7.105560,0.012543,0.012510,0.060353,0.000573,0.149839,0.023477,7.834945,0.012171,0.011880,0.138075,0.000152,0.000000,0.100000,0.000000
3:08:46,35800,100000,0.091810,0.113680,0.046486,0.093528,0.119127,0.023658,0.148943,0.000002,9.332598,0.008706,0.008313,0.061243,0.000646,0.131921,0.000153,5.563845,0.008416,0.007604,0.100656,0.000265,0.000000,0.100000,0.000000
3:09:47,35900,100000,0.084575,0.099377,0.026535,0.087662,0.121837,0.033012,0.183968,11.328297,12.509812,0.012394,0.012252,0.052553,0.000497,0.139319,7.674054,5.490669,0.012660,0.013248,0.308173,0.000739,0.000000,0.100000,0.000000
3:10:24,36000,100000,0.094633,0.078338,0.018605,0.095427,0.099184,0.021298,0.210724,0.000545,8.791750,0.011623,0.011761,0.060451,0.000637,0.159002,0.000542,6.347638,0.011084,0.010905,0.832175,0.000136,0.000000,0.100000,0.000000
3:19:20,36100,100000,0.110696,0.089218,0.025335,0.102759,0.113220,0.024961,0.174656,0.000003,12.432487,0.009413,0.009718,0.055012,0.000721,0.146565,0.000002,6.978325,0.009573,0.009065,0.042081,0.000627,0.000000,0.100000,0.000000
3:19:57,36200,100000,0.103332,0.062048,0.012660,0.090447,0.078968,0.013225,0.283276,0.066728,14.231298,0.008357,0.008138,0.057131,0.000581,0.216799,0.000205,4.696615,0.008498,0.008105,0.059381,0.000316,0.000000,0.100000,0.000000
3:20:35,36300,100000,0.091979,0.105426,0.018852,0.097475,0.119395,0.023015,0.159025,0.901705,12.842340,0.009447,0.009463,0.056845,0.000579,0.130343,0.000011,6.961078,0.009321,0.009224,0.104483,0.000192,0.000000,0.100000,0.000000
3:21:12,36400,100000,0.124709,0.093962,0.011508,0.113624,0.105679,0.010227,0.148211,0.000001,15.932039,0.006995,0.007097,0.070074,0.000691,0.144116,0.000127,9.051999,0.007222,0.006845,0.055408,0.000173,0.000000,0.100000,0.000000
3:21:49,36500,100000,0.108376,0.104052,0.011227,0.108611,0.119323,0.012882,0.190424,0.000007,11.046001,0.007309,0.007192,0.063761,0.000519,0.145251,0.005502,2.527186,0.007291,0.006998,0.054009,0.000675,0.000000,0.100000,0.000000
3:22:41,36600,100000,0.101189,0.100841,0.022202,0.086920,0.121881,0.016371,0.168710,0.000508,7.423356,0.010108,0.010060,0.054768,0.000539,0.141810,0.010941,2.236220,0.010027,0.009909,0.088023,0.000395,0.000000,0.100000,0.000000
3:23:18,36700,100000,0.082555,0.128433,0.012411,0.085802,0.105109,0.008679,0.166945,0.000055,8.747298,0.010153,0.011408,0.056074,0.000626,0.155407,0.000000,3.122677,0.009479,0.009709,0.533172,0.000329,0.000000,0.100000,0.000000
